
*** src/flatten_json.rs:165:9: replace FlattenJsonState::flatten -> Result<&mut[Field<'a>], QuaminaError> with Ok(Vec::leak(Vec::new()))

*** mutation diff:
--- src/flatten_json.rs
+++ replace FlattenJsonState::flatten -> Result<&mut[Field<'a>], QuaminaError> with Ok(Vec::leak(Vec::new()))
@@ -157,39 +157,17 @@
     ///
     /// This is the primary API for high-performance event processing.
     /// The state is automatically reset before each call.
     pub fn flatten<'a>(
         &mut self,
         event: &'a [u8],
         tree: &SegmentsTree,
     ) -> Result<&mut [Field<'a>], QuaminaError> {
-        self.reset();
-
-        let mut ctx = FlattenContext {
-            event,
-            index: 0,
-            fields: &mut self.fields,
-            skipping: 0,
-            array_trail: &mut self.array_trail,
-            array_count: 0,
-        };
-
-        ctx.flatten_impl(tree)?;
-
-        // SAFETY: The Fields in self.fields contain borrows from `event` which has lifetime 'a.
-        // We store them with 'static lifetime internally, but return a slice with the correct
-        // 'a lifetime. This is safe because:
-        // 1. We cleared the vec at the start, so all borrows are from this event
-        // 2. The returned mutable slice borrows self, preventing concurrent flatten calls
-        // 3. The caller cannot use the slice after event is dropped (enforced by 'a)
-        let fields_slice: &mut [Field<'a>] =
-            unsafe { std::mem::transmute(self.fields.as_mut_slice()) };
-
-        Ok(fields_slice)
+        Ok(Vec::leak(Vec::new())) /* ~ changed by cargo-mutants ~ */
     }
 }
 
 /// Internal context for a single flatten operation.
 /// Borrows the reusable fields vec and array_trail from FlattenJsonState.
 struct FlattenContext<'a, 'b> {
     event: &'a [u8],
     index: usize,


*** /Users/rishibaldawa/.rustup/toolchains/stable-aarch64-apple-darwin/bin/cargo test --no-run --profile=mutants --verbose --package=quamina@0.4.3
       Fresh cfg-if v1.0.4
       Fresh unicode-ident v1.0.22
       Fresh memchr v2.7.6
       Fresh autocfg v1.5.0
       Fresh shlex v1.3.0
       Fresh find-msvc-tools v0.1.9
       Fresh proc-macro2 v1.0.105
       Fresh cc v1.2.55
       Fresh adler2 v2.0.1
       Fresh scopeguard v1.2.0
       Fresh quote v1.0.43
       Fresh libc v0.2.180
       Fresh serde_core v1.0.228
       Fresh crossbeam-utils v0.8.21
       Fresh zmij v1.0.15
       Fresh itoa v1.0.17
       Fresh either v1.15.0
       Fresh smallvec v1.15.1
       Fresh simd-adler32 v0.3.8
       Fresh lock_api v0.4.14
       Fresh syn v2.0.114
       Fresh crossbeam-epoch v0.9.18
       Fresh serde_json v1.0.149
       Fresh miniz_oxide v0.8.9
       Fresh parking_lot_core v0.9.12
       Fresh aho-corasick v1.1.4
       Fresh ciborium-io v0.2.2
       Fresh rand_core v0.10.0
       Fresh anstyle v1.0.13
       Fresh regex-syntax v0.8.8
       Fresh gimli v0.32.3
       Fresh serde_derive v1.0.228
       Fresh zerocopy-derive v0.8.33
       Fresh crossbeam-deque v0.8.6
       Fresh plotters-backend v0.3.7
       Fresh clap_lex v0.7.7
       Fresh rustversion v1.0.22
       Fresh addr2line v0.25.1
       Fresh parking_lot v0.12.5
       Fresh regex-automata v0.4.13
       Fresh object v0.37.3
       Fresh itertools v0.13.0
       Fresh num-traits v0.2.19
       Fresh serde v1.0.228
       Fresh zerocopy v0.8.33
       Fresh plotters-svg v0.3.7
       Fresh clap_builder v4.5.54
       Fresh rayon-core v1.13.0
       Fresh cast v0.3.0
       Fresh rustc-demangle v0.1.27
       Fresh same-file v1.0.6
       Fresh arc-swap v1.8.0
       Fresh alloca v0.4.0
       Fresh getrandom v0.4.1
       Fresh regex v1.12.2
       Fresh chacha20 v0.10.0
       Fresh half v2.7.1
       Fresh backtrace v0.3.76
       Fresh tinytemplate v1.2.1
       Fresh clap v4.5.54
       Fresh rayon v1.11.0
       Fresh walkdir v2.5.0
       Fresh criterion-plot v0.8.1
       Fresh crc32fast v1.5.0
       Fresh plotters v0.3.7
       Fresh page_size v0.6.0
       Fresh oorandom v11.1.5
       Fresh anes v0.1.6
       Fresh thousands v0.2.0
       Fresh lazy_static v1.5.0
       Fresh ciborium-ll v0.2.2
       Fresh fast-float2 v0.2.3
       Fresh mintex v0.1.4
       Fresh rustc-hash v2.1.1
       Fresh rustc-hash v1.1.0
       Fresh flate2 v1.1.8
       Fresh cargo-husky v1.5.0
       Fresh rand v0.10.0
       Fresh ciborium v0.2.2
       Fresh dhat v0.3.3
       Dirty quamina v0.4.3 (/private/var/folders/zq/scmzs54x2md07_wwgys92v840000gn/T/cargo-mutants-quamina-rs-SYx2RG.tmp): the file `src/flatten_json.rs` has changed (1773795244.657853842s, 2m 1s after last build at 1773795123.635312210s)
   Compiling quamina v0.4.3 (/private/var/folders/zq/scmzs54x2md07_wwgys92v840000gn/T/cargo-mutants-quamina-rs-SYx2RG.tmp)
       Fresh criterion v0.8.1
     Running `/Users/rishibaldawa/.rustup/toolchains/stable-aarch64-apple-darwin/bin/rustc --crate-name quamina --edition=2021 src/lib.rs --error-format=json --json=diagnostic-rendered-ansi,artifacts,future-incompat --emit=dep-info,link -C embed-bitcode=no '--warn=clippy::perf' '--warn=clippy::use_self' '--warn=clippy::unused_peekable' --warn=unsafe_code --warn=unexpected_cfgs '--warn=clippy::undocumented_unsafe_blocks' '--warn=clippy::transmute_ptr_to_ptr' '--warn=clippy::redundant_clone' '--warn=clippy::or_fun_call' '--warn=clippy::equatable_if_let' '--warn=clippy::derive_partial_eq_without_eq' '--warn=clippy::branches_sharing_code' --check-cfg 'cfg(kani)' --test --check-cfg 'cfg(docsrs,test)' --check-cfg 'cfg(feature, values("dhat-heap"))' -C metadata=8daadff97ac78112 -C extra-filename=-137b7d067facf300 --out-dir /private/var/folders/zq/scmzs54x2md07_wwgys92v840000gn/T/cargo-mutants-quamina-rs-SYx2RG.tmp/target/mutants/deps -C incremental=/private/var/folders/zq/scmzs54x2md07_wwgys92v840000gn/T/cargo-mutants-quamina-rs-SYx2RG.tmp/target/mutants/incremental -C strip=debuginfo -L dependency=/private/var/folders/zq/scmzs54x2md07_wwgys92v840000gn/T/cargo-mutants-quamina-rs-SYx2RG.tmp/target/mutants/deps --extern arc_swap=/private/var/folders/zq/scmzs54x2md07_wwgys92v840000gn/T/cargo-mutants-quamina-rs-SYx2RG.tmp/target/mutants/deps/libarc_swap-8dc94c7baf7d6503.rlib --extern cargo_husky=/private/var/folders/zq/scmzs54x2md07_wwgys92v840000gn/T/cargo-mutants-quamina-rs-SYx2RG.tmp/target/mutants/deps/libcargo_husky-959d622cb0e854bd.rlib --extern criterion=/private/var/folders/zq/scmzs54x2md07_wwgys92v840000gn/T/cargo-mutants-quamina-rs-SYx2RG.tmp/target/mutants/deps/libcriterion-5d01252276bfc921.rlib --extern dhat=/private/var/folders/zq/scmzs54x2md07_wwgys92v840000gn/T/cargo-mutants-quamina-rs-SYx2RG.tmp/target/mutants/deps/libdhat-be327f7d283e6040.rlib --extern fast_float2=/private/var/folders/zq/scmzs54x2md07_wwgys92v840000gn/T/cargo-mutants-quamina-rs-SYx2RG.tmp/target/mutants/deps/libfast_float2-ab4bcc5370fb9d9d.rlib --extern flate2=/private/var/folders/zq/scmzs54x2md07_wwgys92v840000gn/T/cargo-mutants-quamina-rs-SYx2RG.tmp/target/mutants/deps/libflate2-770fd3ea371cf479.rlib --extern memchr=/private/var/folders/zq/scmzs54x2md07_wwgys92v840000gn/T/cargo-mutants-quamina-rs-SYx2RG.tmp/target/mutants/deps/libmemchr-fad7cfa0ce919f3e.rlib --extern parking_lot=/private/var/folders/zq/scmzs54x2md07_wwgys92v840000gn/T/cargo-mutants-quamina-rs-SYx2RG.tmp/target/mutants/deps/libparking_lot-ea040230acb2cfe8.rlib --extern rand=/private/var/folders/zq/scmzs54x2md07_wwgys92v840000gn/T/cargo-mutants-quamina-rs-SYx2RG.tmp/target/mutants/deps/librand-d62286a2584f1923.rlib --extern regex=/private/var/folders/zq/scmzs54x2md07_wwgys92v840000gn/T/cargo-mutants-quamina-rs-SYx2RG.tmp/target/mutants/deps/libregex-143ef4a17e2e5f75.rlib --extern rustc_hash=/private/var/folders/zq/scmzs54x2md07_wwgys92v840000gn/T/cargo-mutants-quamina-rs-SYx2RG.tmp/target/mutants/deps/librustc_hash-475025c22853c846.rlib --extern smallvec=/private/var/folders/zq/scmzs54x2md07_wwgys92v840000gn/T/cargo-mutants-quamina-rs-SYx2RG.tmp/target/mutants/deps/libsmallvec-aef4c19c0cf1c118.rlib -L native=/private/var/folders/zq/scmzs54x2md07_wwgys92v840000gn/T/cargo-mutants-quamina-rs-SYx2RG.tmp/target/mutants/build/alloca-02cacc78a7329cb4/out`
     Running `/Users/rishibaldawa/.rustup/toolchains/stable-aarch64-apple-darwin/bin/rustc --crate-name quamina --edition=2021 src/lib.rs --error-format=json --json=diagnostic-rendered-ansi,artifacts,future-incompat --crate-type lib --emit=dep-info,metadata,link -C embed-bitcode=no '--warn=clippy::perf' '--warn=clippy::use_self' '--warn=clippy::unused_peekable' --warn=unsafe_code --warn=unexpected_cfgs '--warn=clippy::undocumented_unsafe_blocks' '--warn=clippy::transmute_ptr_to_ptr' '--warn=clippy::redundant_clone' '--warn=clippy::or_fun_call' '--warn=clippy::equatable_if_let' '--warn=clippy::derive_partial_eq_without_eq' '--warn=clippy::branches_sharing_code' --check-cfg 'cfg(kani)' --check-cfg 'cfg(docsrs,test)' --check-cfg 'cfg(feature, values("dhat-heap"))' -C metadata=7632b1bb87c843c6 -C extra-filename=-28509fa74a3a2eed --out-dir /private/var/folders/zq/scmzs54x2md07_wwgys92v840000gn/T/cargo-mutants-quamina-rs-SYx2RG.tmp/target/mutants/deps -C incremental=/private/var/folders/zq/scmzs54x2md07_wwgys92v840000gn/T/cargo-mutants-quamina-rs-SYx2RG.tmp/target/mutants/incremental -C strip=debuginfo -L dependency=/private/var/folders/zq/scmzs54x2md07_wwgys92v840000gn/T/cargo-mutants-quamina-rs-SYx2RG.tmp/target/mutants/deps --extern arc_swap=/private/var/folders/zq/scmzs54x2md07_wwgys92v840000gn/T/cargo-mutants-quamina-rs-SYx2RG.tmp/target/mutants/deps/libarc_swap-8dc94c7baf7d6503.rmeta --extern fast_float2=/private/var/folders/zq/scmzs54x2md07_wwgys92v840000gn/T/cargo-mutants-quamina-rs-SYx2RG.tmp/target/mutants/deps/libfast_float2-ab4bcc5370fb9d9d.rmeta --extern memchr=/private/var/folders/zq/scmzs54x2md07_wwgys92v840000gn/T/cargo-mutants-quamina-rs-SYx2RG.tmp/target/mutants/deps/libmemchr-fad7cfa0ce919f3e.rmeta --extern parking_lot=/private/var/folders/zq/scmzs54x2md07_wwgys92v840000gn/T/cargo-mutants-quamina-rs-SYx2RG.tmp/target/mutants/deps/libparking_lot-ea040230acb2cfe8.rmeta --extern rustc_hash=/private/var/folders/zq/scmzs54x2md07_wwgys92v840000gn/T/cargo-mutants-quamina-rs-SYx2RG.tmp/target/mutants/deps/librustc_hash-475025c22853c846.rmeta --extern smallvec=/private/var/folders/zq/scmzs54x2md07_wwgys92v840000gn/T/cargo-mutants-quamina-rs-SYx2RG.tmp/target/mutants/deps/libsmallvec-aef4c19c0cf1c118.rmeta`
warning: unused variable: `event`
   --> src/flatten_json.rs:162:9
    |
162 |         event: &'a [u8],
    |         ^^^^^ help: if this is intentional, prefix it with an underscore: `_event`
    |
    = note: `#[warn(unused_variables)]` (part of `#[warn(unused)]`) on by default

warning: unused variable: `tree`
   --> src/flatten_json.rs:163:9
    |
163 |         tree: &SegmentsTree,
    |         ^^^^ help: if this is intentional, prefix it with an underscore: `_tree`

warning: enum `MemberName` is never used
  --> src/flatten_json.rs:88:6
   |
88 | enum MemberName<'a> {
   |      ^^^^^^^^^^
   |
   = note: `#[warn(dead_code)]` (part of `#[warn(unused)]`) on by default

warning: method `as_bytes` is never used
  --> src/flatten_json.rs:94:8
   |
93 | impl MemberName<'_> {
   | ------------------- method in this implementation
94 |     fn as_bytes(&self) -> &[u8] {
   |        ^^^^^^^^

warning: fields `array_trail` and `fields` are never read
   --> src/flatten_json.rs:119:5
    |
117 | pub struct FlattenJsonState {
    |            ---------------- fields in this struct
118 |     /// Working array position trail (reused between calls)
119 |     array_trail: ArrayTrailVec,
    |     ^^^^^^^^^^^
...
126 |     fields: Vec<Field<'static>>,
    |     ^^^^^^

warning: method `reset` is never used
   --> src/flatten_json.rs:147:8
    |
135 | impl FlattenJsonState {
    | --------------------- method in this implementation
...
147 |     fn reset(&mut self) {
    |        ^^^^^

warning: struct `FlattenContext` is never constructed
   --> src/flatten_json.rs:171:8
    |
171 | struct FlattenContext<'a, 'b> {
    |        ^^^^^^^^^^^^^^

warning: method `push_field` is never used
   --> src/flatten_json.rs:185:8
    |
182 | impl<'a> FlattenContext<'a, '_> {
    | ------------------------------- method in this implementation
...
185 |     fn push_field(&mut self, field: Field<'a>) {
    |        ^^^^^^^^^^

warning: multiple methods are never used
   --> src/flatten_json.rs:195:8
    |
194 | impl<'a> FlattenContext<'a, '_> {
    | ------------------------------- methods in this implementation
195 |     fn flatten_impl(&mut self, tree: &SegmentsTree) -> Result<(), QuaminaError> {
    |        ^^^^^^^^^^^^
...
234 |     fn read_object(&mut self, tree: &SegmentsTree) -> Result<(), FlattenError> {
    |        ^^^^^^^^^^^
...
442 |     fn read_array(
    |        ^^^^^^^^^^
...
563 |     fn leave_object(&mut self) -> Result<(), FlattenError> {
    |        ^^^^^^^^^^^^
...
581 |     fn skip_block(&mut self, open: u8, close: u8) -> Result<(), FlattenError> {
    |        ^^^^^^^^^^
...
606 |     fn skip_string_value(&mut self) -> Result<(), FlattenError> {
    |        ^^^^^^^^^^^^^^^^^
...
633 |     fn read_member_name(&mut self) -> Result<MemberName<'a>, FlattenError> {
    |        ^^^^^^^^^^^^^^^^
...
658 |     fn read_member_name_with_escapes(
    |        ^^^^^^^^^^^^^^^^^^^^^^^^^^^^^
...
737 |     fn read_string_value(&mut self) -> Result<FieldValue<'a>, FlattenError> {
    |        ^^^^^^^^^^^^^^^^^
...
760 |     fn read_string_with_escapes(
    |        ^^^^^^^^^^^^^^^^^^^^^^^^
...
840 |     fn read_hex_4(&mut self) -> Result<u32, FlattenError> {
    |        ^^^^^^^^^^
...
864 |     fn read_number(&mut self) -> Result<FieldValue<'a>, FlattenError> {
    |        ^^^^^^^^^^^
...
927 |     fn read_literal(&mut self, expected: &[u8]) -> Result<(), FlattenError> {
    |        ^^^^^^^^^^^^
...
940 |     fn ch(&self) -> u8 {
    |        ^^
...
946 |     fn step(&mut self) -> Result<(), FlattenError> {
    |        ^^^^
...
956 |     fn enter_array(&mut self) {
    |        ^^^^^^^^^^^
...
965 |     fn leave_array(&mut self) {
    |        ^^^^^^^^^^^
...
970 |     fn step_array_element(&mut self) {
    |        ^^^^^^^^^^^^^^^^^^
...
977 |     fn error(&self, message: &str) -> QuaminaError {
    |        ^^^^^

warning: enum `ObjectState` is never used
   --> src/flatten_json.rs:998:6
    |
998 | enum ObjectState {
    |      ^^^^^^^^^^^

warning: enum `ArrayState` is never used
    --> src/flatten_json.rs:1006:6
     |
1006 | enum ArrayState {
     |      ^^^^^^^^^^

warning: enum `FlattenError` is never used
    --> src/flatten_json.rs:1011:6
     |
1011 | enum FlattenError {
     |      ^^^^^^^^^^^^

warning: constant `IS_WHITESPACE` is never used
    --> src/flatten_json.rs:1024:7
     |
1024 | const IS_WHITESPACE: [bool; 256] = {
     |       ^^^^^^^^^^^^^

warning: function `is_whitespace` is never used
    --> src/flatten_json.rs:1034:4
     |
1034 | fn is_whitespace(b: u8) -> bool {
     |    ^^^^^^^^^^^^^

warning: `quamina` (lib) generated 14 warnings (run `cargo fix --lib -p quamina` to apply 2 suggestions)
     Running `/Users/rishibaldawa/.rustup/toolchains/stable-aarch64-apple-darwin/bin/rustc --crate-name smoke --edition=2021 examples/smoke.rs --error-format=json --json=diagnostic-rendered-ansi,artifacts,future-incompat --crate-type bin --emit=dep-info,link -C embed-bitcode=no '--warn=clippy::perf' '--warn=clippy::use_self' '--warn=clippy::unused_peekable' --warn=unsafe_code --warn=unexpected_cfgs '--warn=clippy::undocumented_unsafe_blocks' '--warn=clippy::transmute_ptr_to_ptr' '--warn=clippy::redundant_clone' '--warn=clippy::or_fun_call' '--warn=clippy::equatable_if_let' '--warn=clippy::derive_partial_eq_without_eq' '--warn=clippy::branches_sharing_code' --check-cfg 'cfg(kani)' --check-cfg 'cfg(docsrs,test)' --check-cfg 'cfg(feature, values("dhat-heap"))' -C metadata=9e01bfaade60c5a3 -C extra-filename=-4836a85ebcf42562 --out-dir /private/var/folders/zq/scmzs54x2md07_wwgys92v840000gn/T/cargo-mutants-quamina-rs-SYx2RG.tmp/target/mutants/examples -C incremental=/private/var/folders/zq/scmzs54x2md07_wwgys92v840000gn/T/cargo-mutants-quamina-rs-SYx2RG.tmp/target/mutants/incremental -C strip=debuginfo -L dependency=/private/var/folders/zq/scmzs54x2md07_wwgys92v840000gn/T/cargo-mutants-quamina-rs-SYx2RG.tmp/target/mutants/deps --extern arc_swap=/private/var/folders/zq/scmzs54x2md07_wwgys92v840000gn/T/cargo-mutants-quamina-rs-SYx2RG.tmp/target/mutants/deps/libarc_swap-8dc94c7baf7d6503.rlib --extern cargo_husky=/private/var/folders/zq/scmzs54x2md07_wwgys92v840000gn/T/cargo-mutants-quamina-rs-SYx2RG.tmp/target/mutants/deps/libcargo_husky-959d622cb0e854bd.rlib --extern criterion=/private/var/folders/zq/scmzs54x2md07_wwgys92v840000gn/T/cargo-mutants-quamina-rs-SYx2RG.tmp/target/mutants/deps/libcriterion-5d01252276bfc921.rlib --extern dhat=/private/var/folders/zq/scmzs54x2md07_wwgys92v840000gn/T/cargo-mutants-quamina-rs-SYx2RG.tmp/target/mutants/deps/libdhat-be327f7d283e6040.rlib --extern fast_float2=/private/var/folders/zq/scmzs54x2md07_wwgys92v840000gn/T/cargo-mutants-quamina-rs-SYx2RG.tmp/target/mutants/deps/libfast_float2-ab4bcc5370fb9d9d.rlib --extern flate2=/private/var/folders/zq/scmzs54x2md07_wwgys92v840000gn/T/cargo-mutants-quamina-rs-SYx2RG.tmp/target/mutants/deps/libflate2-770fd3ea371cf479.rlib --extern memchr=/private/var/folders/zq/scmzs54x2md07_wwgys92v840000gn/T/cargo-mutants-quamina-rs-SYx2RG.tmp/target/mutants/deps/libmemchr-fad7cfa0ce919f3e.rlib --extern parking_lot=/private/var/folders/zq/scmzs54x2md07_wwgys92v840000gn/T/cargo-mutants-quamina-rs-SYx2RG.tmp/target/mutants/deps/libparking_lot-ea040230acb2cfe8.rlib --extern quamina=/private/var/folders/zq/scmzs54x2md07_wwgys92v840000gn/T/cargo-mutants-quamina-rs-SYx2RG.tmp/target/mutants/deps/libquamina-28509fa74a3a2eed.rlib --extern rand=/private/var/folders/zq/scmzs54x2md07_wwgys92v840000gn/T/cargo-mutants-quamina-rs-SYx2RG.tmp/target/mutants/deps/librand-d62286a2584f1923.rlib --extern regex=/private/var/folders/zq/scmzs54x2md07_wwgys92v840000gn/T/cargo-mutants-quamina-rs-SYx2RG.tmp/target/mutants/deps/libregex-143ef4a17e2e5f75.rlib --extern rustc_hash=/private/var/folders/zq/scmzs54x2md07_wwgys92v840000gn/T/cargo-mutants-quamina-rs-SYx2RG.tmp/target/mutants/deps/librustc_hash-475025c22853c846.rlib --extern smallvec=/private/var/folders/zq/scmzs54x2md07_wwgys92v840000gn/T/cargo-mutants-quamina-rs-SYx2RG.tmp/target/mutants/deps/libsmallvec-aef4c19c0cf1c118.rlib -L native=/private/var/folders/zq/scmzs54x2md07_wwgys92v840000gn/T/cargo-mutants-quamina-rs-SYx2RG.tmp/target/mutants/build/alloca-02cacc78a7329cb4/out`
     Running `/Users/rishibaldawa/.rustup/toolchains/stable-aarch64-apple-darwin/bin/rustc --crate-name profile_shellstyle --edition=2021 examples/profile_shellstyle.rs --error-format=json --json=diagnostic-rendered-ansi,artifacts,future-incompat --crate-type bin --emit=dep-info,link -C embed-bitcode=no '--warn=clippy::perf' '--warn=clippy::use_self' '--warn=clippy::unused_peekable' --warn=unsafe_code --warn=unexpected_cfgs '--warn=clippy::undocumented_unsafe_blocks' '--warn=clippy::transmute_ptr_to_ptr' '--warn=clippy::redundant_clone' '--warn=clippy::or_fun_call' '--warn=clippy::equatable_if_let' '--warn=clippy::derive_partial_eq_without_eq' '--warn=clippy::branches_sharing_code' --check-cfg 'cfg(kani)' --check-cfg 'cfg(docsrs,test)' --check-cfg 'cfg(feature, values("dhat-heap"))' -C metadata=b090ced4cf867fae -C extra-filename=-f05994167a64dd15 --out-dir /private/var/folders/zq/scmzs54x2md07_wwgys92v840000gn/T/cargo-mutants-quamina-rs-SYx2RG.tmp/target/mutants/examples -C incremental=/private/var/folders/zq/scmzs54x2md07_wwgys92v840000gn/T/cargo-mutants-quamina-rs-SYx2RG.tmp/target/mutants/incremental -C strip=debuginfo -L dependency=/private/var/folders/zq/scmzs54x2md07_wwgys92v840000gn/T/cargo-mutants-quamina-rs-SYx2RG.tmp/target/mutants/deps --extern arc_swap=/private/var/folders/zq/scmzs54x2md07_wwgys92v840000gn/T/cargo-mutants-quamina-rs-SYx2RG.tmp/target/mutants/deps/libarc_swap-8dc94c7baf7d6503.rlib --extern cargo_husky=/private/var/folders/zq/scmzs54x2md07_wwgys92v840000gn/T/cargo-mutants-quamina-rs-SYx2RG.tmp/target/mutants/deps/libcargo_husky-959d622cb0e854bd.rlib --extern criterion=/private/var/folders/zq/scmzs54x2md07_wwgys92v840000gn/T/cargo-mutants-quamina-rs-SYx2RG.tmp/target/mutants/deps/libcriterion-5d01252276bfc921.rlib --extern dhat=/private/var/folders/zq/scmzs54x2md07_wwgys92v840000gn/T/cargo-mutants-quamina-rs-SYx2RG.tmp/target/mutants/deps/libdhat-be327f7d283e6040.rlib --extern fast_float2=/private/var/folders/zq/scmzs54x2md07_wwgys92v840000gn/T/cargo-mutants-quamina-rs-SYx2RG.tmp/target/mutants/deps/libfast_float2-ab4bcc5370fb9d9d.rlib --extern flate2=/private/var/folders/zq/scmzs54x2md07_wwgys92v840000gn/T/cargo-mutants-quamina-rs-SYx2RG.tmp/target/mutants/deps/libflate2-770fd3ea371cf479.rlib --extern memchr=/private/var/folders/zq/scmzs54x2md07_wwgys92v840000gn/T/cargo-mutants-quamina-rs-SYx2RG.tmp/target/mutants/deps/libmemchr-fad7cfa0ce919f3e.rlib --extern parking_lot=/private/var/folders/zq/scmzs54x2md07_wwgys92v840000gn/T/cargo-mutants-quamina-rs-SYx2RG.tmp/target/mutants/deps/libparking_lot-ea040230acb2cfe8.rlib --extern quamina=/private/var/folders/zq/scmzs54x2md07_wwgys92v840000gn/T/cargo-mutants-quamina-rs-SYx2RG.tmp/target/mutants/deps/libquamina-28509fa74a3a2eed.rlib --extern rand=/private/var/folders/zq/scmzs54x2md07_wwgys92v840000gn/T/cargo-mutants-quamina-rs-SYx2RG.tmp/target/mutants/deps/librand-d62286a2584f1923.rlib --extern regex=/private/var/folders/zq/scmzs54x2md07_wwgys92v840000gn/T/cargo-mutants-quamina-rs-SYx2RG.tmp/target/mutants/deps/libregex-143ef4a17e2e5f75.rlib --extern rustc_hash=/private/var/folders/zq/scmzs54x2md07_wwgys92v840000gn/T/cargo-mutants-quamina-rs-SYx2RG.tmp/target/mutants/deps/librustc_hash-475025c22853c846.rlib --extern smallvec=/private/var/folders/zq/scmzs54x2md07_wwgys92v840000gn/T/cargo-mutants-quamina-rs-SYx2RG.tmp/target/mutants/deps/libsmallvec-aef4c19c0cf1c118.rlib -L native=/private/var/folders/zq/scmzs54x2md07_wwgys92v840000gn/T/cargo-mutants-quamina-rs-SYx2RG.tmp/target/mutants/build/alloca-02cacc78a7329cb4/out`
     Running `/Users/rishibaldawa/.rustup/toolchains/stable-aarch64-apple-darwin/bin/rustc --crate-name profile_citylots --edition=2021 examples/profile_citylots.rs --error-format=json --json=diagnostic-rendered-ansi,artifacts,future-incompat --crate-type bin --emit=dep-info,link -C embed-bitcode=no '--warn=clippy::perf' '--warn=clippy::use_self' '--warn=clippy::unused_peekable' --warn=unsafe_code --warn=unexpected_cfgs '--warn=clippy::undocumented_unsafe_blocks' '--warn=clippy::transmute_ptr_to_ptr' '--warn=clippy::redundant_clone' '--warn=clippy::or_fun_call' '--warn=clippy::equatable_if_let' '--warn=clippy::derive_partial_eq_without_eq' '--warn=clippy::branches_sharing_code' --check-cfg 'cfg(kani)' --check-cfg 'cfg(docsrs,test)' --check-cfg 'cfg(feature, values("dhat-heap"))' -C metadata=981009bbc3295b3e -C extra-filename=-86163ab00eefc0b6 --out-dir /private/var/folders/zq/scmzs54x2md07_wwgys92v840000gn/T/cargo-mutants-quamina-rs-SYx2RG.tmp/target/mutants/examples -C incremental=/private/var/folders/zq/scmzs54x2md07_wwgys92v840000gn/T/cargo-mutants-quamina-rs-SYx2RG.tmp/target/mutants/incremental -C strip=debuginfo -L dependency=/private/var/folders/zq/scmzs54x2md07_wwgys92v840000gn/T/cargo-mutants-quamina-rs-SYx2RG.tmp/target/mutants/deps --extern arc_swap=/private/var/folders/zq/scmzs54x2md07_wwgys92v840000gn/T/cargo-mutants-quamina-rs-SYx2RG.tmp/target/mutants/deps/libarc_swap-8dc94c7baf7d6503.rlib --extern cargo_husky=/private/var/folders/zq/scmzs54x2md07_wwgys92v840000gn/T/cargo-mutants-quamina-rs-SYx2RG.tmp/target/mutants/deps/libcargo_husky-959d622cb0e854bd.rlib --extern criterion=/private/var/folders/zq/scmzs54x2md07_wwgys92v840000gn/T/cargo-mutants-quamina-rs-SYx2RG.tmp/target/mutants/deps/libcriterion-5d01252276bfc921.rlib --extern dhat=/private/var/folders/zq/scmzs54x2md07_wwgys92v840000gn/T/cargo-mutants-quamina-rs-SYx2RG.tmp/target/mutants/deps/libdhat-be327f7d283e6040.rlib --extern fast_float2=/private/var/folders/zq/scmzs54x2md07_wwgys92v840000gn/T/cargo-mutants-quamina-rs-SYx2RG.tmp/target/mutants/deps/libfast_float2-ab4bcc5370fb9d9d.rlib --extern flate2=/private/var/folders/zq/scmzs54x2md07_wwgys92v840000gn/T/cargo-mutants-quamina-rs-SYx2RG.tmp/target/mutants/deps/libflate2-770fd3ea371cf479.rlib --extern memchr=/private/var/folders/zq/scmzs54x2md07_wwgys92v840000gn/T/cargo-mutants-quamina-rs-SYx2RG.tmp/target/mutants/deps/libmemchr-fad7cfa0ce919f3e.rlib --extern parking_lot=/private/var/folders/zq/scmzs54x2md07_wwgys92v840000gn/T/cargo-mutants-quamina-rs-SYx2RG.tmp/target/mutants/deps/libparking_lot-ea040230acb2cfe8.rlib --extern quamina=/private/var/folders/zq/scmzs54x2md07_wwgys92v840000gn/T/cargo-mutants-quamina-rs-SYx2RG.tmp/target/mutants/deps/libquamina-28509fa74a3a2eed.rlib --extern rand=/private/var/folders/zq/scmzs54x2md07_wwgys92v840000gn/T/cargo-mutants-quamina-rs-SYx2RG.tmp/target/mutants/deps/librand-d62286a2584f1923.rlib --extern regex=/private/var/folders/zq/scmzs54x2md07_wwgys92v840000gn/T/cargo-mutants-quamina-rs-SYx2RG.tmp/target/mutants/deps/libregex-143ef4a17e2e5f75.rlib --extern rustc_hash=/private/var/folders/zq/scmzs54x2md07_wwgys92v840000gn/T/cargo-mutants-quamina-rs-SYx2RG.tmp/target/mutants/deps/librustc_hash-475025c22853c846.rlib --extern smallvec=/private/var/folders/zq/scmzs54x2md07_wwgys92v840000gn/T/cargo-mutants-quamina-rs-SYx2RG.tmp/target/mutants/deps/libsmallvec-aef4c19c0cf1c118.rlib -L native=/private/var/folders/zq/scmzs54x2md07_wwgys92v840000gn/T/cargo-mutants-quamina-rs-SYx2RG.tmp/target/mutants/build/alloca-02cacc78a7329cb4/out`
     Running `/Users/rishibaldawa/.rustup/toolchains/stable-aarch64-apple-darwin/bin/rustc --crate-name profile_pathological --edition=2021 examples/profile_pathological.rs --error-format=json --json=diagnostic-rendered-ansi,artifacts,future-incompat --crate-type bin --emit=dep-info,link -C embed-bitcode=no '--warn=clippy::perf' '--warn=clippy::use_self' '--warn=clippy::unused_peekable' --warn=unsafe_code --warn=unexpected_cfgs '--warn=clippy::undocumented_unsafe_blocks' '--warn=clippy::transmute_ptr_to_ptr' '--warn=clippy::redundant_clone' '--warn=clippy::or_fun_call' '--warn=clippy::equatable_if_let' '--warn=clippy::derive_partial_eq_without_eq' '--warn=clippy::branches_sharing_code' --check-cfg 'cfg(kani)' --check-cfg 'cfg(docsrs,test)' --check-cfg 'cfg(feature, values("dhat-heap"))' -C metadata=4ab4091f48300c18 -C extra-filename=-6843d868e4b50205 --out-dir /private/var/folders/zq/scmzs54x2md07_wwgys92v840000gn/T/cargo-mutants-quamina-rs-SYx2RG.tmp/target/mutants/examples -C incremental=/private/var/folders/zq/scmzs54x2md07_wwgys92v840000gn/T/cargo-mutants-quamina-rs-SYx2RG.tmp/target/mutants/incremental -C strip=debuginfo -L dependency=/private/var/folders/zq/scmzs54x2md07_wwgys92v840000gn/T/cargo-mutants-quamina-rs-SYx2RG.tmp/target/mutants/deps --extern arc_swap=/private/var/folders/zq/scmzs54x2md07_wwgys92v840000gn/T/cargo-mutants-quamina-rs-SYx2RG.tmp/target/mutants/deps/libarc_swap-8dc94c7baf7d6503.rlib --extern cargo_husky=/private/var/folders/zq/scmzs54x2md07_wwgys92v840000gn/T/cargo-mutants-quamina-rs-SYx2RG.tmp/target/mutants/deps/libcargo_husky-959d622cb0e854bd.rlib --extern criterion=/private/var/folders/zq/scmzs54x2md07_wwgys92v840000gn/T/cargo-mutants-quamina-rs-SYx2RG.tmp/target/mutants/deps/libcriterion-5d01252276bfc921.rlib --extern dhat=/private/var/folders/zq/scmzs54x2md07_wwgys92v840000gn/T/cargo-mutants-quamina-rs-SYx2RG.tmp/target/mutants/deps/libdhat-be327f7d283e6040.rlib --extern fast_float2=/private/var/folders/zq/scmzs54x2md07_wwgys92v840000gn/T/cargo-mutants-quamina-rs-SYx2RG.tmp/target/mutants/deps/libfast_float2-ab4bcc5370fb9d9d.rlib --extern flate2=/private/var/folders/zq/scmzs54x2md07_wwgys92v840000gn/T/cargo-mutants-quamina-rs-SYx2RG.tmp/target/mutants/deps/libflate2-770fd3ea371cf479.rlib --extern memchr=/private/var/folders/zq/scmzs54x2md07_wwgys92v840000gn/T/cargo-mutants-quamina-rs-SYx2RG.tmp/target/mutants/deps/libmemchr-fad7cfa0ce919f3e.rlib --extern parking_lot=/private/var/folders/zq/scmzs54x2md07_wwgys92v840000gn/T/cargo-mutants-quamina-rs-SYx2RG.tmp/target/mutants/deps/libparking_lot-ea040230acb2cfe8.rlib --extern quamina=/private/var/folders/zq/scmzs54x2md07_wwgys92v840000gn/T/cargo-mutants-quamina-rs-SYx2RG.tmp/target/mutants/deps/libquamina-28509fa74a3a2eed.rlib --extern rand=/private/var/folders/zq/scmzs54x2md07_wwgys92v840000gn/T/cargo-mutants-quamina-rs-SYx2RG.tmp/target/mutants/deps/librand-d62286a2584f1923.rlib --extern regex=/private/var/folders/zq/scmzs54x2md07_wwgys92v840000gn/T/cargo-mutants-quamina-rs-SYx2RG.tmp/target/mutants/deps/libregex-143ef4a17e2e5f75.rlib --extern rustc_hash=/private/var/folders/zq/scmzs54x2md07_wwgys92v840000gn/T/cargo-mutants-quamina-rs-SYx2RG.tmp/target/mutants/deps/librustc_hash-475025c22853c846.rlib --extern smallvec=/private/var/folders/zq/scmzs54x2md07_wwgys92v840000gn/T/cargo-mutants-quamina-rs-SYx2RG.tmp/target/mutants/deps/libsmallvec-aef4c19c0cf1c118.rlib -L native=/private/var/folders/zq/scmzs54x2md07_wwgys92v840000gn/T/cargo-mutants-quamina-rs-SYx2RG.tmp/target/mutants/build/alloca-02cacc78a7329cb4/out`
warning: `quamina` (lib test) generated 14 warnings (14 duplicates)
    Finished `mutants` profile [unoptimized] target(s) in 0.99s
  Executable `/private/var/folders/zq/scmzs54x2md07_wwgys92v840000gn/T/cargo-mutants-quamina-rs-SYx2RG.tmp/target/mutants/deps/quamina-137b7d067facf300`

*** result: Success

*** /Users/rishibaldawa/.rustup/toolchains/stable-aarch64-apple-darwin/bin/cargo test --profile=mutants --verbose --package=quamina@0.4.3 --all-targets
       Fresh cfg-if v1.0.4
       Fresh unicode-ident v1.0.22
       Fresh memchr v2.7.6
       Fresh autocfg v1.5.0
       Fresh shlex v1.3.0
       Fresh find-msvc-tools v0.1.9
       Fresh cc v1.2.55
       Fresh simd-adler32 v0.3.8
       Fresh either v1.15.0
       Fresh proc-macro2 v1.0.105
       Fresh libc v0.2.180
       Fresh serde_core v1.0.228
       Fresh crossbeam-utils v0.8.21
       Fresh zmij v1.0.15
       Fresh scopeguard v1.2.0
       Fresh smallvec v1.15.1
       Fresh itoa v1.0.17
       Fresh adler2 v2.0.1
       Fresh aho-corasick v1.1.4
       Fresh quote v1.0.43
       Fresh crossbeam-epoch v0.9.18
       Fresh miniz_oxide v0.8.9
       Fresh parking_lot_core v0.9.12
       Fresh serde_json v1.0.149
       Fresh lock_api v0.4.14
       Fresh anstyle v1.0.13
       Fresh plotters-backend v0.3.7
       Fresh clap_lex v0.7.7
       Fresh regex-syntax v0.8.8
       Fresh gimli v0.32.3
       Fresh rand_core v0.10.0
       Fresh syn v2.0.114
       Fresh crossbeam-deque v0.8.6
       Fresh ciborium-io v0.2.2
       Fresh plotters-svg v0.3.7
       Fresh addr2line v0.25.1
       Fresh regex-automata v0.4.13
       Fresh clap_builder v4.5.54
       Fresh rustversion v1.0.22
       Fresh parking_lot v0.12.5
       Fresh num-traits v0.2.19
       Fresh object v0.37.3
       Fresh itertools v0.13.0
       Fresh zerocopy-derive v0.8.33
       Fresh serde_derive v1.0.228
       Fresh rayon-core v1.13.0
       Fresh rustc-demangle v0.1.27
       Fresh cast v0.3.0
       Fresh same-file v1.0.6
       Fresh arc-swap v1.8.0
       Fresh alloca v0.4.0
       Fresh clap v4.5.54
       Fresh crc32fast v1.5.0
       Fresh plotters v0.3.7
       Fresh regex v1.12.2
       Fresh chacha20 v0.10.0
       Fresh serde v1.0.228
       Fresh zerocopy v0.8.33
       Fresh walkdir v2.5.0
       Fresh backtrace v0.3.76
       Fresh getrandom v0.4.1
       Fresh rayon v1.11.0
       Fresh criterion-plot v0.8.1
       Fresh page_size v0.6.0
       Fresh rustc-hash v1.1.0
       Fresh rustc-hash v2.1.1
       Fresh thousands v0.2.0
       Fresh lazy_static v1.5.0
       Fresh mintex v0.1.4
       Fresh anes v0.1.6
       Fresh half v2.7.1
       Fresh tinytemplate v1.2.1
       Fresh fast-float2 v0.2.3
       Fresh oorandom v11.1.5
       Fresh cargo-husky v1.5.0
       Fresh dhat v0.3.3
       Fresh rand v0.10.0
       Fresh flate2 v1.1.8
       Fresh ciborium-ll v0.2.2
warning: unused variable: `event`
   --> src/flatten_json.rs:162:9
    |
162 |         event: &'a [u8],
    |         ^^^^^ help: if this is intentional, prefix it with an underscore: `_event`
    |
    = note: `#[warn(unused_variables)]` (part of `#[warn(unused)]`) on by default

warning: unused variable: `tree`
   --> src/flatten_json.rs:163:9
    |
163 |         tree: &SegmentsTree,
    |         ^^^^ help: if this is intentional, prefix it with an underscore: `_tree`

warning: enum `MemberName` is never used
  --> src/flatten_json.rs:88:6
   |
88 | enum MemberName<'a> {
   |      ^^^^^^^^^^
   |
   = note: `#[warn(dead_code)]` (part of `#[warn(unused)]`) on by default

warning: method `as_bytes` is never used
  --> src/flatten_json.rs:94:8
   |
93 | impl MemberName<'_> {
   | ------------------- method in this implementation
94 |     fn as_bytes(&self) -> &[u8] {
   |        ^^^^^^^^

warning: fields `array_trail` and `fields` are never read
   --> src/flatten_json.rs:119:5
    |
117 | pub struct FlattenJsonState {
    |            ---------------- fields in this struct
118 |     /// Working array position trail (reused between calls)
119 |     array_trail: ArrayTrailVec,
    |     ^^^^^^^^^^^
...
126 |     fields: Vec<Field<'static>>,
    |     ^^^^^^

warning: method `reset` is never used
   --> src/flatten_json.rs:147:8
    |
135 | impl FlattenJsonState {
    | --------------------- method in this implementation
...
147 |     fn reset(&mut self) {
    |        ^^^^^

warning: struct `FlattenContext` is never constructed
   --> src/flatten_json.rs:171:8
    |
171 | struct FlattenContext<'a, 'b> {
    |        ^^^^^^^^^^^^^^

warning: method `push_field` is never used
   --> src/flatten_json.rs:185:8
    |
182 | impl<'a> FlattenContext<'a, '_> {
    | ------------------------------- method in this implementation
...
185 |     fn push_field(&mut self, field: Field<'a>) {
    |        ^^^^^^^^^^

warning: multiple methods are never used
   --> src/flatten_json.rs:195:8
    |
194 | impl<'a> FlattenContext<'a, '_> {
    | ------------------------------- methods in this implementation
195 |     fn flatten_impl(&mut self, tree: &SegmentsTree) -> Result<(), QuaminaError> {
    |        ^^^^^^^^^^^^
...
234 |     fn read_object(&mut self, tree: &SegmentsTree) -> Result<(), FlattenError> {
    |        ^^^^^^^^^^^
...
442 |     fn read_array(
    |        ^^^^^^^^^^
...
563 |     fn leave_object(&mut self) -> Result<(), FlattenError> {
    |        ^^^^^^^^^^^^
...
581 |     fn skip_block(&mut self, open: u8, close: u8) -> Result<(), FlattenError> {
    |        ^^^^^^^^^^
...
606 |     fn skip_string_value(&mut self) -> Result<(), FlattenError> {
    |        ^^^^^^^^^^^^^^^^^
...
633 |     fn read_member_name(&mut self) -> Result<MemberName<'a>, FlattenError> {
    |        ^^^^^^^^^^^^^^^^
...
658 |     fn read_member_name_with_escapes(
    |        ^^^^^^^^^^^^^^^^^^^^^^^^^^^^^
...
737 |     fn read_string_value(&mut self) -> Result<FieldValue<'a>, FlattenError> {
    |        ^^^^^^^^^^^^^^^^^
...
760 |     fn read_string_with_escapes(
    |        ^^^^^^^^^^^^^^^^^^^^^^^^
...
840 |     fn read_hex_4(&mut self) -> Result<u32, FlattenError> {
    |        ^^^^^^^^^^
...
864 |     fn read_number(&mut self) -> Result<FieldValue<'a>, FlattenError> {
    |        ^^^^^^^^^^^
...
927 |     fn read_literal(&mut self, expected: &[u8]) -> Result<(), FlattenError> {
    |        ^^^^^^^^^^^^
...
940 |     fn ch(&self) -> u8 {
    |        ^^
...
946 |     fn step(&mut self) -> Result<(), FlattenError> {
    |        ^^^^
...
956 |     fn enter_array(&mut self) {
    |        ^^^^^^^^^^^
...
965 |     fn leave_array(&mut self) {
    |        ^^^^^^^^^^^
...
970 |     fn step_array_element(&mut self) {
    |        ^^^^^^^^^^^^^^^^^^
...
977 |     fn error(&self, message: &str) -> QuaminaError {
    |        ^^^^^

warning: enum `ObjectState` is never used
   --> src/flatten_json.rs:998:6
    |
998 | enum ObjectState {
    |      ^^^^^^^^^^^

warning: enum `ArrayState` is never used
    --> src/flatten_json.rs:1006:6
     |
1006 | enum ArrayState {
     |      ^^^^^^^^^^

warning: enum `FlattenError` is never used
    --> src/flatten_json.rs:1011:6
     |
1011 | enum FlattenError {
     |      ^^^^^^^^^^^^

warning: constant `IS_WHITESPACE` is never used
    --> src/flatten_json.rs:1024:7
     |
1024 | const IS_WHITESPACE: [bool; 256] = {
     |       ^^^^^^^^^^^^^

warning: function `is_whitespace` is never used
    --> src/flatten_json.rs:1034:4
     |
1034 | fn is_whitespace(b: u8) -> bool {
     |    ^^^^^^^^^^^^^

warning: `quamina` (lib) generated 14 warnings (run `cargo fix --lib -p quamina` to apply 2 suggestions)
       Fresh ciborium v0.2.2
       Fresh criterion v0.8.1
       Dirty quamina v0.4.3 (/private/var/folders/zq/scmzs54x2md07_wwgys92v840000gn/T/cargo-mutants-quamina-rs-SYx2RG.tmp): the dependency quamina was rebuilt (1773795245.026100753s, 2m 1s after last build at 1773795124.790477234s)
   Compiling quamina v0.4.3 (/private/var/folders/zq/scmzs54x2md07_wwgys92v840000gn/T/cargo-mutants-quamina-rs-SYx2RG.tmp)
     Running `/Users/rishibaldawa/.rustup/toolchains/stable-aarch64-apple-darwin/bin/rustc --crate-name profile_pathological --edition=2021 examples/profile_pathological.rs --error-format=json --json=diagnostic-rendered-ansi,artifacts,future-incompat --emit=dep-info,link -C embed-bitcode=no '--warn=clippy::perf' '--warn=clippy::use_self' '--warn=clippy::unused_peekable' --warn=unsafe_code --warn=unexpected_cfgs '--warn=clippy::undocumented_unsafe_blocks' '--warn=clippy::transmute_ptr_to_ptr' '--warn=clippy::redundant_clone' '--warn=clippy::or_fun_call' '--warn=clippy::equatable_if_let' '--warn=clippy::derive_partial_eq_without_eq' '--warn=clippy::branches_sharing_code' --check-cfg 'cfg(kani)' --test --check-cfg 'cfg(docsrs,test)' --check-cfg 'cfg(feature, values("dhat-heap"))' -C metadata=593a33a3a5e44193 -C extra-filename=-dd244cd3e6984c6e --out-dir /private/var/folders/zq/scmzs54x2md07_wwgys92v840000gn/T/cargo-mutants-quamina-rs-SYx2RG.tmp/target/mutants/examples -C incremental=/private/var/folders/zq/scmzs54x2md07_wwgys92v840000gn/T/cargo-mutants-quamina-rs-SYx2RG.tmp/target/mutants/incremental -C strip=debuginfo -L dependency=/private/var/folders/zq/scmzs54x2md07_wwgys92v840000gn/T/cargo-mutants-quamina-rs-SYx2RG.tmp/target/mutants/deps --extern arc_swap=/private/var/folders/zq/scmzs54x2md07_wwgys92v840000gn/T/cargo-mutants-quamina-rs-SYx2RG.tmp/target/mutants/deps/libarc_swap-8dc94c7baf7d6503.rlib --extern cargo_husky=/private/var/folders/zq/scmzs54x2md07_wwgys92v840000gn/T/cargo-mutants-quamina-rs-SYx2RG.tmp/target/mutants/deps/libcargo_husky-959d622cb0e854bd.rlib --extern criterion=/private/var/folders/zq/scmzs54x2md07_wwgys92v840000gn/T/cargo-mutants-quamina-rs-SYx2RG.tmp/target/mutants/deps/libcriterion-5d01252276bfc921.rlib --extern dhat=/private/var/folders/zq/scmzs54x2md07_wwgys92v840000gn/T/cargo-mutants-quamina-rs-SYx2RG.tmp/target/mutants/deps/libdhat-be327f7d283e6040.rlib --extern fast_float2=/private/var/folders/zq/scmzs54x2md07_wwgys92v840000gn/T/cargo-mutants-quamina-rs-SYx2RG.tmp/target/mutants/deps/libfast_float2-ab4bcc5370fb9d9d.rlib --extern flate2=/private/var/folders/zq/scmzs54x2md07_wwgys92v840000gn/T/cargo-mutants-quamina-rs-SYx2RG.tmp/target/mutants/deps/libflate2-770fd3ea371cf479.rlib --extern memchr=/private/var/folders/zq/scmzs54x2md07_wwgys92v840000gn/T/cargo-mutants-quamina-rs-SYx2RG.tmp/target/mutants/deps/libmemchr-fad7cfa0ce919f3e.rlib --extern parking_lot=/private/var/folders/zq/scmzs54x2md07_wwgys92v840000gn/T/cargo-mutants-quamina-rs-SYx2RG.tmp/target/mutants/deps/libparking_lot-ea040230acb2cfe8.rlib --extern quamina=/private/var/folders/zq/scmzs54x2md07_wwgys92v840000gn/T/cargo-mutants-quamina-rs-SYx2RG.tmp/target/mutants/deps/libquamina-28509fa74a3a2eed.rlib --extern rand=/private/var/folders/zq/scmzs54x2md07_wwgys92v840000gn/T/cargo-mutants-quamina-rs-SYx2RG.tmp/target/mutants/deps/librand-d62286a2584f1923.rlib --extern regex=/private/var/folders/zq/scmzs54x2md07_wwgys92v840000gn/T/cargo-mutants-quamina-rs-SYx2RG.tmp/target/mutants/deps/libregex-143ef4a17e2e5f75.rlib --extern rustc_hash=/private/var/folders/zq/scmzs54x2md07_wwgys92v840000gn/T/cargo-mutants-quamina-rs-SYx2RG.tmp/target/mutants/deps/librustc_hash-475025c22853c846.rlib --extern smallvec=/private/var/folders/zq/scmzs54x2md07_wwgys92v840000gn/T/cargo-mutants-quamina-rs-SYx2RG.tmp/target/mutants/deps/libsmallvec-aef4c19c0cf1c118.rlib -L native=/private/var/folders/zq/scmzs54x2md07_wwgys92v840000gn/T/cargo-mutants-quamina-rs-SYx2RG.tmp/target/mutants/build/alloca-02cacc78a7329cb4/out`
     Running `/Users/rishibaldawa/.rustup/toolchains/stable-aarch64-apple-darwin/bin/rustc --crate-name profile_shellstyle --edition=2021 examples/profile_shellstyle.rs --error-format=json --json=diagnostic-rendered-ansi,artifacts,future-incompat --emit=dep-info,link -C embed-bitcode=no '--warn=clippy::perf' '--warn=clippy::use_self' '--warn=clippy::unused_peekable' --warn=unsafe_code --warn=unexpected_cfgs '--warn=clippy::undocumented_unsafe_blocks' '--warn=clippy::transmute_ptr_to_ptr' '--warn=clippy::redundant_clone' '--warn=clippy::or_fun_call' '--warn=clippy::equatable_if_let' '--warn=clippy::derive_partial_eq_without_eq' '--warn=clippy::branches_sharing_code' --check-cfg 'cfg(kani)' --test --check-cfg 'cfg(docsrs,test)' --check-cfg 'cfg(feature, values("dhat-heap"))' -C metadata=e4f3c5f0c26b0914 -C extra-filename=-6aaf8d9505430e71 --out-dir /private/var/folders/zq/scmzs54x2md07_wwgys92v840000gn/T/cargo-mutants-quamina-rs-SYx2RG.tmp/target/mutants/examples -C incremental=/private/var/folders/zq/scmzs54x2md07_wwgys92v840000gn/T/cargo-mutants-quamina-rs-SYx2RG.tmp/target/mutants/incremental -C strip=debuginfo -L dependency=/private/var/folders/zq/scmzs54x2md07_wwgys92v840000gn/T/cargo-mutants-quamina-rs-SYx2RG.tmp/target/mutants/deps --extern arc_swap=/private/var/folders/zq/scmzs54x2md07_wwgys92v840000gn/T/cargo-mutants-quamina-rs-SYx2RG.tmp/target/mutants/deps/libarc_swap-8dc94c7baf7d6503.rlib --extern cargo_husky=/private/var/folders/zq/scmzs54x2md07_wwgys92v840000gn/T/cargo-mutants-quamina-rs-SYx2RG.tmp/target/mutants/deps/libcargo_husky-959d622cb0e854bd.rlib --extern criterion=/private/var/folders/zq/scmzs54x2md07_wwgys92v840000gn/T/cargo-mutants-quamina-rs-SYx2RG.tmp/target/mutants/deps/libcriterion-5d01252276bfc921.rlib --extern dhat=/private/var/folders/zq/scmzs54x2md07_wwgys92v840000gn/T/cargo-mutants-quamina-rs-SYx2RG.tmp/target/mutants/deps/libdhat-be327f7d283e6040.rlib --extern fast_float2=/private/var/folders/zq/scmzs54x2md07_wwgys92v840000gn/T/cargo-mutants-quamina-rs-SYx2RG.tmp/target/mutants/deps/libfast_float2-ab4bcc5370fb9d9d.rlib --extern flate2=/private/var/folders/zq/scmzs54x2md07_wwgys92v840000gn/T/cargo-mutants-quamina-rs-SYx2RG.tmp/target/mutants/deps/libflate2-770fd3ea371cf479.rlib --extern memchr=/private/var/folders/zq/scmzs54x2md07_wwgys92v840000gn/T/cargo-mutants-quamina-rs-SYx2RG.tmp/target/mutants/deps/libmemchr-fad7cfa0ce919f3e.rlib --extern parking_lot=/private/var/folders/zq/scmzs54x2md07_wwgys92v840000gn/T/cargo-mutants-quamina-rs-SYx2RG.tmp/target/mutants/deps/libparking_lot-ea040230acb2cfe8.rlib --extern quamina=/private/var/folders/zq/scmzs54x2md07_wwgys92v840000gn/T/cargo-mutants-quamina-rs-SYx2RG.tmp/target/mutants/deps/libquamina-28509fa74a3a2eed.rlib --extern rand=/private/var/folders/zq/scmzs54x2md07_wwgys92v840000gn/T/cargo-mutants-quamina-rs-SYx2RG.tmp/target/mutants/deps/librand-d62286a2584f1923.rlib --extern regex=/private/var/folders/zq/scmzs54x2md07_wwgys92v840000gn/T/cargo-mutants-quamina-rs-SYx2RG.tmp/target/mutants/deps/libregex-143ef4a17e2e5f75.rlib --extern rustc_hash=/private/var/folders/zq/scmzs54x2md07_wwgys92v840000gn/T/cargo-mutants-quamina-rs-SYx2RG.tmp/target/mutants/deps/librustc_hash-475025c22853c846.rlib --extern smallvec=/private/var/folders/zq/scmzs54x2md07_wwgys92v840000gn/T/cargo-mutants-quamina-rs-SYx2RG.tmp/target/mutants/deps/libsmallvec-aef4c19c0cf1c118.rlib -L native=/private/var/folders/zq/scmzs54x2md07_wwgys92v840000gn/T/cargo-mutants-quamina-rs-SYx2RG.tmp/target/mutants/build/alloca-02cacc78a7329cb4/out`
warning: `quamina` (lib test) generated 14 warnings (14 duplicates)
     Running `/Users/rishibaldawa/.rustup/toolchains/stable-aarch64-apple-darwin/bin/rustc --crate-name smoke --edition=2021 examples/smoke.rs --error-format=json --json=diagnostic-rendered-ansi,artifacts,future-incompat --emit=dep-info,link -C embed-bitcode=no '--warn=clippy::perf' '--warn=clippy::use_self' '--warn=clippy::unused_peekable' --warn=unsafe_code --warn=unexpected_cfgs '--warn=clippy::undocumented_unsafe_blocks' '--warn=clippy::transmute_ptr_to_ptr' '--warn=clippy::redundant_clone' '--warn=clippy::or_fun_call' '--warn=clippy::equatable_if_let' '--warn=clippy::derive_partial_eq_without_eq' '--warn=clippy::branches_sharing_code' --check-cfg 'cfg(kani)' --test --check-cfg 'cfg(docsrs,test)' --check-cfg 'cfg(feature, values("dhat-heap"))' -C metadata=0024f46443f80b14 -C extra-filename=-b622ae32677953bb --out-dir /private/var/folders/zq/scmzs54x2md07_wwgys92v840000gn/T/cargo-mutants-quamina-rs-SYx2RG.tmp/target/mutants/examples -C incremental=/private/var/folders/zq/scmzs54x2md07_wwgys92v840000gn/T/cargo-mutants-quamina-rs-SYx2RG.tmp/target/mutants/incremental -C strip=debuginfo -L dependency=/private/var/folders/zq/scmzs54x2md07_wwgys92v840000gn/T/cargo-mutants-quamina-rs-SYx2RG.tmp/target/mutants/deps --extern arc_swap=/private/var/folders/zq/scmzs54x2md07_wwgys92v840000gn/T/cargo-mutants-quamina-rs-SYx2RG.tmp/target/mutants/deps/libarc_swap-8dc94c7baf7d6503.rlib --extern cargo_husky=/private/var/folders/zq/scmzs54x2md07_wwgys92v840000gn/T/cargo-mutants-quamina-rs-SYx2RG.tmp/target/mutants/deps/libcargo_husky-959d622cb0e854bd.rlib --extern criterion=/private/var/folders/zq/scmzs54x2md07_wwgys92v840000gn/T/cargo-mutants-quamina-rs-SYx2RG.tmp/target/mutants/deps/libcriterion-5d01252276bfc921.rlib --extern dhat=/private/var/folders/zq/scmzs54x2md07_wwgys92v840000gn/T/cargo-mutants-quamina-rs-SYx2RG.tmp/target/mutants/deps/libdhat-be327f7d283e6040.rlib --extern fast_float2=/private/var/folders/zq/scmzs54x2md07_wwgys92v840000gn/T/cargo-mutants-quamina-rs-SYx2RG.tmp/target/mutants/deps/libfast_float2-ab4bcc5370fb9d9d.rlib --extern flate2=/private/var/folders/zq/scmzs54x2md07_wwgys92v840000gn/T/cargo-mutants-quamina-rs-SYx2RG.tmp/target/mutants/deps/libflate2-770fd3ea371cf479.rlib --extern memchr=/private/var/folders/zq/scmzs54x2md07_wwgys92v840000gn/T/cargo-mutants-quamina-rs-SYx2RG.tmp/target/mutants/deps/libmemchr-fad7cfa0ce919f3e.rlib --extern parking_lot=/private/var/folders/zq/scmzs54x2md07_wwgys92v840000gn/T/cargo-mutants-quamina-rs-SYx2RG.tmp/target/mutants/deps/libparking_lot-ea040230acb2cfe8.rlib --extern quamina=/private/var/folders/zq/scmzs54x2md07_wwgys92v840000gn/T/cargo-mutants-quamina-rs-SYx2RG.tmp/target/mutants/deps/libquamina-28509fa74a3a2eed.rlib --extern rand=/private/var/folders/zq/scmzs54x2md07_wwgys92v840000gn/T/cargo-mutants-quamina-rs-SYx2RG.tmp/target/mutants/deps/librand-d62286a2584f1923.rlib --extern regex=/private/var/folders/zq/scmzs54x2md07_wwgys92v840000gn/T/cargo-mutants-quamina-rs-SYx2RG.tmp/target/mutants/deps/libregex-143ef4a17e2e5f75.rlib --extern rustc_hash=/private/var/folders/zq/scmzs54x2md07_wwgys92v840000gn/T/cargo-mutants-quamina-rs-SYx2RG.tmp/target/mutants/deps/librustc_hash-475025c22853c846.rlib --extern smallvec=/private/var/folders/zq/scmzs54x2md07_wwgys92v840000gn/T/cargo-mutants-quamina-rs-SYx2RG.tmp/target/mutants/deps/libsmallvec-aef4c19c0cf1c118.rlib -L native=/private/var/folders/zq/scmzs54x2md07_wwgys92v840000gn/T/cargo-mutants-quamina-rs-SYx2RG.tmp/target/mutants/build/alloca-02cacc78a7329cb4/out`
     Running `/Users/rishibaldawa/.rustup/toolchains/stable-aarch64-apple-darwin/bin/rustc --crate-name profile_citylots --edition=2021 examples/profile_citylots.rs --error-format=json --json=diagnostic-rendered-ansi,artifacts,future-incompat --emit=dep-info,link -C embed-bitcode=no '--warn=clippy::perf' '--warn=clippy::use_self' '--warn=clippy::unused_peekable' --warn=unsafe_code --warn=unexpected_cfgs '--warn=clippy::undocumented_unsafe_blocks' '--warn=clippy::transmute_ptr_to_ptr' '--warn=clippy::redundant_clone' '--warn=clippy::or_fun_call' '--warn=clippy::equatable_if_let' '--warn=clippy::derive_partial_eq_without_eq' '--warn=clippy::branches_sharing_code' --check-cfg 'cfg(kani)' --test --check-cfg 'cfg(docsrs,test)' --check-cfg 'cfg(feature, values("dhat-heap"))' -C metadata=9379508d92a0fd03 -C extra-filename=-f551dbd7e79bed79 --out-dir /private/var/folders/zq/scmzs54x2md07_wwgys92v840000gn/T/cargo-mutants-quamina-rs-SYx2RG.tmp/target/mutants/examples -C incremental=/private/var/folders/zq/scmzs54x2md07_wwgys92v840000gn/T/cargo-mutants-quamina-rs-SYx2RG.tmp/target/mutants/incremental -C strip=debuginfo -L dependency=/private/var/folders/zq/scmzs54x2md07_wwgys92v840000gn/T/cargo-mutants-quamina-rs-SYx2RG.tmp/target/mutants/deps --extern arc_swap=/private/var/folders/zq/scmzs54x2md07_wwgys92v840000gn/T/cargo-mutants-quamina-rs-SYx2RG.tmp/target/mutants/deps/libarc_swap-8dc94c7baf7d6503.rlib --extern cargo_husky=/private/var/folders/zq/scmzs54x2md07_wwgys92v840000gn/T/cargo-mutants-quamina-rs-SYx2RG.tmp/target/mutants/deps/libcargo_husky-959d622cb0e854bd.rlib --extern criterion=/private/var/folders/zq/scmzs54x2md07_wwgys92v840000gn/T/cargo-mutants-quamina-rs-SYx2RG.tmp/target/mutants/deps/libcriterion-5d01252276bfc921.rlib --extern dhat=/private/var/folders/zq/scmzs54x2md07_wwgys92v840000gn/T/cargo-mutants-quamina-rs-SYx2RG.tmp/target/mutants/deps/libdhat-be327f7d283e6040.rlib --extern fast_float2=/private/var/folders/zq/scmzs54x2md07_wwgys92v840000gn/T/cargo-mutants-quamina-rs-SYx2RG.tmp/target/mutants/deps/libfast_float2-ab4bcc5370fb9d9d.rlib --extern flate2=/private/var/folders/zq/scmzs54x2md07_wwgys92v840000gn/T/cargo-mutants-quamina-rs-SYx2RG.tmp/target/mutants/deps/libflate2-770fd3ea371cf479.rlib --extern memchr=/private/var/folders/zq/scmzs54x2md07_wwgys92v840000gn/T/cargo-mutants-quamina-rs-SYx2RG.tmp/target/mutants/deps/libmemchr-fad7cfa0ce919f3e.rlib --extern parking_lot=/private/var/folders/zq/scmzs54x2md07_wwgys92v840000gn/T/cargo-mutants-quamina-rs-SYx2RG.tmp/target/mutants/deps/libparking_lot-ea040230acb2cfe8.rlib --extern quamina=/private/var/folders/zq/scmzs54x2md07_wwgys92v840000gn/T/cargo-mutants-quamina-rs-SYx2RG.tmp/target/mutants/deps/libquamina-28509fa74a3a2eed.rlib --extern rand=/private/var/folders/zq/scmzs54x2md07_wwgys92v840000gn/T/cargo-mutants-quamina-rs-SYx2RG.tmp/target/mutants/deps/librand-d62286a2584f1923.rlib --extern regex=/private/var/folders/zq/scmzs54x2md07_wwgys92v840000gn/T/cargo-mutants-quamina-rs-SYx2RG.tmp/target/mutants/deps/libregex-143ef4a17e2e5f75.rlib --extern rustc_hash=/private/var/folders/zq/scmzs54x2md07_wwgys92v840000gn/T/cargo-mutants-quamina-rs-SYx2RG.tmp/target/mutants/deps/librustc_hash-475025c22853c846.rlib --extern smallvec=/private/var/folders/zq/scmzs54x2md07_wwgys92v840000gn/T/cargo-mutants-quamina-rs-SYx2RG.tmp/target/mutants/deps/libsmallvec-aef4c19c0cf1c118.rlib -L native=/private/var/folders/zq/scmzs54x2md07_wwgys92v840000gn/T/cargo-mutants-quamina-rs-SYx2RG.tmp/target/mutants/build/alloca-02cacc78a7329cb4/out`
     Running `/Users/rishibaldawa/.rustup/toolchains/stable-aarch64-apple-darwin/bin/rustc --crate-name bulk_10k --edition=2021 benches/bulk_10k.rs --error-format=json --json=diagnostic-rendered-ansi,artifacts,future-incompat --emit=dep-info,link -C embed-bitcode=no '--warn=clippy::perf' '--warn=clippy::use_self' '--warn=clippy::unused_peekable' --warn=unsafe_code --warn=unexpected_cfgs '--warn=clippy::undocumented_unsafe_blocks' '--warn=clippy::transmute_ptr_to_ptr' '--warn=clippy::redundant_clone' '--warn=clippy::or_fun_call' '--warn=clippy::equatable_if_let' '--warn=clippy::derive_partial_eq_without_eq' '--warn=clippy::branches_sharing_code' --check-cfg 'cfg(kani)' --cfg test --check-cfg 'cfg(docsrs,test)' --check-cfg 'cfg(feature, values("dhat-heap"))' -C metadata=9f5b1c8138038d52 -C extra-filename=-c55937e16f51c58a --out-dir /private/var/folders/zq/scmzs54x2md07_wwgys92v840000gn/T/cargo-mutants-quamina-rs-SYx2RG.tmp/target/mutants/deps -C incremental=/private/var/folders/zq/scmzs54x2md07_wwgys92v840000gn/T/cargo-mutants-quamina-rs-SYx2RG.tmp/target/mutants/incremental -C strip=debuginfo -L dependency=/private/var/folders/zq/scmzs54x2md07_wwgys92v840000gn/T/cargo-mutants-quamina-rs-SYx2RG.tmp/target/mutants/deps --extern arc_swap=/private/var/folders/zq/scmzs54x2md07_wwgys92v840000gn/T/cargo-mutants-quamina-rs-SYx2RG.tmp/target/mutants/deps/libarc_swap-8dc94c7baf7d6503.rlib --extern cargo_husky=/private/var/folders/zq/scmzs54x2md07_wwgys92v840000gn/T/cargo-mutants-quamina-rs-SYx2RG.tmp/target/mutants/deps/libcargo_husky-959d622cb0e854bd.rlib --extern criterion=/private/var/folders/zq/scmzs54x2md07_wwgys92v840000gn/T/cargo-mutants-quamina-rs-SYx2RG.tmp/target/mutants/deps/libcriterion-5d01252276bfc921.rlib --extern dhat=/private/var/folders/zq/scmzs54x2md07_wwgys92v840000gn/T/cargo-mutants-quamina-rs-SYx2RG.tmp/target/mutants/deps/libdhat-be327f7d283e6040.rlib --extern fast_float2=/private/var/folders/zq/scmzs54x2md07_wwgys92v840000gn/T/cargo-mutants-quamina-rs-SYx2RG.tmp/target/mutants/deps/libfast_float2-ab4bcc5370fb9d9d.rlib --extern flate2=/private/var/folders/zq/scmzs54x2md07_wwgys92v840000gn/T/cargo-mutants-quamina-rs-SYx2RG.tmp/target/mutants/deps/libflate2-770fd3ea371cf479.rlib --extern memchr=/private/var/folders/zq/scmzs54x2md07_wwgys92v840000gn/T/cargo-mutants-quamina-rs-SYx2RG.tmp/target/mutants/deps/libmemchr-fad7cfa0ce919f3e.rlib --extern parking_lot=/private/var/folders/zq/scmzs54x2md07_wwgys92v840000gn/T/cargo-mutants-quamina-rs-SYx2RG.tmp/target/mutants/deps/libparking_lot-ea040230acb2cfe8.rlib --extern quamina=/private/var/folders/zq/scmzs54x2md07_wwgys92v840000gn/T/cargo-mutants-quamina-rs-SYx2RG.tmp/target/mutants/deps/libquamina-28509fa74a3a2eed.rlib --extern rand=/private/var/folders/zq/scmzs54x2md07_wwgys92v840000gn/T/cargo-mutants-quamina-rs-SYx2RG.tmp/target/mutants/deps/librand-d62286a2584f1923.rlib --extern regex=/private/var/folders/zq/scmzs54x2md07_wwgys92v840000gn/T/cargo-mutants-quamina-rs-SYx2RG.tmp/target/mutants/deps/libregex-143ef4a17e2e5f75.rlib --extern rustc_hash=/private/var/folders/zq/scmzs54x2md07_wwgys92v840000gn/T/cargo-mutants-quamina-rs-SYx2RG.tmp/target/mutants/deps/librustc_hash-475025c22853c846.rlib --extern smallvec=/private/var/folders/zq/scmzs54x2md07_wwgys92v840000gn/T/cargo-mutants-quamina-rs-SYx2RG.tmp/target/mutants/deps/libsmallvec-aef4c19c0cf1c118.rlib -L native=/private/var/folders/zq/scmzs54x2md07_wwgys92v840000gn/T/cargo-mutants-quamina-rs-SYx2RG.tmp/target/mutants/build/alloca-02cacc78a7329cb4/out`
     Running `/Users/rishibaldawa/.rustup/toolchains/stable-aarch64-apple-darwin/bin/rustc --crate-name memory --edition=2021 benches/memory.rs --error-format=json --json=diagnostic-rendered-ansi,artifacts,future-incompat --emit=dep-info,link -C embed-bitcode=no '--warn=clippy::perf' '--warn=clippy::use_self' '--warn=clippy::unused_peekable' --warn=unsafe_code --warn=unexpected_cfgs '--warn=clippy::undocumented_unsafe_blocks' '--warn=clippy::transmute_ptr_to_ptr' '--warn=clippy::redundant_clone' '--warn=clippy::or_fun_call' '--warn=clippy::equatable_if_let' '--warn=clippy::derive_partial_eq_without_eq' '--warn=clippy::branches_sharing_code' --check-cfg 'cfg(kani)' --cfg test --check-cfg 'cfg(docsrs,test)' --check-cfg 'cfg(feature, values("dhat-heap"))' -C metadata=e43666ab1d726ea7 -C extra-filename=-94c7cd016dd302fd --out-dir /private/var/folders/zq/scmzs54x2md07_wwgys92v840000gn/T/cargo-mutants-quamina-rs-SYx2RG.tmp/target/mutants/deps -C incremental=/private/var/folders/zq/scmzs54x2md07_wwgys92v840000gn/T/cargo-mutants-quamina-rs-SYx2RG.tmp/target/mutants/incremental -C strip=debuginfo -L dependency=/private/var/folders/zq/scmzs54x2md07_wwgys92v840000gn/T/cargo-mutants-quamina-rs-SYx2RG.tmp/target/mutants/deps --extern arc_swap=/private/var/folders/zq/scmzs54x2md07_wwgys92v840000gn/T/cargo-mutants-quamina-rs-SYx2RG.tmp/target/mutants/deps/libarc_swap-8dc94c7baf7d6503.rlib --extern cargo_husky=/private/var/folders/zq/scmzs54x2md07_wwgys92v840000gn/T/cargo-mutants-quamina-rs-SYx2RG.tmp/target/mutants/deps/libcargo_husky-959d622cb0e854bd.rlib --extern criterion=/private/var/folders/zq/scmzs54x2md07_wwgys92v840000gn/T/cargo-mutants-quamina-rs-SYx2RG.tmp/target/mutants/deps/libcriterion-5d01252276bfc921.rlib --extern dhat=/private/var/folders/zq/scmzs54x2md07_wwgys92v840000gn/T/cargo-mutants-quamina-rs-SYx2RG.tmp/target/mutants/deps/libdhat-be327f7d283e6040.rlib --extern fast_float2=/private/var/folders/zq/scmzs54x2md07_wwgys92v840000gn/T/cargo-mutants-quamina-rs-SYx2RG.tmp/target/mutants/deps/libfast_float2-ab4bcc5370fb9d9d.rlib --extern flate2=/private/var/folders/zq/scmzs54x2md07_wwgys92v840000gn/T/cargo-mutants-quamina-rs-SYx2RG.tmp/target/mutants/deps/libflate2-770fd3ea371cf479.rlib --extern memchr=/private/var/folders/zq/scmzs54x2md07_wwgys92v840000gn/T/cargo-mutants-quamina-rs-SYx2RG.tmp/target/mutants/deps/libmemchr-fad7cfa0ce919f3e.rlib --extern parking_lot=/private/var/folders/zq/scmzs54x2md07_wwgys92v840000gn/T/cargo-mutants-quamina-rs-SYx2RG.tmp/target/mutants/deps/libparking_lot-ea040230acb2cfe8.rlib --extern quamina=/private/var/folders/zq/scmzs54x2md07_wwgys92v840000gn/T/cargo-mutants-quamina-rs-SYx2RG.tmp/target/mutants/deps/libquamina-28509fa74a3a2eed.rlib --extern rand=/private/var/folders/zq/scmzs54x2md07_wwgys92v840000gn/T/cargo-mutants-quamina-rs-SYx2RG.tmp/target/mutants/deps/librand-d62286a2584f1923.rlib --extern regex=/private/var/folders/zq/scmzs54x2md07_wwgys92v840000gn/T/cargo-mutants-quamina-rs-SYx2RG.tmp/target/mutants/deps/libregex-143ef4a17e2e5f75.rlib --extern rustc_hash=/private/var/folders/zq/scmzs54x2md07_wwgys92v840000gn/T/cargo-mutants-quamina-rs-SYx2RG.tmp/target/mutants/deps/librustc_hash-475025c22853c846.rlib --extern smallvec=/private/var/folders/zq/scmzs54x2md07_wwgys92v840000gn/T/cargo-mutants-quamina-rs-SYx2RG.tmp/target/mutants/deps/libsmallvec-aef4c19c0cf1c118.rlib -L native=/private/var/folders/zq/scmzs54x2md07_wwgys92v840000gn/T/cargo-mutants-quamina-rs-SYx2RG.tmp/target/mutants/build/alloca-02cacc78a7329cb4/out`
     Running `/Users/rishibaldawa/.rustup/toolchains/stable-aarch64-apple-darwin/bin/rustc --crate-name matching --edition=2021 benches/matching.rs --error-format=json --json=diagnostic-rendered-ansi,artifacts,future-incompat --emit=dep-info,link -C embed-bitcode=no '--warn=clippy::perf' '--warn=clippy::use_self' '--warn=clippy::unused_peekable' --warn=unsafe_code --warn=unexpected_cfgs '--warn=clippy::undocumented_unsafe_blocks' '--warn=clippy::transmute_ptr_to_ptr' '--warn=clippy::redundant_clone' '--warn=clippy::or_fun_call' '--warn=clippy::equatable_if_let' '--warn=clippy::derive_partial_eq_without_eq' '--warn=clippy::branches_sharing_code' --check-cfg 'cfg(kani)' --cfg test --check-cfg 'cfg(docsrs,test)' --check-cfg 'cfg(feature, values("dhat-heap"))' -C metadata=36a5dd4bf24a2904 -C extra-filename=-55f5e7b21be2df53 --out-dir /private/var/folders/zq/scmzs54x2md07_wwgys92v840000gn/T/cargo-mutants-quamina-rs-SYx2RG.tmp/target/mutants/deps -C incremental=/private/var/folders/zq/scmzs54x2md07_wwgys92v840000gn/T/cargo-mutants-quamina-rs-SYx2RG.tmp/target/mutants/incremental -C strip=debuginfo -L dependency=/private/var/folders/zq/scmzs54x2md07_wwgys92v840000gn/T/cargo-mutants-quamina-rs-SYx2RG.tmp/target/mutants/deps --extern arc_swap=/private/var/folders/zq/scmzs54x2md07_wwgys92v840000gn/T/cargo-mutants-quamina-rs-SYx2RG.tmp/target/mutants/deps/libarc_swap-8dc94c7baf7d6503.rlib --extern cargo_husky=/private/var/folders/zq/scmzs54x2md07_wwgys92v840000gn/T/cargo-mutants-quamina-rs-SYx2RG.tmp/target/mutants/deps/libcargo_husky-959d622cb0e854bd.rlib --extern criterion=/private/var/folders/zq/scmzs54x2md07_wwgys92v840000gn/T/cargo-mutants-quamina-rs-SYx2RG.tmp/target/mutants/deps/libcriterion-5d01252276bfc921.rlib --extern dhat=/private/var/folders/zq/scmzs54x2md07_wwgys92v840000gn/T/cargo-mutants-quamina-rs-SYx2RG.tmp/target/mutants/deps/libdhat-be327f7d283e6040.rlib --extern fast_float2=/private/var/folders/zq/scmzs54x2md07_wwgys92v840000gn/T/cargo-mutants-quamina-rs-SYx2RG.tmp/target/mutants/deps/libfast_float2-ab4bcc5370fb9d9d.rlib --extern flate2=/private/var/folders/zq/scmzs54x2md07_wwgys92v840000gn/T/cargo-mutants-quamina-rs-SYx2RG.tmp/target/mutants/deps/libflate2-770fd3ea371cf479.rlib --extern memchr=/private/var/folders/zq/scmzs54x2md07_wwgys92v840000gn/T/cargo-mutants-quamina-rs-SYx2RG.tmp/target/mutants/deps/libmemchr-fad7cfa0ce919f3e.rlib --extern parking_lot=/private/var/folders/zq/scmzs54x2md07_wwgys92v840000gn/T/cargo-mutants-quamina-rs-SYx2RG.tmp/target/mutants/deps/libparking_lot-ea040230acb2cfe8.rlib --extern quamina=/private/var/folders/zq/scmzs54x2md07_wwgys92v840000gn/T/cargo-mutants-quamina-rs-SYx2RG.tmp/target/mutants/deps/libquamina-28509fa74a3a2eed.rlib --extern rand=/private/var/folders/zq/scmzs54x2md07_wwgys92v840000gn/T/cargo-mutants-quamina-rs-SYx2RG.tmp/target/mutants/deps/librand-d62286a2584f1923.rlib --extern regex=/private/var/folders/zq/scmzs54x2md07_wwgys92v840000gn/T/cargo-mutants-quamina-rs-SYx2RG.tmp/target/mutants/deps/libregex-143ef4a17e2e5f75.rlib --extern rustc_hash=/private/var/folders/zq/scmzs54x2md07_wwgys92v840000gn/T/cargo-mutants-quamina-rs-SYx2RG.tmp/target/mutants/deps/librustc_hash-475025c22853c846.rlib --extern smallvec=/private/var/folders/zq/scmzs54x2md07_wwgys92v840000gn/T/cargo-mutants-quamina-rs-SYx2RG.tmp/target/mutants/deps/libsmallvec-aef4c19c0cf1c118.rlib -L native=/private/var/folders/zq/scmzs54x2md07_wwgys92v840000gn/T/cargo-mutants-quamina-rs-SYx2RG.tmp/target/mutants/build/alloca-02cacc78a7329cb4/out`
    Finished `mutants` profile [unoptimized] target(s) in 0.80s
     Running `/private/var/folders/zq/scmzs54x2md07_wwgys92v840000gn/T/cargo-mutants-quamina-rs-SYx2RG.tmp/target/mutants/deps/quamina-137b7d067facf300`

running 651 tests
test automaton::arena::merge_tests::test_merge_empty_arenas ... ok
test automaton::arena::cidr_arena_tests::test_cidr_arena_fa_ipv4_range ... ok
test automaton::arena::anything_but_arena_tests::test_anything_but_arena_fa_multiple_values ... ok
test automaton::arena::cidr_arena_tests::test_cidr_arena_fa_ipv4_exact ... ok
test automaton::arena::anything_but_arena_tests::test_anything_but_arena_fa_empty_excluded ... ok
test automaton::arena::anything_but_arena_tests::test_anything_but_arena_fa_common_prefix ... ok
test automaton::arena::anything_but_arena_tests::test_anything_but_arena_fa_merge ... ok
test automaton::arena::cidr_arena_tests::test_cidr_arena_fa_merge ... ok
test automaton::arena::anything_but_arena_tests::test_anything_but_arena_fa_single_value ... ok
test automaton::arena::merge_tests::test_merge_multi_byte_sequences ... ok
test automaton::arena::merge_tests::test_merge_one_empty_arena ... ok
test automaton::arena::cidr_arena_tests::test_cidr_arena_fa_ipv6_basic ... ok
test automaton::arena::merge_tests::test_merge_multiple_arenas_associative ... ok
test automaton::arena::merge_tests::test_merge_preserves_field_transitions ... ok
test automaton::arena::merge_tests::test_merge_overlapping_transitions ... ok
test automaton::arena::monocase_arena_tests::test_monocase_arena_fa_empty ... ok
test automaton::arena::monocase_arena_tests::test_monocase_arena_fa_basic_ascii ... ok
test automaton::arena::merge_tests::test_merge_single_transition ... ok
test automaton::arena::monocase_arena_tests::test_monocase_arena_fa_greek_sigma ... ok
test automaton::arena::monocase_arena_tests::test_monocase_arena_fa_no_case_chars ... ok
test automaton::arena::monocase_arena_tests::test_monocase_arena_fa_single_char ... ok
test automaton::arena::monocase_arena_tests::test_monocase_arena_fa_mixed_ascii ... ok
test automaton::arena::monocase_arena_tests::test_monocase_arena_fa_merge ... ok
test automaton::arena::monocase_arena_tests::test_monocase_arena_fa_three_chars ... ok
test automaton::arena::monocase_arena_tests::test_monocase_arena_fa_two_chars ... ok
test automaton::arena::nfa_merge_tests::test_merge_arena_both_have_spinouts ... ok
test automaton::arena::nfa_merge_tests::test_flatten_epsilon_targets_on_repeated_merge ... ok
test automaton::arena::nfa_merge_tests::test_merge_arena_nfas_empty_cases ... ok
test automaton::arena::nfa_merge_tests::test_merge_arena_with_epsilons ... ok
test automaton::arena::nfa_merge_tests::test_merge_arena_shellstyle_patterns ... ok
test automaton::arena::nfa_merge_tests::test_merge_arena_preserves_cycles ... ok
test automaton::arena::numeric_arena_tests::test_numeric_arena_fa_edge_cases ... ok
test automaton::arena::numeric_arena_tests::test_numeric_arena_fa_float_values ... ok
test automaton::arena::nfa_merge_tests::test_merge_arena_with_spinout ... ok
test automaton::arena::numeric_arena_tests::test_numeric_greater_arena_fa_basic ... ok
test automaton::arena::numeric_arena_tests::test_numeric_greater_arena_fa_exclusive ... ok
test automaton::arena::numeric_arena_tests::test_numeric_less_arena_fa_basic ... ok
test automaton::arena::numeric_arena_tests::test_numeric_less_arena_fa_exclusive ... ok
test automaton::arena::numeric_arena_tests::test_numeric_range_arena_fa_exclusive_bounds ... ok
test automaton::arena::numeric_arena_tests::test_numeric_arena_fa_merge ... ok
test automaton::arena::numeric_arena_tests::test_numeric_range_arena_fa_two_sided ... ok
test automaton::arena::prefix_arena_tests::test_prefix_arena_fa_basic ... ok
test automaton::arena::prefix_arena_tests::test_prefix_arena_fa_empty_prefix ... ok
test automaton::arena::prefix_arena_tests::test_prefix_arena_fa_merge ... ok
test automaton::arena::prefix_arena_tests::test_prefix_arena_fa_single_char ... ok
test automaton::arena::prefix_arena_tests::test_prefix_arena_fa_utf8 ... ok
test automaton::arena::shellstyle_arena_tests::test_shellstyle_arena_fa_double_wildcard ... ok
test automaton::arena::shellstyle_arena_tests::test_shellstyle_arena_fa_eight_star ... ok
test automaton::arena::cidr_arena_tests::test_cidr_arena_fa_ipv4_24 ... ok
test automaton::arena::shellstyle_arena_tests::test_shellstyle_arena_fa_five_star ... ok
test automaton::arena::numeric_arena_tests::test_numeric_arena_fa_ordering_preserved ... ok
test automaton::arena::shellstyle_arena_tests::test_shellstyle_arena_fa_foo_bar_multi_star ... ok
test automaton::arena::shellstyle_arena_tests::test_shellstyle_arena_fa_infix_wildcard ... ok
test automaton::arena::shellstyle_arena_tests::test_shellstyle_arena_fa_only_wildcard ... ok
test automaton::arena::shellstyle_arena_tests::test_shellstyle_arena_fa_prefix_wildcard ... ok
test automaton::arena::shellstyle_arena_tests::test_shellstyle_arena_fa_no_wildcard ... ok
test automaton::arena::shellstyle_arena_tests::test_shellstyle_arena_fa_merge ... ok
test automaton::arena::string_arena_tests::test_string_arena_fa_empty_string ... ok
test automaton::arena::shellstyle_arena_tests::test_shellstyle_arena_fa_suffix_wildcard ... ok
test automaton::arena::string_arena_tests::test_string_arena_fa_basic ... ok
test automaton::arena::string_arena_tests::test_string_arena_fa_single_char ... ok
test automaton::arena::tests::test_arena_alloc ... ok
test automaton::arena::string_arena_tests::test_string_arena_fa_utf8 ... ok
test automaton::arena::tests::test_arena_cyclic_reference ... ok
test automaton::arena::string_arena_tests::test_string_arena_fa_merge ... ok
test automaton::arena::tests::test_arena_small_table_pack ... ok
test automaton::arena::tests::test_arena_state_count_vs_chain ... ok
test automaton::arena::tests::test_arena_stats_empty ... ok
test automaton::arena::tests::test_arena_stats_basic ... ok
test automaton::arena::tests::test_ascii_fast_path_acceleration ... ok
test automaton::arena::tests::test_state_id_none ... ok
test automaton::arena::tests::test_traverse_arena_nfa_simple ... ok
test automaton::arena::tests::test_dfa_lookup_matches_smalltable_dstep ... ok
test automaton::arena::tests::test_try_accelerate_arena ... ok
test automaton::arena::tests::test_nested_quantifier_dedup ... ok
test automaton::arena::tests::test_traverse_arena_nfa_plus_cyclic ... ok
test automaton::arena::wildcard_arena_tests::test_wildcard_arena_fa_basic ... ok
test automaton::arena::tests::test_traverse_arena_nfa_star_cyclic ... ok
test automaton::arena::wildcard_arena_tests::test_wildcard_arena_fa_escape_star ... ok
test automaton::arena::wildcard_arena_tests::test_wildcard_arena_fa_escape_backslash ... ok
test automaton::arena::wildcard_arena_tests::test_wildcard_arena_fa_escape_with_wildcard ... ok
test automaton::arena::wildcard_arena_tests::test_wildcard_arena_fa_no_escape ... ok
test automaton::arena::string_arena_tests::test_string_arena_fa_merge_common_prefix ... ok
test automaton::arena::wildcard_arena_tests::test_wildcard_arena_fa_star_at_end_with_escape ... ok
test automaton::arena::wildcard_arena_tests::test_wildcard_arena_fa_merge ... ok
test automaton::mutable_matcher::tests::test_add_numeric_has_numbers_flag ... ok
test automaton::mutable_matcher::tests::test_add_numeric_transition ... ok
test automaton::mutable_matcher::tests::test_add_string_transition_singleton_opt ... ok
test automaton::mutable_matcher::tests::test_add_string_transition_basic ... ok
test automaton::mutable_matcher::tests::test_add_prefix_transition ... ok
test automaton::mutable_matcher::tests::test_add_string_transitions_bulk ... ok
test automaton::mutable_matcher::tests::test_add_suffix_transition ... ok
test automaton::mutable_matcher::tests::test_add_prefix_multiple_patterns ... ok
test automaton::mutable_matcher::tests::test_add_suffix_multiple_patterns ... ok
test automaton::mutable_matcher::tests::test_add_wildcard_transition ... ok
test automaton::mutable_matcher::tests::test_arena_migration_anything_but ... ok
test automaton::mutable_matcher::tests::test_arena_migration_monocase ... ok
test automaton::mutable_matcher::tests::test_arena_migration_numeric_range ... ok
test automaton::mutable_matcher::tests::test_arena_migration_prefix ... ok
test automaton::mutable_matcher::tests::test_arena_migration_string_single ... ok
test automaton::mutable_matcher::tests::test_arena_migration_string_multiple ... ok
test automaton::mutable_matcher::tests::test_arena_migration_shellstyle ... ok
test automaton::mutable_matcher::tests::test_budget_enforcement_via_matching ... ok
test automaton::mutable_matcher::tests::test_check_budget_via_patterns ... ok
test automaton::mutable_matcher::tests::test_arena_migration_wildcard_escape ... ok
test automaton::mutable_matcher::tests::test_core_matcher_array_trail_conflict ... ok
test automaton::mutable_matcher::tests::test_core_matcher_direct_array_trail_conflict ... ok
test automaton::mutable_matcher::tests::test_core_matcher_direct_exists_false ... ok
test automaton::mutable_matcher::tests::test_check_budget_boundary_condition ... ok
test automaton::mutable_matcher::tests::test_core_matcher_direct_multi_field ... ok
test automaton::mutable_matcher::tests::test_arena_migration_core_matcher_all_types ... ok
test automaton::mutable_matcher::tests::test_arena_migration_mixed_patterns ... ok
test automaton::mutable_matcher::tests::test_core_matcher_exists_true_no_self_match_direct ... ok
test automaton::mutable_matcher::tests::test_core_matcher_exists_true_no_self_match_owned ... ok
test automaton::mutable_matcher::tests::test_core_matcher_exists_true_no_self_match_ref ... ok
test automaton::mutable_matcher::tests::test_core_matcher_multi_field_owned ... ok
test automaton::mutable_matcher::tests::test_core_matcher_no_self_match_direct ... ok
test automaton::mutable_matcher::tests::test_core_matcher_no_self_match_owned ... ok
test automaton::mutable_matcher::tests::test_core_matcher_no_self_match_ref ... ok
test automaton::mutable_matcher::tests::test_core_matcher_direct_with_arena_regexp ... ok
test automaton::mutable_matcher::tests::test_core_matcher_ref_array_trail_conflict ... ok
test automaton::mutable_matcher::tests::test_core_matcher_ref_exists_false ... ok
test automaton::mutable_matcher::tests::test_core_matcher_ref_multi_field ... ok
test automaton::mutable_matcher::tests::test_match_set_dedup ... ok
test automaton::mutable_matcher::tests::test_take_singleton_idempotent ... ok
test automaton::mutable_matcher::tests::test_quote_wrap_via_wildcard ... ok
test automaton::mutable_matcher::tests::test_core_matcher_with_arena_regexp ... ok
test automaton::mutable_matcher::tests::test_quote_wrap_via_shellstyle ... ok
test automaton::mutable_matcher::tests::test_value_matcher_regexp_without_plus ... ok
test automaton::sparse_set::tests::test_sparse_set_basic ... ok
test automaton::sparse_set::tests::test_sparse_set_clear ... ok
test automaton::sparse_set::tests::test_sparse_set_insertion_order ... ok
test automaton::sparse_set::tests::test_sparse_set_resize ... ok
test automaton::tests::test_arena_small_table_step ... ok
test automaton::mutable_matcher::tests::test_merge_into_main_arena_via_patterns ... ok
test automaton::tests::test_arena_nfa_bufs_clear_observable_through_matching ... ok
test automaton::tests::test_arena_small_table_with_mappings ... ok
test automaton::mutable_matcher::tests::test_value_matcher_regexp_with_plus ... ok
test automaton::mutable_matcher::tests::test_singleton_to_arena_transition ... ok
test automaton::tests::test_automaton_value_matcher_mixed ... ok
test automaton::tests::test_core_matcher_exists_false ... ok
test automaton::tests::test_core_matcher_exists_true ... ok
test automaton::tests::test_automaton_value_matcher_shellstyle_single ... ok
test automaton::tests::test_automaton_value_matcher_prefix ... ok
test automaton::tests::test_core_matcher_multi_field_and ... ok
test automaton::tests::test_automaton_value_matcher_shellstyle_multiple ... ok
test automaton::tests::test_core_matcher_multi_field_partial_no_match ... ok
test automaton::tests::test_automaton_value_matcher_string ... ok
test automaton::tests::test_core_matcher_single_field_exact ... ok
test automaton::tests::test_core_matcher_multiple_patterns ... ok
test automaton::tests::test_core_matcher_single_field_no_match ... ok
test automaton::tests::test_field_matcher_with_match_id_stores_id ... ok
test automaton::tests::test_core_matcher_or_within_field ... ok
test automaton::tests::test_field_matcher_with_match_id_vs_default ... ok
test automaton::tests::test_nfa_buffers_clear ... ok
test automaton::tests::test_sparse_set_capacity_returns_correct_value ... ok
test automaton::tests::test_sparse_set_clear_is_effective ... ok
test automaton::tests::test_sparse_set_contains_after_multiple_inserts ... ok
test automaton::tests::test_sparse_set_contains_correctness ... ok
test automaton::tests::test_sparse_set_contains_cross_check ... ok
test automaton::tests::test_sparse_set_contains_rejects_uninserted_id ... ok
test automaton::tests::test_sparse_set_contains_single_element ... ok
test automaton::tests::test_sparse_set_fill_to_capacity ... ok
test automaton::tests::test_sparse_set_insert_after_clear_correctness ... ok
test automaton::tests::test_sparse_set_insert_increments_len ... ok
test automaton::tests::test_sparse_set_insert_return_value ... ok
test automaton::tests::test_sparse_set_no_stale_entries_after_clear ... ok
test automaton::tests::test_sparse_set_non_zero_ids_only ... ok
test automaton::tests::test_thread_safe_core_matcher_exists_false ... ok
test automaton::mutable_matcher::tests::test_arena_migration_cidr_v4 ... ok
test automaton::tests::test_thread_safe_core_matcher_exists_true ... ok
test automaton::tests::test_thread_safe_core_matcher_no_match ... ok
test automaton::tests::test_thread_safe_core_matcher_send_sync ... ok
test automaton::tests::test_thread_safe_core_matcher_single_field ... ok
test automaton::thread_safe::tests::test_add_pattern_exists_true ... ok
test automaton::thread_safe::tests::test_add_pattern_max_states_limit ... ok
test automaton::tests::test_thread_safe_core_matcher_multiple_patterns ... ok
test automaton::mutable_matcher::tests::test_merge_into_main_arena_boundary ... ok
test automaton::thread_safe::tests::test_arena_stats_non_zero ... ok
test automaton::thread_safe::tests::test_matches_for_fields_array_trail_conflict ... ok
test automaton::thread_safe::tests::test_matches_for_fields_ref_exists_false ... ok
test automaton::thread_safe::tests::test_automaton_value_matcher_prefix_match ... ok
test automaton::thread_safe::tests::test_matches_for_fields_ref_exists_false_with_value ... ok
test automaton::thread_safe::tests::test_thread_safe_core_matcher_basic ... ok
test automaton::thread_safe::tests::test_automaton_value_matcher_multi_count ... ok
test automaton::thread_safe::tests::test_tsm_exists_false_direct ... ok
test automaton::thread_safe::tests::test_automaton_value_matcher_string_match ... ok
test automaton::thread_safe::tests::test_tsm_exists_true_no_self_match_direct ... ok
test automaton::thread_safe::tests::test_tsm_exists_true_no_self_match_owned ... ok
test automaton::thread_safe::tests::test_tsm_exists_true_no_self_match_ref ... ok
test automaton::thread_safe::tests::test_automaton_value_matcher_shellstyle_match ... ok
test automaton::thread_safe::tests::test_tsm_multi_field_direct ... ok
test automaton::thread_safe::tests::test_tsm_multi_field_owned ... ok
test automaton::thread_safe::tests::test_tsm_multi_field_ref ... ok
test automaton::thread_safe::tests::test_tsm_no_self_match_direct ... ok
test automaton::thread_safe::tests::test_tsm_no_self_match_owned ... ok
test automaton::thread_safe::tests::test_tsm_no_self_match_ref ... ok
test automaton::thread_safe::tests::transitions_size_must_stay_compact ... ok
test case_folding::tests::test_ascii_case_folding ... ok
test case_folding::tests::test_case_folding_bidirectional ... ok
test case_folding::tests::test_old_hungarian_case_folding ... ok
test case_folding::tests::test_unicode_case_folding ... ok
test flatten_json::tests::test_empty_object ... ok
test flatten_json::tests::test_early_termination ... FAILED
test flatten_json::tests::test_error_skipping_never_ending_string ... FAILED
test flatten_json::tests::test_error_invalid_nested_object ... FAILED
test flatten_json::tests::test_array_simple ... FAILED
test flatten_json::tests::test_error_invalid_value ... FAILED
test flatten_json::tests::test_error_invalid_json_structure ... FAILED
test flatten_json::tests::test_error_truncated_array ... FAILED
test flatten_json::tests::test_error_truncated_object ... FAILED
test flatten_json::tests::test_error_truncated_string ... FAILED
test flatten_json::tests::test_escape_sequences ... FAILED
test flatten_json::tests::test_nested_object ... FAILED
test flatten_json::tests::test_number_value ... FAILED
test flatten_json::tests::test_simple_object ... FAILED
test flatten_json::tests::test_skip_array ... FAILED
test flatten_json::tests::test_skip_nested_object ... FAILED
test flatten_json::tests::test_skips_unused_fields ... FAILED
test flatten_json::tests::test_state_reuse ... FAILED
test flattener::tests::test_owned_field ... ok
test flatten_json::tests::test_unicode_escape ... FAILED
test flattener::tests::test_segments_tree_tracker_impl ... ok
test numbits::tests::test_bad_numbers ... ok
test numbits::tests::test_byte_variants ... ok
test numbits::tests::test_encoding_with_zero_numbits ... ok
test numbits::tests::test_float_variants ... ok
test numbits::tests::test_numbits_ordering_property ... ok
test numbits::tests::test_q_number_length ... ok
test numbits::tests::test_q_number_stack_is_empty_synthetic ... ok
test numbits::tests::test_ordering_random_miri_friendly ... ok
test numbits::tests::test_q_number_stack_len_matches_slice ... ok
test numbits::tests::test_q_number_stack_length ... ok
test numbits::tests::test_q_number_variants_equivalence ... ok
test numbits::tests::test_q_number_variants_random ... ok
test numbits::tests::test_wildly_varying_numbers_are_comparable ... ok
test numbits::tests::test_zero_handling ... ok
test regexp::parser::tests::test_detect_ascii_negated_bytes_mixed ... ok
test regexp::parser::tests::test_detect_ascii_negated_bytes_multiple_chars ... ok
test regexp::parser::tests::test_detect_ascii_negated_bytes_non_ascii ... ok
test regexp::parser::tests::test_detect_ascii_negated_bytes_range ... ok
test regexp::parser::tests::test_detect_ascii_negated_bytes_single_char ... ok
test regexp::parser::tests::test_detect_ascii_negated_bytes_too_many ... ok
test regexp::parser::tests::test_parse_negated_char_class_stores_ascii_bytes ... ok
test regexp::parser::tests::test_parse_negated_quote_class ... ok
test regexp::parser::tests::test_parse_negated_slash_class ... ok
test regexp::parser::tests::test_parse_negated_unicode_class_no_ascii_bytes ... ok
test regexp::parser::tests::test_parse_non_negated_class_no_ascii_bytes ... ok
test regexp::parser::tests::test_wb_dot_star_expansion ... ok
test regexp::parser::tests::test_wb_impossible_boundary_empty_tree ... ok
test regexp::parser::tests::test_wb_middle_boundary_expansion ... ok
test regexp::parser::tests::test_wb_parse_boundary_marker ... ok
test regexp::tests::test_arena_nfa_plus_simple ... ok
test regexp::tests::test_backreferences_not_supported ... ok
test regexp::tests::test_arena_nfa_email_pattern ... ok
test regexp::tests::test_invert_rune_range ... ok
test regexp::tests::test_clear_fa_shell_cache_works ... ok
test regexp::tests::test_lookaround_atom_properties ... ok
test regexp::tests::test_multi_char_escapes_in_class ... ok
test regexp::tests::test_multi_char_escape_with_quantifier ... ok
test regexp::tests::test_multi_char_escapes_parse ... ok
test regexp::tests::test_multi_char_escapes_nfa ... ok
test regexp::tests::test_nfa_empty_pattern ... ok
test regexp::tests::test_nfa_plus_quantifier ... ok
test regexp::tests::test_nfa_range_bounded ... ok
test regexp::tests::test_nfa_positive_class_miri_friendly ... ok
test regexp::tests::test_arena_nfa_star_plus_miri_friendly ... ok
test regexp::tests::test_nfa_range_exact ... ok
test regexp::tests::test_nfa_range_with_class ... ok
test regexp::tests::test_nfa_range_zero_min ... ok
test regexp::tests::test_nfa_simple_singleton ... ok
test regexp::tests::test_parse_alternation ... ok
test regexp::tests::test_parse_char_class ... ok
test regexp::tests::test_nfa_star_quantifier ... ok
test regexp::tests::test_parse_char_class_subtraction ... ok
test regexp::tests::test_parse_char_class_subtraction_alternation ... ok
test regexp::tests::test_parse_char_class_subtraction_depth_limit ... ok
test regexp::tests::test_parse_char_class_subtraction_negated_inner ... ok
test regexp::tests::test_parse_char_class_subtraction_negated_subtract ... ok
test regexp::tests::test_parse_char_class_subtraction_nested ... ok
test regexp::tests::test_parse_char_class_subtraction_no_overlap ... ok
test regexp::tests::test_parse_char_class_subtraction_single_chars_before_bracket ... ok
test regexp::tests::test_parse_char_class_subtraction_single_result ... ok
test regexp::tests::test_parse_char_class_subtraction_with_negated_outer ... ok
test regexp::tests::test_parse_char_range ... ok
test regexp::tests::test_parse_dot ... ok
test regexp::tests::test_parse_empty ... ok
test regexp::tests::test_parse_group ... ok
test regexp::tests::test_parse_invalid_unclosed_bracket ... ok
test regexp::tests::test_parse_lazy_quantifiers ... ok
test regexp::tests::test_parse_lookaround_supported ... ok
test regexp::tests::test_parse_negated_class ... ok
test regexp::tests::test_parse_nested_lookaround_rejected ... ok
test regexp::tests::test_parse_non_capturing_group ... ok
test regexp::tests::test_parse_non_capturing_nested ... ok
test regexp::tests::test_parse_optional ... ok
test regexp::tests::test_parse_plus ... ok
test regexp::tests::test_parse_range_quantifier ... ok
test regexp::tests::test_parse_simple ... ok
test regexp::tests::test_parse_star ... ok
test regexp::tests::test_parse_unsupported_group_extension ... ok
test regexp::tests::test_parse_variable_length_lookbehind_rejected ... ok
test regexp::tests::test_range_quantifier_equivalence_plus ... ok
test regexp::tests::test_range_quantifier_equivalence_miri_friendly ... ok
test regexp::tests::test_range_quantifier_equivalence_question ... ok
test regexp::tests::test_range_quantifier_exact_one ... ok
test regexp::tests::test_range_quantifier_equivalence_star ... ok
test regexp::tests::test_range_quantifier_exact_zero ... ok
test regexp::tests::test_range_quantifier_parse_errors ... ok
test regexp::tests::test_regexp_has_plus_star_returns_false ... ok
test regexp::tests::test_range_quantifier_with_dot ... ok
test regexp::tests::test_range_quantifier_larger_values ... ok
test regexp::tests::test_range_quantifier_with_group ... ok
test regexp::tests::test_shell_caching_cache_key ... ok
test regexp::tests::test_shell_caching_xml_escape_cache_keys ... ok
test regexp::tests::test_simplify_rune_range ... ok
test regexp::tests::test_star_matches_empty_miri_friendly ... ok
test regexp::tests::test_shell_instantiation_with_epsilons ... ok
test regexp::tests::test_subtract_rune_range_basic ... ok
test regexp::tests::test_subtract_rune_range_complete_overlap ... ok
test regexp::tests::test_star_matches_empty ... ok
test regexp::tests::test_subtract_rune_range_empty_subtract ... ok
test regexp::tests::test_subtract_rune_range_multiple_holes ... ok
test regexp::tests::test_subtract_rune_range_no_overlap ... ok
test regexp::tests::test_subtract_rune_range_prefix_removal ... ok
test regexp::tests::test_subtract_rune_range_suffix_removal ... ok
test regexp::tests::test_toxic_stack_arena ... ok
test segments_tree::tests::test_both_field_and_node ... ok
test regexp::tests::test_zero_quantifier ... ok
test segments_tree::tests::test_duplicate_add ... ok
test segments_tree::tests::test_is_root ... ok
test segments_tree::tests::test_multiple_paths ... ok
test segments_tree::tests::test_nested_path ... ok
test segments_tree::tests::test_node_then_field ... ok
test segments_tree::tests::test_path_arc_for_segment ... ok
test segments_tree::tests::test_single_field ... ok
test tests_core::test_and_across_fields ... FAILED
test tests_core::test_arena_budget_enforced_on_repeated_exact_strings ... ok
test tests_core::test_arena_budget_custom ... ok
test tests_core::test_arena_budget_exceeded ... ok
test tests_core::test_arena_error_includes_bytes ... ok
test tests_core::test_array_cross_element_matching ... ok
test tests_core::test_arena_budget_sufficient ... ok
test tests_core::test_array_cross_element_comprehensive ... FAILED
test tests_core::test_array_element_matching ... FAILED
test tests_core::test_auto_rebuild_disabled_miri_friendly ... ok
test tests_core::test_bad_pattern_error_handling ... ok
test tests_core::test_bad_event_error_handling ... FAILED
test tests_core::test_builder_basic ... ok
test tests_core::test_boolean_match ... FAILED
test tests_core::test_builder_default ... ok
test tests_core::test_auto_rebuild_disabled ... FAILED
test tests_core::test_builder_combined_options ... FAILED
test tests_core::test_builder_with_auto_rebuild ... ok
test tests_core::test_builder_generic_type ... FAILED
test tests_core::test_builder_with_auto_rebuild_is_applied ... ok
test tests_core::test_builder_with_arena_byte_budget_is_applied ... ok
test tests_core::test_builder_with_flattener_blocks_second_call ... ok
test tests_core::test_builder_with_invalid_media_type ... ok
test tests_core::test_builder_with_flattener_is_used ... ok
test tests_core::test_builder_with_max_fields_per_pattern_is_applied ... ok
test numbits::tests::test_ordering_random ... ok
test tests_core::test_builder_with_max_pattern_depth_is_applied ... ok
test tests_core::test_builder_with_media_type_json ... ok
test tests_core::test_builder_with_media_type_sets_validated_flag ... ok
test tests_core::test_builder_with_max_states_per_pattern_is_applied ... ok
test tests_core::test_condition_cost_ordering ... ok
test tests_core::test_clone_preserves_arena_budget ... ok
test tests_core::test_contains_pattern_after_delete ... ok
test tests_core::test_clone_for_snapshot ... FAILED
test tests_core::test_contains_pattern_basic ... ok
test tests_core::test_custom_flattener_basic ... ok
test tests_core::test_count_matches ... FAILED
test tests_core::test_custom_flattener_no_match ... ok
test tests_core::test_custom_flattener_clone ... ok
test tests_core::test_custom_flattener_with_numbers ... ok
test tests_core::test_deeply_nested ... FAILED
test tests_core::test_delete_already_deleted_pattern_is_noop ... ok
test tests_core::test_delete_nonexistent_pattern_is_noop ... ok
test tests_core::test_delete_multi_pattern_id_removes_all ... FAILED
test tests_core::test_depth_error_includes_path ... ok
test tests_core::test_delete_patterns ... FAILED
test tests_core::test_empty_matcher_returns_no_matches ... ok
test tests_core::test_errors_return_pattern_too_complex_variant ... ok
test tests_core::test_exact_match ... FAILED
test tests_core::test_exists_true ... FAILED
test tests_core::test_exists_false ... FAILED
test tests_core::test_exists_with_empty_array ... ok
test tests_core::test_field_count_error_includes_count ... ok
test tests_core::test_flatten_only_returns_field_count ... FAILED
test tests_core::test_field_name_ordering_with_exists ... FAILED
test tests_core::test_default_limits_allow_normal_patterns_miri_friendly ... ok
test tests_core::test_flatten_only_single_field ... FAILED
test tests_core::test_flatten_only_untracked_fields_ignored ... FAILED
test tests_core::test_has_matches ... FAILED
test tests_core::test_idempotent_add_and_delete ... FAILED
test tests_core::test_arena_stats_workloads ... FAILED
test tests_core::test_invalid_pattern_handling ... ok
test tests_core::test_invalid_json_events ... FAILED
test tests_core::test_json_flattener_through_trait ... FAILED
test tests_core::test_invalid_pattern_validation ... ok
test tests_core::test_list_pattern_ids_basic ... ok
test tests_core::test_list_pattern_ids_excludes_deleted ... ok
test tests_core::test_matcher_correct_after_rejected_pattern ... FAILED
test tests_core::test_multi_condition_pattern_fields ... ok
test tests_core::test_mixed_string_and_number_patterns_same_digits ... FAILED
test tests_core::test_mixed_number_and_string_in_same_value_array ... FAILED
test tests_core::test_nested_object_pattern ... FAILED
test tests_core::test_multiple_patterns_same_id ... FAILED
test tests_core::test_no_match ... ok
test tests_core::test_null_match ... FAILED
test tests_core::test_numbits_boundary_values ... ok
test tests_core::test_numeric_match ... FAILED
test tests_core::test_numeric_pattern_should_not_match_string_event ... FAILED
test tests_core::test_numeric_variant_matching ... FAILED
test tests_core::test_pattern_count_and_clear ... ok
test tests_core::test_or_within_field ... FAILED
test tests_core::test_pattern_depth_custom_limit ... ok
test tests_core::test_pattern_depth_shallow_ok ... ok
test tests_core::test_pattern_depth_exceeds_limit ... ok
test tests_core::test_pattern_depth_at_limit ... ok
test tests_core::test_pattern_fields_at_limit_miri_friendly ... ok
test tests_core::test_pattern_fields_custom_limit ... ok
test tests_core::test_pruner_stats ... FAILED
test tests_core::test_pruner_stats_clone ... ok
test tests_core::test_pattern_fields_exceeds_limit ... ok
test tests_core::test_pruner_stats_clone_preserves_values ... ok
test tests_core::test_pruner_stats_unit_add_and_read ... ok
test tests_core::test_rebuild_zero_filtered_denominator ... ok
test tests_core::test_rebuild_after_delete ... FAILED
test tests_core::test_pattern_fields_at_limit ... ok
test tests_core::test_should_rebuild_boundary ... ok
test tests_core::test_send_sync ... ok
test tests_core::test_same_pattern_id_multiple_value_types ... FAILED
test tests_core::test_should_rebuild_boundary_cases ... ok
test tests_core::test_should_rebuild_threshold ... FAILED
test tests_core::test_string_number_type_distinction ... FAILED
test tests_core::test_numbits_to_qnumber_utf8 ... ok
test tests_core::test_with_flattener_cannot_be_set_twice ... ok
test tests_core::test_state_limit_default_allows_normal_patterns ... FAILED
test tests_core::test_with_flattener_conflicts_with_media_type ... ok
test tests_core::test_state_limit_exceeded ... ok
test tests_core::test_zero_fields_panics - should panic ... ok
test tests_core::test_zero_budget_panics - should panic ... ok
test tests_core::test_zero_depth_panics - should panic ... ok
test tests_core::test_zero_states_panics - should panic ... ok
test tests_operators::test_anything_but ... FAILED
test tests_operators::test_anything_but_numeric_array ... FAILED
test tests_operators::test_anything_but_numeric ... FAILED
test tests_operators::test_anything_but_numeric_single ... FAILED
test tests_operators::test_anything_but_numeric_float ... FAILED
test tests_operators::test_anything_but_prefix_relationship ... FAILED
test tests_operators::test_anything_but_validation ... ok
test tests_operators::test_anything_but_single_string ... FAILED
test tests_operators::test_anything_but_with_overlapping_exclusions ... FAILED
test tests_operators::test_anything_but_with_exact_match ... FAILED
test tests_operators::test_cidr_invalid_patterns ... ok
test tests_operators::test_anything_but_with_shellstyle ... FAILED
test tests_operators::test_anything_but_wordle_words ... FAILED
test tests_core::test_default_limits_allow_normal_patterns ... ok
test tests_operators::test_cidr_ipv4_prefix_mask_boundary ... FAILED
test tests_operators::test_cidr_ipv6_basic ... FAILED
test tests_operators::test_cidr_ipv6_double_colon_variations ... FAILED
test tests_operators::test_cidr_ipv6_invalid_formats ... ok
test tests_operators::test_cidr_ipv6_group_limit ... FAILED
test tests_operators::test_cidr_ipv6_shorthand ... FAILED
test tests_operators::test_cidr_ipv4_basic ... FAILED
test tests_operators::test_cidr_ipv4_prefix_various_lengths ... FAILED
test tests_operators::test_empty_regex_matches_empty_string ... FAILED
test tests_operators::test_equals_ignore_case ... FAILED
test tests_operators::test_equals_ignore_case_length_boundaries ... FAILED
test tests_operators::test_equals_ignore_case_multiple_patterns ... FAILED
test tests_operators::test_equals_ignore_case_unicode ... FAILED
test tests_operators::test_cidr_miri_lightweight ... FAILED
test tests_operators::test_equals_ignore_case_with_exact_match ... FAILED
test tests_operators::test_exact_added_before_lookahead_on_same_field ... FAILED
test tests_operators::test_json_all_escape_sequences ... FAILED
test tests_operators::test_json_escape_sequences ... FAILED
test tests_operators::test_exists_false_ordering ... ok
test tests_operators::test_lookaround_buffer_reuse_no_stale_state ... FAILED
test tests_operators::test_lookahead_with_exact_on_same_field ... FAILED
test tests_operators::test_cidr_non_ip_values ... ok
test regexp::tests::test_shell_cache_instantiate_epsilon_remap ... ok
test tests_operators::test_lookaround_buffer_reuse_no_stale_state_miri_friendly ... FAILED
test tests_operators::test_lookaround_pattern_add_to_quamina ... ok
test tests_operators::test_lookaround_pattern_parsing ... ok
test tests_operators::test_lookaround_multiple_conditions_no_cross_contamination ... FAILED
test tests_operators::test_lookaround_rejected_patterns ... ok
test tests_operators::test_cidr_with_other_matchers ... FAILED
test tests_operators::test_lookaround_multiple_conditions_no_cross_contamination_miri_friendly ... FAILED
test tests_operators::test_lookbehind_match ... FAILED
test tests_operators::test_lookaround_primary_match ... FAILED
test tests_operators::test_multiple_overlapping_shellstyle_patterns ... FAILED
test tests_operators::test_lookaround_transformation ... FAILED
test tests_operators::test_negative_lookahead_match ... FAILED
test tests_operators::test_numeric_equals ... FAILED
test tests_operators::test_negative_lookbehind_match ... FAILED
test tests_operators::test_numeric_greater_than ... FAILED
test tests_operators::test_numeric_scientific_notation ... FAILED
test tests_operators::test_numeric_range ... FAILED
test tests_operators::test_nwb_start_word_err ... ok
test tests_operators::test_nwb_start_nonword ... FAILED
test tests_operators::test_nested_transmap_safety_miri_friendly ... FAILED
test tests_operators::test_multiple_shellstyle_same_field ... FAILED
test tests_operators::test_nwb_word_to_nonword_err ... ok
test tests_operators::test_nwb_underscore_is_word_char ... FAILED
test tests_operators::test_nwb_word_to_word ... FAILED
test regexp::tests::test_shell_caching_nfa_correctness ... ok
test tests_operators::test_positive_lookahead_match ... FAILED
test tests_operators::test_overlapping_exact_match_patterns ... FAILED
test regexp::tests::test_shell_caching_independent_categories ... ok
test tests_operators::test_prefix_match ... FAILED
test tests_operators::test_regex_alternation ... FAILED
test tests_operators::test_regex_character_class ... FAILED
test tests_operators::test_overlapping_shellstyle_nesting_miri_friendly ... FAILED
test tests_operators::test_regexp_samples_exist ... ok
test tests_operators::test_regex_various_patterns ... FAILED
test tests_operators::test_regex_with_escape ... FAILED
test tests_operators::test_regexp_simple_optional ... FAILED
test tests_operators::test_nested_transmap_safety ... FAILED
test tests_operators::test_regex_match ... FAILED
test tests_operators::test_shellstyle_complex_wildcards ... FAILED
test tests_operators::test_regexp_end2end ... FAILED
test tests_operators::test_shellstyle_double_wildcard ... FAILED
test tests_operators::test_overlapping_shellstyle_nesting ... FAILED
test tests_operators::test_shellstyle_contains_negative ... ok
test tests_operators::test_shellstyle_double_wildcard_variations ... FAILED
test tests_operators::test_shellstyle_contains ... FAILED
test tests_operators::test_shellstyle_long_case ... FAILED
test tests_operators::test_shellstyle_infix ... FAILED
test tests_operators::test_shellstyle_duplicate_pattern ... FAILED
test tests_operators::test_shellstyle_ruler_negative_cases ... ok
test tests_operators::test_shellstyle_prefix ... FAILED
test tests_operators::test_shellstyle_prefix_negative ... ok
test tests_operators::test_shellstyle_multiple_wildcards ... FAILED
test tests_operators::test_shellstyle_repeated_sequences ... FAILED
test tests_operators::test_shellstyle_subset_overlap_same_field ... FAILED
test tests_operators::test_shellstyle_suffix_with_space ... FAILED
test tests_operators::test_shellstyle_suffix ... FAILED
test tests_operators::test_shellstyle_suffix_negative ... ok
test tests_operators::test_shellstyle_suffix_merged_bug ... FAILED
test tests_operators::test_suffix ... FAILED
test tests_operators::test_unicode_escape_in_event ... FAILED
test tests_operators::test_unicode_escape_emoji ... FAILED
test tests_operators::test_shellstyle_zero_length_prefix ... FAILED
test tests_operators::test_singleton_hit_and_multi_condition_hit_same_value ... FAILED
test tests_operators::test_wb_digit_to_space ... FAILED
test tests_operators::test_three_level_nesting_miri_friendly ... FAILED
test tests_operators::test_wb_end_non_word_char ... ok
test tests_operators::test_wb_middle_nonword_to_word ... FAILED
test tests_operators::test_wb_middle_word_to_nonword ... FAILED
test tests_operators::test_wb_end_word_char ... FAILED
test tests_operators::test_wb_middle_word_to_word_err ... ok
test tests_operators::test_wb_start_non_word_char ... ok
test tests_operators::test_wb_plus_quantifier ... FAILED
test tests_operators::test_wb_optional_quantifier ... FAILED
test tests_operators::test_wb_start_word_char ... FAILED
test tests_operators::test_wb_range_quantifier ... FAILED
test tests_operators::test_three_level_nesting ... FAILED
test tests_operators::test_wb_underscore_is_word_char ... ok
test tests_operators::test_wb_utf8_multibyte ... FAILED
test tests_operators::test_wb_utf8_emoji_boundary ... FAILED
test tests_operators::test_wb_utf8_nonword_to_word ... FAILED
test tests_operators::test_wb_whole_word_at_start ... FAILED
test tests_operators::test_wb_whole_word_at_end ... FAILED
test tests_operators::test_wb_whole_word_no_match ... ok
test tests_operators::test_wb_with_char_class ... FAILED
test tests_operators::test_wildcard_contains ... FAILED
test tests_operators::test_wb_with_dot ... FAILED
test tests_operators::test_wildcard_comprehensive ... FAILED
test tests_operators::test_wb_whole_word_only ... FAILED
test tests_operators::test_wb_whole_word_match ... FAILED
test tests_operators::test_wildcard_escape_backslash ... FAILED
test tests_operators::test_wildcard_escape_backslash_star ... FAILED
test tests_operators::test_wildcard_escape_backslash_wildcard ... FAILED
test tests_operators::test_wildcard_escape_star ... FAILED
test tests_operators::test_wildcard_invalid_patterns ... ok
test tests_operators::test_wildcard_escape_sequences_comprehensive ... FAILED
test tests_operators::test_wildcard_invalid_escape_sequences ... ok
test tests_operators::test_wildcard_matches_empty_string ... FAILED
test tests_operators::test_wildcard_multi_patterns_basic ... FAILED
test tests_operators::test_wildcard_multi_patterns_double_exact ... FAILED
test tests_operators::test_wildcard_multi_patterns_infix_exact ... FAILED
test tests_operators::test_wildcard_multi_patterns_complex2 ... FAILED
test tests_operators::test_wildcard_multi_patterns_infix_exact2 ... FAILED
test tests_operators::test_wildcard_multi_patterns_complex1 ... FAILED
test tests_operators::test_wildcard_multi_patterns_double_exact2 ... FAILED
test tests_operators::test_wildcard_multi_patterns_infix_pair ... FAILED
test tests_operators::test_wildcard_multi_patterns_overlap1 ... FAILED
test tests_operators::test_wildcard_multi_patterns_prefix_exact ... FAILED
test tests_operators::test_wildcard_multi_patterns_overlap2 ... FAILED
test tests_operators::test_wildcard_multi_patterns_suffix_double ... FAILED
test tests_operators::test_wildcard_multi_patterns_prefix_suffix ... FAILED
test tests_operators::test_wildcard_multi_patterns_prefix_suffix2 ... FAILED
test tests_operators::test_wildcard_multi_patterns_suffix_exact ... FAILED
test tests_operators::test_wildcard_multi_patterns_suffix_double2 ... FAILED
test tests_operators::test_wildcard_multi_patterns_prefix_pair ... FAILED
test tests_operators::test_wildcard_multi_patterns_suffix_exact2 ... FAILED
test tests_operators::test_wildcard_prefix ... FAILED
test tests_operators::test_wildcard_multi_patterns_suffix_infix ... FAILED
test tests_operators::test_wildcard_syntax_errors ... ok
test tests_operators::test_wildcard_suffix ... FAILED
test tests_operators::test_wildcard_unicode_strings ... FAILED
test tests_operators::test_wildcard_multi_patterns_zero_expansion ... FAILED
test tests_operators::test_wildcard_multi_patterns_suffix_pair ... FAILED
test tests_stress::test_arc_field_matcher_sharing ... FAILED
test tests_operators::test_wildcard_multi_patterns_suffix_infix2 ... FAILED
test tests_stress::test_arc_concurrent_read_write ... FAILED
test tests_stress::test_break_500_limit ... ignored
test tests_stress::test_arc_snapshot_isolation ... FAILED
test tests_stress::test_concurrent_miri_friendly ... FAILED
test tests_stress::test_bulk_add_correctness ... FAILED
test tests_stress::test_exercise_matching_comprehensive ... FAILED
test tests_stress::test_arc_pattern_lifecycle ... FAILED
test tests_stress::test_invalid_utf8_dot_rejection ... ok
test tests_stress::test_json_escape_all_eight ... FAILED
test tests_stress::test_concurrent_citylots_stress ... FAILED
test tests_stress::test_exercise_matching_miri_friendly ... FAILED
test tests_stress::test_numbits_ordering_through_range ... FAILED
test tests_stress::test_memory_cleanup_miri_friendly ... FAILED
test tests_stress::test_numbits_through_numeric_matching ... FAILED
test tests_stress::test_multiple_patterns_same_id_comprehensive ... FAILED
test tests_stress::test_multiple_shellstyle_citylots_patterns ... FAILED
test tests_stress::test_stress_citylots2_operators ... ok
test tests_stress::test_pathological_correctness_miri_friendly ... FAILED
test tests_stress::test_arc_memory_cleanup ... FAILED
test tests_stress::test_unicode_escape_mixed_codepoints ... FAILED
test tests_stress::test_unicode_escape_multiple_emojis ... FAILED
test tests_stress::test_unicode_escape_standard_escapes ... FAILED
test tests_stress::test_unicode_field_names ... FAILED
test tests_stress::test_unicode_field_names_surrogate_pairs ... FAILED
test tests_stress::test_unicode_member_names ... FAILED
test tests_stress::test_utf16_surrogate_pairs ... FAILED
test unicode_categories::tests::test_ascii_in_ll ... ok
test unicode_categories::tests::test_ascii_in_lu ... ok
test unicode_categories::tests::test_block_lookup ... ok
test unicode_categories::tests::test_category_lookup ... ok
test unicode_categories::tests::test_digit_in_nd ... ok
test tests_stress::test_pattern_insertion_scales_linearly ... FAILED
test tests_stress::test_pathological_correctness ... FAILED
test tests_operators::test_cidr_ipv4_various_prefixes ... FAILED
test regexp::tests::test_negated_single_char_ascii_fast_path ... ok
test regexp::tests::test_negated_class_nfa ... ok
test regexp::tests::test_negated_unicode_char_no_ascii_fast_path ... ok
test regexp::tests::test_shell_caching_negated_independent ... ok
test regexp::tests::test_negated_category_star_edge_cases ... ok
test regexp::tests::test_xml_escapes_nfa ... ok
test tests_stress::test_stress_fuzz_strings ... FAILED
test tests_stress::test_stress_fuzz_numbers ... FAILED
test tests_stress::test_concurrent_update_during_matching ... FAILED
test tests_operators::test_regexp_validity ... ok

failures:

---- flatten_json::tests::test_early_termination stdout ----

thread 'flatten_json::tests::test_early_termination' (3247957) panicked at src/flatten_json.rs:1120:9:
assertion `left == right` failed
  left: 0
 right: 1

---- flatten_json::tests::test_error_skipping_never_ending_string stdout ----

thread 'flatten_json::tests::test_error_skipping_never_ending_string' (3247962) panicked at src/flatten_json.rs:1328:13:
Should reject never-ending string: { "a": { "v": "hello

---- flatten_json::tests::test_error_invalid_nested_object stdout ----

thread 'flatten_json::tests::test_error_invalid_nested_object' (3247960) panicked at src/flatten_json.rs:1303:9:
Should reject invalid nested object: {"a": { x }}

---- flatten_json::tests::test_array_simple stdout ----

thread 'flatten_json::tests::test_array_simple' (3247956) panicked at src/flatten_json.rs:1105:9:
assertion `left == right` failed
  left: 0
 right: 3
note: run with `RUST_BACKTRACE=1` environment variable to display a backtrace

---- flatten_json::tests::test_error_invalid_value stdout ----

thread 'flatten_json::tests::test_error_invalid_value' (3247961) panicked at src/flatten_json.rs:1273:13:
Should reject invalid value: {"a": xx}

---- flatten_json::tests::test_error_invalid_json_structure stdout ----

thread 'flatten_json::tests::test_error_invalid_json_structure' (3247959) panicked at src/flatten_json.rs:1290:13:
Should reject invalid structure: "xx"

---- flatten_json::tests::test_error_truncated_array stdout ----

thread 'flatten_json::tests::test_error_truncated_array' (3247963) panicked at src/flatten_json.rs:1238:13:
Should reject truncated array: {"a": [

---- flatten_json::tests::test_error_truncated_object stdout ----

thread 'flatten_json::tests::test_error_truncated_object' (3247964) panicked at src/flatten_json.rs:1221:13:
Should reject truncated JSON: {"a

---- flatten_json::tests::test_error_truncated_string stdout ----

thread 'flatten_json::tests::test_error_truncated_string' (3247965) panicked at src/flatten_json.rs:1255:13:
Should reject truncated string: {"k": "

---- flatten_json::tests::test_escape_sequences stdout ----

thread 'flatten_json::tests::test_escape_sequences' (3247966) panicked at src/flatten_json.rs:1131:9:
assertion `left == right` failed
  left: 0
 right: 1

---- flatten_json::tests::test_nested_object stdout ----

thread 'flatten_json::tests::test_nested_object' (3247967) panicked at src/flatten_json.rs:1069:9:
assertion `left == right` failed
  left: 0
 right: 1

---- flatten_json::tests::test_number_value stdout ----

thread 'flatten_json::tests::test_number_value' (3247968) panicked at src/flatten_json.rs:1093:9:
assertion `left == right` failed
  left: 0
 right: 1

---- flatten_json::tests::test_simple_object stdout ----

thread 'flatten_json::tests::test_simple_object' (3247969) panicked at src/flatten_json.rs:1057:9:
assertion `left == right` failed
  left: 0
 right: 1

---- flatten_json::tests::test_skip_array stdout ----

thread 'flatten_json::tests::test_skip_array' (3247970) panicked at src/flatten_json.rs:1175:9:
assertion `left == right` failed
  left: 0
 right: 1

---- flatten_json::tests::test_skip_nested_object stdout ----

thread 'flatten_json::tests::test_skip_nested_object' (3247971) panicked at src/flatten_json.rs:1164:9:
assertion `left == right` failed
  left: 0
 right: 1

---- flatten_json::tests::test_skips_unused_fields stdout ----

thread 'flatten_json::tests::test_skips_unused_fields' (3247972) panicked at src/flatten_json.rs:1081:9:
assertion `left == right` failed
  left: 0
 right: 1

---- flatten_json::tests::test_state_reuse stdout ----

thread 'flatten_json::tests::test_state_reuse' (3247973) panicked at src/flatten_json.rs:1190:13:
assertion `left == right` failed
  left: 0
 right: 1

---- flatten_json::tests::test_unicode_escape stdout ----

thread 'flatten_json::tests::test_unicode_escape' (3247974) panicked at src/flatten_json.rs:1143:9:
assertion `left == right` failed
  left: 0
 right: 1

---- tests_core::test_and_across_fields stdout ----

thread 'tests_core::test_and_across_fields' (3248100) panicked at src/tests_core.rs:272:5:
assertion `left == right` failed: Event: {"type": "order", "status": "pending", "priority": "high"}
  left: []
 right: ["p1"]

---- tests_core::test_array_cross_element_comprehensive stdout ----

thread 'tests_core::test_array_cross_element_comprehensive' (3248107) panicked at src/tests_core.rs:230:5:
assertion `left == right` failed: Expected 1 matches for {
        "bands": [
            {
                "name": "The Clash",
                "members": [
                    {"given": "Joe", "surname": "Strummer", "role": ["guitar", "vocals"]},
                    {"given": "Mick", "surname": "Jones", "role": ["guitar", "vocals"]},
                    {"given": "Paul", "surname": "Simonon", "role": ["bass"]},
                    {"given": "Topper", "surname": "Headon", "role": ["drums"]}
                ]
            },
            {
                "name": "Boris",
                "members": [
                    {"given": "Wata", "role": ["guitar", "vocals"]},
                    {"given": "Atsuo", "role": ["drums"]},
                    {"given": "Takeshi", "role": ["bass", "vocals"]}
                ]
            }
        ]
    }, got []
  left: 0
 right: 1

---- tests_core::test_array_element_matching stdout ----

thread 'tests_core::test_array_element_matching' (3248109) panicked at src/tests_core.rs:169:5:
assertion `left == right` failed: Should match when pattern value is in event array (event: {"ids": [116, 943, 234]})
  left: []
 right: ["p1"]

---- tests_core::test_bad_event_error_handling stdout ----

thread 'tests_core::test_bad_event_error_handling' (3248112) panicked at src/tests_core.rs:721:5:
assertion failed: q.matches_for_event(b"not json").is_err()

---- tests_core::test_boolean_match stdout ----

thread 'tests_core::test_boolean_match' (3248114) panicked at src/tests_core.rs:65:5:
assertion `left == right` failed: Should match boolean true (event: {"enabled": true})
  left: []
 right: ["p1"]

---- tests_core::test_auto_rebuild_disabled stdout ----

thread 'tests_core::test_auto_rebuild_disabled' (3248110) panicked at src/tests_core.rs:528:5:
assertion failed: q.should_rebuild()

---- tests_core::test_builder_combined_options stdout ----

thread 'tests_core::test_builder_combined_options' (3248116) panicked at src/tests_core.rs:814:5:
assertion `left == right` failed
  left: []
 right: ["p1"]

---- tests_core::test_builder_generic_type stdout ----

thread 'tests_core::test_builder_generic_type' (3248118) panicked at src/tests_core.rs:831:5:
assertion `left == right` failed
  left: []
 right: [42]

---- tests_core::test_clone_for_snapshot stdout ----

thread 'tests_core::test_clone_for_snapshot' (3248130) panicked at src/tests_core.rs:576:5:
Expected "p2" in matches for {"status": "pending"}, got []

---- tests_core::test_count_matches stdout ----

thread 'tests_core::test_count_matches' (3248135) panicked at src/tests_core.rs:604:5:
assertion `left == right` failed
  left: 0
 right: 2

---- tests_core::test_deeply_nested stdout ----

thread 'tests_core::test_deeply_nested' (3248140) panicked at src/tests_core.rs:155:5:
assertion `left == right` failed: Event: {"a": {"b": {"c": "value"}}}
  left: []
 right: ["p1"]

---- tests_core::test_delete_multi_pattern_id_removes_all stdout ----

thread 'tests_core::test_delete_multi_pattern_id_removes_all' (3248144) panicked at src/tests_core.rs:1552:5:
assertion `left == right` failed: String pattern should match (event: {"x": "a"})
  left: []
 right: ["shared"]

---- tests_core::test_delete_patterns stdout ----

thread 'tests_core::test_delete_patterns' (3248146) panicked at src/tests_core.rs:293:5:
Expected "p1" in matches for {"status": "active"}, got []

---- tests_core::test_exact_match stdout ----

thread 'tests_core::test_exact_match' (3248150) panicked at src/tests_core.rs:25:5:
assertion `left == right` failed: Event: {"status": "active"}
  left: []
 right: ["p1"]

---- tests_core::test_exists_true stdout ----

thread 'tests_core::test_exists_true' (3248152) panicked at src/tests_core.rs:92:5:
assertion `left == right` failed: Should match when field exists (event: {"name": "anything", "other": 1})
  left: []
 right: ["p1"]

---- tests_core::test_exists_false stdout ----

thread 'tests_core::test_exists_false' (3248151) panicked at src/tests_core.rs:110:5:
Expected no match for: {"name": "value"}

---- tests_core::test_flatten_only_returns_field_count stdout ----

thread 'tests_core::test_flatten_only_returns_field_count' (3248156) panicked at src/tests_core.rs:2280:5:
assertion `left == right` failed: two tracked fields should produce count 2
  left: 0
 right: 2

---- tests_core::test_field_name_ordering_with_exists stdout ----

thread 'tests_core::test_field_name_ordering_with_exists' (3248155) panicked at src/tests_core.rs:1064:5:
assertion `left == right` failed: Expected 4 matches for {"b": 1}, got ["p3"]
  left: 1
 right: 4

---- tests_core::test_flatten_only_single_field stdout ----

thread 'tests_core::test_flatten_only_single_field' (3248157) panicked at src/tests_core.rs:2288:5:
assertion `left == right` failed: single tracked field should produce count 1
  left: 0
 right: 1

---- tests_core::test_flatten_only_untracked_fields_ignored stdout ----

thread 'tests_core::test_flatten_only_untracked_fields_ignored' (3248158) panicked at src/tests_core.rs:2298:5:
assertion `left == right` failed: untracked field y should not be counted
  left: 0
 right: 1

---- tests_core::test_has_matches stdout ----

thread 'tests_core::test_has_matches' (3248159) panicked at src/tests_core.rs:590:5:
assertion failed: q.has_matches(r#"{"status": "active"}"#.as_bytes()).unwrap()

---- tests_core::test_idempotent_add_and_delete stdout ----

thread 'tests_core::test_idempotent_add_and_delete' (3248160) panicked at src/tests_core.rs:1521:5:
assertion `left == right` failed: Duplicate add should still match (event: {"x": "a"})
  left: []
 right: ["p1"]

---- tests_core::test_arena_stats_workloads stdout ----

thread 'tests_core::test_arena_stats_workloads' (3248106) panicked at src/tests_core.rs:2780:13:
assertion `left == right` failed: 6-regexps-12-shell: event[0] expected 3 matches, got 0
  left: 0
 right: 3

---- tests_core::test_invalid_json_events stdout ----

thread 'tests_core::test_invalid_json_events' (3248161) panicked at src/tests_core.rs:670:9:
Truncated JSON should error

---- tests_core::test_json_flattener_through_trait stdout ----

thread 'tests_core::test_json_flattener_through_trait' (3248164) panicked at src/tests_core.rs:1011:5:
assertion `left == right` failed
  left: []
 right: ["p1"]

---- tests_core::test_matcher_correct_after_rejected_pattern stdout ----

thread 'tests_core::test_matcher_correct_after_rejected_pattern' (3248167) panicked at src/tests_core.rs:2125:5:
Expected "good" in matches for {"x": "hello"}, got []

---- tests_core::test_mixed_string_and_number_patterns_same_digits stdout ----

thread 'tests_core::test_mixed_string_and_number_patterns_same_digits' (3248169) panicked at src/tests_core.rs:1419:5:
assertion `left == right` failed: String '123' should match only string pattern (event: {"key": "123"})
  left: []
 right: ["str"]

---- tests_core::test_mixed_number_and_string_in_same_value_array stdout ----

thread 'tests_core::test_mixed_number_and_string_in_same_value_array' (3248168) panicked at src/tests_core.rs:1442:5:
assertion `left == right` failed: String '3' should match the string literal in [1, "3"] (event: {"a": 1, "b": "3"})
  left: []
 right: ["p1"]

---- tests_core::test_nested_object_pattern stdout ----

thread 'tests_core::test_nested_object_pattern' (3248172) panicked at src/tests_core.rs:143:5:
assertion `left == right` failed: Should match nested field (event: {"user": {"role": "admin", "name": "alice"}})
  left: []
 right: ["p1"]

---- tests_core::test_multiple_patterns_same_id stdout ----

thread 'tests_core::test_multiple_patterns_same_id' (3248171) panicked at src/tests_core.rs:248:5:
assertion `left == right` failed: Event: {"status": "active"}
  left: []
 right: ["p1"]

---- tests_core::test_null_match stdout ----

thread 'tests_core::test_null_match' (3248174) panicked at src/tests_core.rs:76:5:
assertion `left == right` failed: Should match null value (event: {"value": null})
  left: []
 right: ["p1"]

---- tests_core::test_numeric_match stdout ----

thread 'tests_core::test_numeric_match' (3248177) panicked at src/tests_core.rs:37:5:
assertion `left == right` failed: Should match numeric value 42 (event: {"count": 42})
  left: []
 right: ["p1"]

---- tests_core::test_numeric_pattern_should_not_match_string_event stdout ----

thread 'tests_core::test_numeric_pattern_should_not_match_string_event' (3248178) panicked at src/tests_core.rs:1398:5:
assertion `left == right` failed: Number 42 should match numeric pattern (event: {"key": 42})
  left: []
 right: ["num_pat"]

---- tests_core::test_numeric_variant_matching stdout ----

thread 'tests_core::test_numeric_variant_matching' (3248179) panicked at src/tests_core.rs:58:9:
assertion `left == right` failed: Event: {"x": 35}
  left: []
 right: ["p1"]

---- tests_core::test_or_within_field stdout ----

thread 'tests_core::test_or_within_field' (3248180) panicked at src/tests_core.rs:259:9:
assertion `left == right` failed: Event: {"status": "active"}
  left: []
 right: ["p1"]

---- tests_core::test_pruner_stats stdout ----

thread 'tests_core::test_pruner_stats' (3248190) panicked at src/tests_core.rs:352:5:
assertion `left == right` failed
  left: 0
 right: 1

---- tests_core::test_rebuild_after_delete stdout ----

thread 'tests_core::test_rebuild_after_delete' (3248194) panicked at src/tests_core.rs:331:5:
Expected "p2" in matches for {"status": "pending"}, got []

---- tests_core::test_same_pattern_id_multiple_value_types stdout ----

thread 'tests_core::test_same_pattern_id_multiple_value_types' (3248196) panicked at src/tests_core.rs:1025:5:
assertion `left == right` failed: number 1 should match (event: {"x": 1})
  left: []
 right: ["x"]

---- tests_core::test_should_rebuild_threshold stdout ----

thread 'tests_core::test_should_rebuild_threshold' (3248200) panicked at src/tests_core.rs:411:5:
assertion failed: q.should_rebuild()

---- tests_core::test_string_number_type_distinction stdout ----

thread 'tests_core::test_string_number_type_distinction' (3248203) panicked at src/tests_core.rs:1377:5:
assertion `left == right` failed: String '123' should match string pattern '123' (event: {"key": "123"})
  left: []
 right: ["string_pat"]

---- tests_core::test_state_limit_default_allows_normal_patterns stdout ----

thread 'tests_core::test_state_limit_default_allows_normal_patterns' (3248201) panicked at src/tests_core.rs:2262:5:
assertion failed: matches.contains(&&"p1")

---- tests_operators::test_anything_but stdout ----

thread 'tests_operators::test_anything_but' (3248210) panicked at src/tests_operators.rs:402:5:
assertion `left == right` failed: Should match non-excluded value (event: {"status": "active"})
  left: []
 right: ["p1"]

---- tests_operators::test_anything_but_numeric_array stdout ----

thread 'tests_operators::test_anything_but_numeric_array' (3248212) panicked at src/tests_operators.rs:1333:5:
assertion `left == right` failed: Should match non-excluded number (event: {"code": 200})
  left: []
 right: ["p1"]

---- tests_operators::test_anything_but_numeric stdout ----

thread 'tests_operators::test_anything_but_numeric' (3248211) panicked at src/tests_operators.rs:449:5:
assertion `left == right` failed: Should match non-excluded number (event: {"code": 200})
  left: []
 right: ["p1"]

---- tests_operators::test_anything_but_numeric_single stdout ----

thread 'tests_operators::test_anything_but_numeric_single' (3248214) panicked at src/tests_operators.rs:1312:5:
assertion `left == right` failed: Should match non-excluded number (event: {"code": 200})
  left: []
 right: ["p1"]

---- tests_operators::test_anything_but_numeric_float stdout ----

thread 'tests_operators::test_anything_but_numeric_float' (3248213) panicked at src/tests_operators.rs:1351:5:
assertion `left == right` failed: Should match non-excluded float (event: {"price": 14.99})
  left: []
 right: ["p1"]

---- tests_operators::test_anything_but_prefix_relationship stdout ----

thread 'tests_operators::test_anything_but_prefix_relationship' (3248215) panicked at src/tests_operators.rs:462:5:
assertion `left == right` failed: anything-but ['foo'] should match 'foot' (event: {"z": "foot"})
  left: []
 right: ["not_foo"]

---- tests_operators::test_anything_but_single_string stdout ----

thread 'tests_operators::test_anything_but_single_string' (3248216) panicked at src/tests_operators.rs:442:5:
assertion `left == right` failed: Event: {"status": "active"}
  left: []
 right: ["p1"]

---- tests_operators::test_anything_but_with_overlapping_exclusions stdout ----

thread 'tests_operators::test_anything_but_with_overlapping_exclusions' (3248219) panicked at src/tests_operators.rs:1669:9:
assertion `left == right` failed: Expected 1 matches for {"x": "t"}, got []
  left: 0
 right: 1

---- tests_operators::test_anything_but_with_exact_match stdout ----

thread 'tests_operators::test_anything_but_with_exact_match' (3248218) panicked at src/tests_operators.rs:479:5:
assertion `left == right` failed: foo should match both patterns: expected 2 matches for {"z": "foo"}, got []
  left: 0
 right: 2

---- tests_operators::test_anything_but_with_shellstyle stdout ----

thread 'tests_operators::test_anything_but_with_shellstyle' (3248220) panicked at src/tests_operators.rs:1635:5:
assertion `left == right` failed: Expected 2 matches for {"z": "foo"}, got []
  left: 0
 right: 2

---- tests_operators::test_anything_but_wordle_words stdout ----

thread 'tests_operators::test_anything_but_wordle_words' (3248221) panicked at src/tests_operators.rs:1719:13:
assertion `left == right` failed: Wordle word 'aahed' should match anything-but pattern
  left: 0
 right: 1

---- tests_operators::test_cidr_ipv4_prefix_mask_boundary stdout ----

thread 'tests_operators::test_cidr_ipv4_prefix_mask_boundary' (3248224) panicked at src/tests_operators.rs:675:5:
assertion `left == right` failed: 10.0.0.1 should match /32 with 10.0.0.1 (event: {"ip": "10.0.0.1"})
  left: []
 right: ["p32"]

---- tests_operators::test_cidr_ipv6_basic stdout ----

thread 'tests_operators::test_cidr_ipv6_basic' (3248227) panicked at src/tests_operators.rs:2952:5:
assertion `left == right` failed: IPv6 in range (event: {"sourceIP": "2001:db8:0:0:0:0:0:1"})
  left: []
 right: ["p1"]

---- tests_operators::test_cidr_ipv6_double_colon_variations stdout ----

thread 'tests_operators::test_cidr_ipv6_double_colon_variations' (3248228) panicked at src/tests_operators.rs:746:9:
assertion `left == right` failed: 2001:db8:0:0:0:0:0:1 should match 2001:db8::1/128 (event: {"ip": "2001:db8:0:0:0:0:0:1"})
  left: []
 right: ["p1"]

---- tests_operators::test_cidr_ipv6_group_limit stdout ----

thread 'tests_operators::test_cidr_ipv6_group_limit' (3248229) panicked at src/tests_operators.rs:767:5:
assertion `left == right` failed: Full IPv6 should match exact /128 (event: {"ip": "2001:db8:0:0:0:0:0:1"})
  left: []
 right: ["p1"]

---- tests_operators::test_cidr_ipv6_shorthand stdout ----

thread 'tests_operators::test_cidr_ipv6_shorthand' (3248231) panicked at src/tests_operators.rs:2975:5:
assertion `left == right` failed: Loopback should match (event: {"ip": "0:0:0:0:0:0:0:1"})
  left: []
 right: ["loopback"]

---- tests_operators::test_cidr_ipv4_basic stdout ----

thread 'tests_operators::test_cidr_ipv4_basic' (3248223) panicked at src/tests_operators.rs:627:5:
assertion `left == right` failed: 10.0.0.1 in /24 (event: {"sourceIP": "10.0.0.1"})
  left: []
 right: ["p1"]

---- tests_operators::test_cidr_ipv4_prefix_various_lengths stdout ----

thread 'tests_operators::test_cidr_ipv4_prefix_various_lengths' (3248225) panicked at src/tests_operators.rs:710:9:
assertion `left == right` failed: /16: 172.16.255.255 should match 172.16.0.0/16 (event: {"ip": "172.16.255.255"})
  left: []
 right: ["p1"]

---- tests_operators::test_empty_regex_matches_empty_string stdout ----

thread 'tests_operators::test_empty_regex_matches_empty_string' (3248235) panicked at src/tests_operators.rs:604:5:
assertion `left == right` failed: empty regex should match empty string (event: {"a": ""})
  left: []
 right: ["a"]

---- tests_operators::test_equals_ignore_case stdout ----

thread 'tests_operators::test_equals_ignore_case' (3248236) panicked at src/tests_operators.rs:495:9:
assertion `left == right` failed: lowercase (event: {"name": "test"})
  left: []
 right: ["p1"]

---- tests_operators::test_equals_ignore_case_length_boundaries stdout ----

thread 'tests_operators::test_equals_ignore_case_length_boundaries' (3248237) panicked at src/tests_operators.rs:3301:5:
assertion `left == right` failed: Lowercase (event: {"name": "xyz"})
  left: []
 right: ["p1"]

---- tests_operators::test_equals_ignore_case_multiple_patterns stdout ----

thread 'tests_operators::test_equals_ignore_case_multiple_patterns' (3248238) panicked at src/tests_operators.rs:507:5:
assertion `left == right` failed: Event: {"a": "abc"}
  left: []
 right: ["r1"]

---- tests_operators::test_equals_ignore_case_unicode stdout ----

thread 'tests_operators::test_equals_ignore_case_unicode' (3248239) panicked at src/tests_operators.rs:514:5:
assertion `left == right` failed: Greek sigma case folding (event: {"word": "σοφία"})
  left: []
 right: ["p1"]

---- tests_operators::test_cidr_miri_lightweight stdout ----

thread 'tests_operators::test_cidr_miri_lightweight' (3248232) panicked at src/tests_operators.rs:647:5:
assertion `left == right` failed: 10.1.2.3 in /8 (event: {"sourceIP": "10.1.2.3"})
  left: []
 right: ["p1"]

---- tests_operators::test_equals_ignore_case_with_exact_match stdout ----

thread 'tests_operators::test_equals_ignore_case_with_exact_match' (3248240) panicked at src/tests_operators.rs:1369:5:
assertion `left == right` failed: Exact match should work (event: {"x": "singleton"})
  left: []
 right: ["singleton"]

---- tests_operators::test_exact_added_before_lookahead_on_same_field stdout ----

thread 'tests_operators::test_exact_added_before_lookahead_on_same_field' (3248241) panicked at src/tests_operators.rs:965:5:
lookahead pattern should match 'foobar' when exact was added first

---- tests_operators::test_json_all_escape_sequences stdout ----

thread 'tests_operators::test_json_all_escape_sequences' (3248243) panicked at src/tests_operators.rs:2884:5:
assertion `left == right` failed: Quote escape should match (event: {"x": "hello\"world"})
  left: []
 right: ["p1"]

---- tests_operators::test_json_escape_sequences stdout ----

thread 'tests_operators::test_json_escape_sequences' (3248244) panicked at src/tests_operators.rs:1212:5:
assertion `left == right` failed: Should match \n escape sequence (event: {"msg": "line1\nline2"})
  left: []
 right: ["p1"]

---- tests_operators::test_lookaround_buffer_reuse_no_stale_state stdout ----

thread 'tests_operators::test_lookaround_buffer_reuse_no_stale_state' (3248246) panicked at src/tests_operators.rs:3146:9:
foobar should match lookahead

---- tests_operators::test_lookahead_with_exact_on_same_field stdout ----

thread 'tests_operators::test_lookahead_with_exact_on_same_field' (3248245) panicked at src/tests_operators.rs:925:5:
lookahead pattern should match 'foobar' even with exact pattern on same field

---- tests_operators::test_lookaround_buffer_reuse_no_stale_state_miri_friendly stdout ----

thread 'tests_operators::test_lookaround_buffer_reuse_no_stale_state_miri_friendly' (3248247) panicked at src/tests_operators.rs:3219:5:
foobar should match lookahead

---- tests_operators::test_lookaround_multiple_conditions_no_cross_contamination stdout ----

thread 'tests_operators::test_lookaround_multiple_conditions_no_cross_contamination' (3248248) panicked at src/tests_operators.rs:3183:9:
foobar should match pos

---- tests_operators::test_cidr_with_other_matchers stdout ----

thread 'tests_operators::test_cidr_with_other_matchers' (3248234) panicked at src/tests_operators.rs:3023:5:
Expected "internal" in matches for {"sourceIP": "10.0.0.1", "status": "active"}, got []

---- tests_operators::test_lookaround_multiple_conditions_no_cross_contamination_miri_friendly stdout ----

thread 'tests_operators::test_lookaround_multiple_conditions_no_cross_contamination_miri_friendly' (3248249) panicked at src/tests_operators.rs:3249:5:
foobar should match pos

---- tests_operators::test_lookbehind_match stdout ----

thread 'tests_operators::test_lookbehind_match' (3248255) panicked at src/tests_operators.rs:869:5:
(?<=foo)bar should match 'foobar'

---- tests_operators::test_lookaround_primary_match stdout ----

thread 'tests_operators::test_lookaround_primary_match' (3248252) panicked at src/tests_operators.rs:3107:5:
foo(?=bar) should match 'foobar'

---- tests_operators::test_multiple_overlapping_shellstyle_patterns stdout ----

thread 'tests_operators::test_multiple_overlapping_shellstyle_patterns' (3248256) panicked at src/tests_operators.rs:233:5:
Expected "suffix_bc" in matches for {"a": "abc"}, got []

---- tests_operators::test_lookaround_transformation stdout ----

thread 'tests_operators::test_lookaround_transformation' (3248254) panicked at src/tests_operators.rs:3069:5:
Expected "la" in matches for {"x": "foobar"}, got []

---- tests_operators::test_negative_lookahead_match stdout ----

thread 'tests_operators::test_negative_lookahead_match' (3248258) panicked at src/tests_operators.rs:847:5:
foo(?!bar)... should match 'foobaz'

---- tests_operators::test_numeric_equals stdout ----

thread 'tests_operators::test_numeric_equals' (3248262) panicked at src/tests_operators.rs:547:5:
assertion `left == right` failed: Event: {"count": 42}
  left: []
 right: ["p1"]

---- tests_operators::test_negative_lookbehind_match stdout ----

thread 'tests_operators::test_negative_lookbehind_match' (3248259) panicked at src/tests_operators.rs:891:5:
(?<!foo)bar should match 'xxxbar'

---- tests_operators::test_numeric_greater_than stdout ----

thread 'tests_operators::test_numeric_greater_than' (3248263) panicked at src/tests_operators.rs:530:5:
assertion `left == right` failed: Event: {"age": 25}
  left: []
 right: ["p1"]

---- tests_operators::test_numeric_scientific_notation stdout ----

thread 'tests_operators::test_numeric_scientific_notation' (3248265) panicked at src/tests_operators.rs:554:5:
assertion `left == right` failed: Integer 350 (event: {"value": 350})
  left: []
 right: ["p1"]

---- tests_operators::test_numeric_range stdout ----

thread 'tests_operators::test_numeric_range' (3248264) panicked at src/tests_operators.rs:538:5:
assertion `left == right` failed: Event: {"score": 50}
  left: []
 right: ["p1"]

---- tests_operators::test_nwb_start_nonword stdout ----

thread 'tests_operators::test_nwb_start_nonword' (3248266) panicked at src/tests_operators.rs:1075:5:
Expected "test" in matches for {"name": " hello"}, got []

---- tests_operators::test_nested_transmap_safety_miri_friendly stdout ----

thread 'tests_operators::test_nested_transmap_safety_miri_friendly' (3248261) panicked at src/tests_operators.rs:353:5:
Expected "P0" in matches for {"a": "fooX", "b": "barX"}, got []

---- tests_operators::test_multiple_shellstyle_same_field stdout ----

thread 'tests_operators::test_multiple_shellstyle_same_field' (3248257) panicked at src/tests_operators.rs:1609:5:
Expected "suffix_bc" in matches for {"x": "abc"}, got []

---- tests_operators::test_nwb_underscore_is_word_char stdout ----

thread 'tests_operators::test_nwb_underscore_is_word_char' (3248268) panicked at src/tests_operators.rs:1130:5:
Expected "test" in matches for {"name": "a_"}, got []

---- tests_operators::test_nwb_word_to_word stdout ----

thread 'tests_operators::test_nwb_word_to_word' (3248270) panicked at src/tests_operators.rs:1059:5:
Expected "test" in matches for {"name": "helloworld"}, got []

---- tests_operators::test_positive_lookahead_match stdout ----

thread 'tests_operators::test_positive_lookahead_match' (3248274) panicked at src/tests_operators.rs:825:5:
foo(?=bar)bar should match 'foobar'

---- tests_operators::test_overlapping_exact_match_patterns stdout ----

thread 'tests_operators::test_overlapping_exact_match_patterns' (3248271) panicked at src/tests_operators.rs:1282:5:
assertion `left == right` failed: foo should only match p1 (event: {"x": 3, "a": "foo"})
  left: []
 right: ["p1"]

---- tests_operators::test_prefix_match stdout ----

thread 'tests_operators::test_prefix_match' (3248275) panicked at src/tests_operators.rs:70:5:
assertion `left == right` failed: Should match prefix (event: {"name": "prod-server-1"})
  left: []
 right: ["p1"]

---- tests_operators::test_regex_alternation stdout ----

thread 'tests_operators::test_regex_alternation' (3248276) panicked at src/tests_operators.rs:580:5:
Expected "p1" in matches for {"a": "a"}, got []

---- tests_operators::test_regex_character_class stdout ----

thread 'tests_operators::test_regex_character_class' (3248277) panicked at src/tests_operators.rs:588:5:
Expected "p1" in matches for {"a": "h"}, got []

---- tests_operators::test_overlapping_shellstyle_nesting_miri_friendly stdout ----

thread 'tests_operators::test_overlapping_shellstyle_nesting_miri_friendly' (3248273) panicked at src/tests_operators.rs:370:5:
Expected "P1" in matches for {"a": "fooX", "b": "barY"}, got []

---- tests_operators::test_regex_various_patterns stdout ----

thread 'tests_operators::test_regex_various_patterns' (3248279) panicked at src/tests_operators.rs:1406:13:
'a|b' should match 'a': expected "p1" in matches for {"a": "a"}, got []

---- tests_operators::test_regex_with_escape stdout ----

thread 'tests_operators::test_regex_with_escape' (3248280) panicked at src/tests_operators.rs:573:5:
assertion `left == right` failed: Event: {"email": "alice@example.com"}
  left: []
 right: ["p1"]

---- tests_operators::test_regexp_simple_optional stdout ----

thread 'tests_operators::test_regexp_simple_optional' (3248283) panicked at src/tests_operators.rs:596:5:
'a?b' should match 'ab': expected "test" in matches for {"a": "ab"}, got []

---- tests_operators::test_nested_transmap_safety stdout ----

thread 'tests_operators::test_nested_transmap_safety' (3248260) panicked at src/tests_operators.rs:255:5:
Expected "P0" in matches for {"a": "fooXYZ", "b": "barXYZ"}, got []

---- tests_operators::test_regex_match stdout ----

thread 'tests_operators::test_regex_match' (3248278) panicked at src/tests_operators.rs:565:5:
assertion `left == right` failed: Event: {"code": "ABC-123"}
  left: []
 right: ["p1"]

---- tests_operators::test_shellstyle_complex_wildcards stdout ----

thread 'tests_operators::test_shellstyle_complex_wildcards' (3248285) panicked at src/tests_operators.rs:1801:13:
assertion `left == right` failed: Event: {"x": "xxabyycdzz"}
  left: []
 right: ["p1"]

---- tests_operators::test_regexp_end2end stdout ----

thread 'tests_operators::test_regexp_end2end' (3248281) panicked at src/tests_operators.rs:1544:13:
Pattern '(xyz)?a?b' should match 'xyzb', but didn't

---- tests_operators::test_shellstyle_double_wildcard stdout ----

thread 'tests_operators::test_shellstyle_double_wildcard' (3248288) panicked at src/tests_operators.rs:2446:5:
assertion `left == right` failed: 12*4* should match 12345 (event: {"d": "12345"})
  left: []
 right: ["r6"]

---- tests_operators::test_overlapping_shellstyle_nesting stdout ----

thread 'tests_operators::test_overlapping_shellstyle_nesting' (3248272) panicked at src/tests_operators.rs:295:5:
Expected "P1" in matches for {"a": "fooX", "b": "barY"}, got []

---- tests_operators::test_shellstyle_double_wildcard_variations stdout ----

thread 'tests_operators::test_shellstyle_double_wildcard_variations' (3248289) panicked at src/tests_operators.rs:2584:9:
assertion `left == right` failed: Event: {"x": "xxyycdzz"}
  left: []
 right: ["p1"]

---- tests_operators::test_shellstyle_contains stdout ----

thread 'tests_operators::test_shellstyle_contains' (3248286) panicked at src/tests_operators.rs:219:9:
assertion `left == right` failed: Event: {"x": "xxfooyy"}
  left: []
 right: ["p1"]

---- tests_operators::test_shellstyle_long_case stdout ----

thread 'tests_operators::test_shellstyle_long_case' (3248292) panicked at src/tests_operators.rs:1594:9:
assertion `left == right` failed: Should match abaabab (event: {"x": "abaabab"})
  left: []
 right: ["p1"]

---- tests_operators::test_shellstyle_infix stdout ----

thread 'tests_operators::test_shellstyle_infix' (3248291) panicked at src/tests_operators.rs:201:5:
assertion `left == right` failed: Event: {"b": "dexef"}
  left: []
 right: ["p1"]

---- tests_operators::test_shellstyle_duplicate_pattern stdout ----

thread 'tests_operators::test_shellstyle_duplicate_pattern' (3248290) panicked at src/tests_operators.rs:2437:5:
assertion `left == right` failed: Expected 2 matches for {"c": "xyzzz"}, got []
  left: 0
 right: 2

---- tests_operators::test_shellstyle_prefix stdout ----

thread 'tests_operators::test_shellstyle_prefix' (3248294) panicked at src/tests_operators.rs:194:5:
assertion `left == right` failed: Event: {"c": "xyzzz"}
  left: []
 right: ["p1"]

---- tests_operators::test_shellstyle_multiple_wildcards stdout ----

thread 'tests_operators::test_shellstyle_multiple_wildcards' (3248293) panicked at src/tests_operators.rs:208:5:
assertion `left == right` failed: Event: {"d": "12345"}
  left: []
 right: ["p1"]

---- tests_operators::test_shellstyle_repeated_sequences stdout ----

thread 'tests_operators::test_shellstyle_repeated_sequences' (3248296) panicked at src/tests_operators.rs:1739:9:
assertion `left == right` failed: Event: {"x": "abab"}
  left: []
 right: ["p1"]

---- tests_operators::test_shellstyle_subset_overlap_same_field stdout ----

thread 'tests_operators::test_shellstyle_subset_overlap_same_field' (3248298) panicked at src/tests_operators.rs:3275:5:
Expected "r1" in matches for {"b": "dexeff"}, got []

---- tests_operators::test_shellstyle_suffix_with_space stdout ----

thread 'tests_operators::test_shellstyle_suffix_with_space' (3248302) panicked at src/tests_operators.rs:2533:5:
assertion `left == right` failed: *ST should match 'STA ST' (event: {"x": "STA ST"})
  left: []
 right: ["p1"]

---- tests_operators::test_shellstyle_suffix stdout ----

thread 'tests_operators::test_shellstyle_suffix' (3248299) panicked at src/tests_operators.rs:186:5:
assertion `left == right` failed: Event: {"a": "bc"}
  left: []
 right: ["p1"]

---- tests_operators::test_shellstyle_suffix_merged_bug stdout ----

thread 'tests_operators::test_shellstyle_suffix_merged_bug' (3248300) panicked at src/tests_operators.rs:1763:9:
assertion `left == right` failed: Expected 1 matches for {"Url": "xy9"}, got []
  left: 0
 right: 1

---- tests_operators::test_suffix stdout ----

thread 'tests_operators::test_suffix' (3248305) panicked at src/tests_operators.rs:86:5:
assertion `left == right` failed: Event: {"file": "photo.jpg"}
  left: []
 right: ["p1"]

---- tests_operators::test_unicode_escape_in_event stdout ----

thread 'tests_operators::test_unicode_escape_in_event' (3248309) panicked at src/tests_operators.rs:1223:5:
assertion `left == right` failed: Unicode escape should decode to 'Hello' (event: {"greeting": "\u0048\u0065\u006c\u006c\u006f"})
  left: []
 right: ["p1"]

---- tests_operators::test_unicode_escape_emoji stdout ----

thread 'tests_operators::test_unicode_escape_emoji' (3248308) panicked at src/tests_operators.rs:1234:5:
assertion `left == right` failed: UTF-16 surrogate pair should decode to emoji (event: {"emoji": "\ud83d\udc8b"})
  left: []
 right: ["p1"]

---- tests_operators::test_shellstyle_zero_length_prefix stdout ----

thread 'tests_operators::test_shellstyle_zero_length_prefix' (3248303) panicked at src/tests_operators.rs:2459:5:
assertion `left == right` failed: *bc should match bc (zero-length prefix) (event: {"a": "bc"})
  left: []
 right: ["r1"]

---- tests_operators::test_singleton_hit_and_multi_condition_hit_same_value stdout ----

thread 'tests_operators::test_singleton_hit_and_multi_condition_hit_same_value' (3248304) panicked at src/tests_operators.rs:994:5:
lookahead should match 'foobar'

---- tests_operators::test_wb_digit_to_space stdout ----

thread 'tests_operators::test_wb_digit_to_space' (3248310) panicked at src/tests_operators.rs:1137:5:
Expected "test" in matches for {"name": "abc3 end"}, got []

---- tests_operators::test_three_level_nesting_miri_friendly stdout ----

thread 'tests_operators::test_three_level_nesting_miri_friendly' (3248307) panicked at src/tests_operators.rs:388:5:
missing deep-1, got []

---- tests_operators::test_wb_middle_nonword_to_word stdout ----

thread 'tests_operators::test_wb_middle_nonword_to_word' (3248313) panicked at src/tests_operators.rs:1044:5:
Expected "test" in matches for {"name": "hello world"}, got []

---- tests_operators::test_wb_middle_word_to_nonword stdout ----

thread 'tests_operators::test_wb_middle_word_to_nonword' (3248314) panicked at src/tests_operators.rs:1038:5:
Expected "test" in matches for {"name": "hello world"}, got []

---- tests_operators::test_wb_end_word_char stdout ----

thread 'tests_operators::test_wb_end_word_char' (3248312) panicked at src/tests_operators.rs:1026:5:
Expected "test" in matches for {"name": "hello"}, got []

---- tests_operators::test_wb_plus_quantifier stdout ----

thread 'tests_operators::test_wb_plus_quantifier' (3248317) panicked at src/tests_operators.rs:1157:5:
Expected "test" in matches for {"v": "aaa "}, got []

---- tests_operators::test_wb_optional_quantifier stdout ----

thread 'tests_operators::test_wb_optional_quantifier' (3248316) panicked at src/tests_operators.rs:1167:5:
Expected "test" in matches for {"v": "xa "}, got []

---- tests_operators::test_wb_start_word_char stdout ----

thread 'tests_operators::test_wb_start_word_char' (3248320) panicked at src/tests_operators.rs:1013:5:
Expected "test" in matches for {"name": "hello"}, got []

---- tests_operators::test_wb_range_quantifier stdout ----

thread 'tests_operators::test_wb_range_quantifier' (3248318) panicked at src/tests_operators.rs:1175:5:
Expected "test" in matches for {"v": "aa "}, got []

---- tests_operators::test_three_level_nesting stdout ----

thread 'tests_operators::test_three_level_nesting' (3248306) panicked at src/tests_operators.rs:327:9:
iter 0: missing deep-1, got []

---- tests_operators::test_wb_utf8_multibyte stdout ----

thread 'tests_operators::test_wb_utf8_multibyte' (3248323) panicked at src/tests_operators.rs:1185:5:
Expected "test" in matches for {"v": "café"}, got []

---- tests_operators::test_wb_utf8_emoji_boundary stdout ----

thread 'tests_operators::test_wb_utf8_emoji_boundary' (3248322) panicked at src/tests_operators.rs:1193:5:
Expected "test" in matches for {"v": "a😀"}, got []

---- tests_operators::test_wb_utf8_nonword_to_word stdout ----

thread 'tests_operators::test_wb_utf8_nonword_to_word' (3248324) panicked at src/tests_operators.rs:1201:5:
Expected "test" in matches for {"v": "écat"}, got []

---- tests_operators::test_wb_whole_word_at_start stdout ----

thread 'tests_operators::test_wb_whole_word_at_start' (3248326) panicked at src/tests_operators.rs:1102:5:
Expected "test" in matches for {"name": "cat is here"}, got []

---- tests_operators::test_wb_whole_word_at_end stdout ----

thread 'tests_operators::test_wb_whole_word_at_end' (3248325) panicked at src/tests_operators.rs:1108:5:
Expected "test" in matches for {"name": "the cat"}, got []

---- tests_operators::test_wb_with_char_class stdout ----

thread 'tests_operators::test_wb_with_char_class' (3248330) panicked at src/tests_operators.rs:1143:5:
Expected "test" in matches for {"name": "5 "}, got []

---- tests_operators::test_wildcard_contains stdout ----

thread 'tests_operators::test_wildcard_contains' (3248333) panicked at src/tests_operators.rs:120:5:
assertion `left == right` failed: Should match *error* (event: {"msg": "an error occurred"})
  left: []
 right: ["p1"]

---- tests_operators::test_wb_with_dot stdout ----

thread 'tests_operators::test_wb_with_dot' (3248331) panicked at src/tests_operators.rs:1149:5:
Expected "test" in matches for {"name": "a "}, got []

---- tests_operators::test_wildcard_comprehensive stdout ----

thread 'tests_operators::test_wildcard_comprehensive' (3248332) panicked at src/test_helpers.rs:138:9:
Pattern '*' should match '', got []

---- tests_operators::test_wb_whole_word_only stdout ----

thread 'tests_operators::test_wb_whole_word_only' (3248329) panicked at src/tests_operators.rs:1114:5:
Expected "test" in matches for {"name": "cat"}, got []

---- tests_operators::test_wb_whole_word_match stdout ----

thread 'tests_operators::test_wb_whole_word_match' (3248327) panicked at src/tests_operators.rs:1090:5:
Expected "test" in matches for {"name": "the cat sat"}, got []

---- tests_operators::test_wildcard_escape_backslash stdout ----

thread 'tests_operators::test_wildcard_escape_backslash' (3248334) panicked at src/tests_operators.rs:156:5:
assertion `left == right` failed: \\ should match literal \ (event: {"path": "a\\b"})
  left: []
 right: ["p1"]

---- tests_operators::test_wildcard_escape_backslash_star stdout ----

thread 'tests_operators::test_wildcard_escape_backslash_star' (3248335) panicked at src/tests_operators.rs:2386:5:
assertion `left == right` failed: Event: {"x": "he\\*llo"}
  left: []
 right: ["p1"]

---- tests_operators::test_wildcard_escape_backslash_wildcard stdout ----

thread 'tests_operators::test_wildcard_escape_backslash_wildcard' (3248336) panicked at src/tests_operators.rs:2416:9:
assertion `left == right` failed: Event: {"x": "he\\llo"}
  left: []
 right: ["p1"]

---- tests_operators::test_wildcard_escape_star stdout ----

thread 'tests_operators::test_wildcard_escape_star' (3248338) panicked at src/tests_operators.rs:144:5:
assertion `left == right` failed: \* should match literal * (event: {"val": "a*b"})
  left: []
 right: ["p1"]

---- tests_operators::test_wildcard_escape_sequences_comprehensive stdout ----

thread 'tests_operators::test_wildcard_escape_sequences_comprehensive' (3248337) panicked at src/test_helpers.rs:138:9:
Pattern 'hel\\*o' should match 'hel*o', got []

---- tests_operators::test_wildcard_matches_empty_string stdout ----

thread 'tests_operators::test_wildcard_matches_empty_string' (3248341) panicked at src/tests_operators.rs:132:5:
assertion `left == right` failed: * should match empty string (event: {"x": ""})
  left: []
 right: ["p1"]

---- tests_operators::test_wildcard_multi_patterns_basic stdout ----

thread 'tests_operators::test_wildcard_multi_patterns_basic' (3248342) panicked at src/tests_operators.rs:40:13:
Pattern '{"x":[{"wildcard": "*"}]}' should match '', got []

---- tests_operators::test_wildcard_multi_patterns_double_exact stdout ----

thread 'tests_operators::test_wildcard_multi_patterns_double_exact' (3248345) panicked at src/tests_operators.rs:40:13:
Pattern '{"x":[{"wildcard": "h*l*o"}]}' should match 'hlo', got []

---- tests_operators::test_wildcard_multi_patterns_infix_exact stdout ----

thread 'tests_operators::test_wildcard_multi_patterns_infix_exact' (3248347) panicked at src/tests_operators.rs:40:13:
Pattern '{"x":[{"wildcard": "he*lo"}]}' should match 'helo', got []

---- tests_operators::test_wildcard_multi_patterns_complex2 stdout ----

thread 'tests_operators::test_wildcard_multi_patterns_complex2' (3248344) panicked at src/tests_operators.rs:40:13:
Pattern '{"x":[{"wildcard": "h*xllo"}]}' should match 'hxllo', got []

---- tests_operators::test_wildcard_multi_patterns_infix_exact2 stdout ----

thread 'tests_operators::test_wildcard_multi_patterns_infix_exact2' (3248348) panicked at src/tests_operators.rs:40:13:
Pattern '{"x":[{"wildcard": "he*l"}]}' should match 'hel', got []

---- tests_operators::test_wildcard_multi_patterns_complex1 stdout ----

thread 'tests_operators::test_wildcard_multi_patterns_complex1' (3248343) panicked at src/tests_operators.rs:40:13:
Pattern '{"x":[{"wildcard": "h*llo"}]}' should match 'hllo', got []

---- tests_operators::test_wildcard_multi_patterns_double_exact2 stdout ----

thread 'tests_operators::test_wildcard_multi_patterns_double_exact2' (3248346) panicked at src/tests_operators.rs:40:13:
Pattern '{"x":[{"wildcard": "he*l*"}]}' should match 'hel', got []

---- tests_operators::test_wildcard_multi_patterns_infix_pair stdout ----

thread 'tests_operators::test_wildcard_multi_patterns_infix_pair' (3248349) panicked at src/tests_operators.rs:40:13:
Pattern '{"x":[{"wildcard": "h*llo"}]}' should match 'hllo', got []

---- tests_operators::test_wildcard_multi_patterns_overlap1 stdout ----

thread 'tests_operators::test_wildcard_multi_patterns_overlap1' (3248350) panicked at src/tests_operators.rs:40:13:
Pattern '{"x":[{"wildcard": "he*lo"}]}' should match 'helo', got []

---- tests_operators::test_wildcard_multi_patterns_prefix_exact stdout ----

thread 'tests_operators::test_wildcard_multi_patterns_prefix_exact' (3248352) panicked at src/tests_operators.rs:40:13:
Pattern '{"x":[{"wildcard": "he*"}]}' should match 'he', got []

---- tests_operators::test_wildcard_multi_patterns_overlap2 stdout ----

thread 'tests_operators::test_wildcard_multi_patterns_overlap2' (3248351) panicked at src/tests_operators.rs:40:13:
Pattern '{"x":[{"wildcard": "h*llo"}]}' should match 'hllo', got []

---- tests_operators::test_wildcard_multi_patterns_suffix_double stdout ----

thread 'tests_operators::test_wildcard_multi_patterns_suffix_double' (3248356) panicked at src/tests_operators.rs:40:13:
Pattern '{"x":[{"wildcard": "*elo"}]}' should match 'elo', got []

---- tests_operators::test_wildcard_multi_patterns_prefix_suffix stdout ----

thread 'tests_operators::test_wildcard_multi_patterns_prefix_suffix' (3248354) panicked at src/tests_operators.rs:40:13:
Pattern '{"x":[{"wildcard": "he*lo"}]}' should match 'helo', got []

---- tests_operators::test_wildcard_multi_patterns_prefix_suffix2 stdout ----

thread 'tests_operators::test_wildcard_multi_patterns_prefix_suffix2' (3248355) panicked at src/tests_operators.rs:40:13:
Pattern '{"x":[{"wildcard": "hel*o"}]}' should match 'helo', got []

---- tests_operators::test_wildcard_multi_patterns_suffix_exact stdout ----

thread 'tests_operators::test_wildcard_multi_patterns_suffix_exact' (3248358) panicked at src/tests_operators.rs:40:13:
Pattern '{"x":[{"wildcard": "*hello"}]}' should match 'hello', got []

---- tests_operators::test_wildcard_multi_patterns_suffix_double2 stdout ----

thread 'tests_operators::test_wildcard_multi_patterns_suffix_double2' (3248357) panicked at src/tests_operators.rs:40:13:
Pattern '{"x":[{"wildcard": "*hello"}]}' should match 'hello', got []

---- tests_operators::test_wildcard_multi_patterns_prefix_pair stdout ----

thread 'tests_operators::test_wildcard_multi_patterns_prefix_pair' (3248353) panicked at src/tests_operators.rs:40:13:
Pattern '{"x":[{"wildcard": "hel*"}]}' should match 'hel', got []

---- tests_operators::test_wildcard_multi_patterns_suffix_exact2 stdout ----

thread 'tests_operators::test_wildcard_multi_patterns_suffix_exact2' (3248359) panicked at src/tests_operators.rs:40:13:
Pattern '{"x":[{"wildcard": "*hello"}]}' should match 'hello', got []

---- tests_operators::test_wildcard_prefix stdout ----

thread 'tests_operators::test_wildcard_prefix' (3248364) panicked at src/tests_operators.rs:109:5:
assertion `left == right` failed: Should match prod-* (event: {"name": "prod-server"})
  left: []
 right: ["p1"]

---- tests_operators::test_wildcard_multi_patterns_suffix_infix stdout ----

thread 'tests_operators::test_wildcard_multi_patterns_suffix_infix' (3248360) panicked at src/tests_operators.rs:40:13:
Pattern '{"x":[{"wildcard": "*hello"}]}' should match 'hello', got []

---- tests_operators::test_wildcard_suffix stdout ----

thread 'tests_operators::test_wildcard_suffix' (3248365) panicked at src/tests_operators.rs:97:5:
assertion `left == right` failed: Should match *.txt (event: {"file": "document.txt"})
  left: []
 right: ["p1"]

---- tests_operators::test_wildcard_unicode_strings stdout ----

thread 'tests_operators::test_wildcard_unicode_strings' (3248367) panicked at src/tests_operators.rs:2493:5:
assertion `left == right` failed: *hello should match 23Őzhello (event: {"x": "23Őzhello"})
  left: []
 right: ["p1"]

---- tests_operators::test_wildcard_multi_patterns_zero_expansion stdout ----

thread 'tests_operators::test_wildcard_multi_patterns_zero_expansion' (3248363) panicked at src/tests_operators.rs:40:13:
Pattern '{"x":[{"wildcard": "abc*def"}]}' should match 'abcdef', got []

---- tests_operators::test_wildcard_multi_patterns_suffix_pair stdout ----

thread 'tests_operators::test_wildcard_multi_patterns_suffix_pair' (3248362) panicked at src/tests_operators.rs:40:13:
Pattern '{"x":[{"wildcard": "h*llox"}]}' should match 'hllox', got []

---- tests_stress::test_arc_field_matcher_sharing stdout ----

thread 'tests_stress::test_arc_field_matcher_sharing' (3248369) panicked at src/tests_stress.rs:1084:5:
assertion `left == right` failed
  left: []
 right: ["id1", "id2", "id3"]

---- tests_operators::test_wildcard_multi_patterns_suffix_infix2 stdout ----

thread 'tests_operators::test_wildcard_multi_patterns_suffix_infix2' (3248361) panicked at src/tests_operators.rs:40:13:
Pattern '{"x":[{"wildcard": "*hello"}]}' should match 'hello', got []

---- tests_stress::test_arc_concurrent_read_write stdout ----

thread '<unnamed>' (3248370) panicked at src/tests_stress.rs:234:17:
Thread 0 failed

thread '<unnamed>' (3248371) panicked at src/tests_stress.rs:234:17:
Thread 1 failed

thread '<unnamed>' (3248373) panicked at src/tests_stress.rs:234:17:
Thread 3 failed

thread '<unnamed>' (3248372) panicked at src/tests_stress.rs:234:17:
Thread 2 failed

thread 'tests_stress::test_arc_concurrent_read_write' (3248368) panicked at src/tests_stress.rs:242:23:
Thread panicked: Any { .. }

---- tests_stress::test_arc_snapshot_isolation stdout ----

thread 'tests_stress::test_arc_snapshot_isolation' (3248376) panicked at src/tests_stress.rs:174:5:
assertion `left == right` failed
  left: []
 right: ["p1"]

---- tests_stress::test_concurrent_miri_friendly stdout ----

thread 'tests_stress::test_concurrent_miri_friendly' (3248379) panicked at src/tests_stress.rs:209:9:
assertion failed: !matches.is_empty()

---- tests_stress::test_bulk_add_correctness stdout ----

thread 'tests_stress::test_bulk_add_correctness' (3248377) panicked at src/tests_stress.rs:548:9:
assertion `left == right` failed: Pattern 0 should match (event: {"field0": "value0"})
  left: []
 right: ["p0"]

---- tests_stress::test_exercise_matching_comprehensive stdout ----

thread 'tests_stress::test_exercise_matching_comprehensive' (3248387) panicked at src/tests_stress.rs:866:9:
Pattern 'exists true on Title' should match: {"Image": {"Title": [{"exists": true}]}}: expected "exists true on Title" in matches for {
        "Image": {
            "Width":  800,
            "Height": 600,
            "Title":  "View from 15th Floor",
            "Thumbnail": {
                "Url":    "https://www.example.com/image/481989943",
                "Height": 125,
                "Width":  100
            },
            "Animated" : false,
            "IDs": [116, 943, 234, 38793]
        }
    }, got []

---- tests_stress::test_arc_pattern_lifecycle stdout ----

thread '<unnamed>' (3248381) panicked at src/tests_stress.rs:271:17:
assertion `left == right` failed
  left: 0
 right: 1

thread '<unnamed>' (3248382) panicked at src/tests_stress.rs:271:17:
assertion `left == right` failed
  left: 0
 right: 1

thread 'tests_stress::test_arc_pattern_lifecycle' (3248375) panicked at src/tests_stress.rs:278:23:
Thread panicked: Any { .. }

---- tests_stress::test_json_escape_all_eight stdout ----

thread 'tests_stress::test_json_escape_all_eight' (3248392) panicked at src/tests_stress.rs:308:5:
assertion `left == right` failed: Quote escape should match (event: {"x": "hello\"world"})
  left: []
 right: ["p1"]

---- tests_stress::test_concurrent_citylots_stress stdout ----

thread '<unnamed>' (3248385) panicked at src/tests_stress.rs:520:17:
assertion failed: !matches.is_empty()

thread '<unnamed>' (3248388) panicked at src/tests_stress.rs:520:17:
assertion failed: !matches.is_empty()

thread '<unnamed>' (3248389) panicked at src/tests_stress.rs:520:17:
assertion failed: !matches.is_empty()

thread 'tests_stress::test_concurrent_citylots_stress' (3248378) panicked at src/tests_stress.rs:527:23:
Thread panicked: Any { .. }

---- tests_stress::test_exercise_matching_miri_friendly stdout ----

thread 'tests_stress::test_exercise_matching_miri_friendly' (3248390) panicked at src/tests_stress.rs:933:9:
Pattern 'exact number match' should match: {"Image": {"Width": [800]}}: expected "exact number match" in matches for {
        "Image": {
            "Width":  800,
            "Height": 600,
            "Title":  "View from 15th Floor",
            "Thumbnail": {
                "Url":    "https://www.example.com/image/481989943",
                "Height": 125,
                "Width":  100
            },
            "Animated" : false,
            "IDs": [116, 943, 234, 38793]
        }
    }, got []

---- tests_stress::test_numbits_ordering_through_range stdout ----

thread 'tests_stress::test_numbits_ordering_through_range' (3248396) panicked at src/tests_stress.rs:395:5:
assertion `left == right` failed: -100 should match (event: {"x": -100})
  left: []
 right: ["p1"]

---- tests_stress::test_memory_cleanup_miri_friendly stdout ----

thread 'tests_stress::test_memory_cleanup_miri_friendly' (3248393) panicked at src/tests_stress.rs:433:5:
assertion `left == right` failed: Event: {"x": 3}
  left: []
 right: ["p3"]

---- tests_stress::test_numbits_through_numeric_matching stdout ----

thread 'tests_stress::test_numbits_through_numeric_matching' (3248397) panicked at src/tests_stress.rs:384:9:
assertion `left == right` failed: Event: {"x": 42}
  left: []
 right: ["p1"]

---- tests_stress::test_multiple_patterns_same_id_comprehensive stdout ----

thread 'tests_stress::test_multiple_patterns_same_id_comprehensive' (3248394) panicked at src/tests_stress.rs:586:5:
assertion `left == right` failed: string 'a' should match (event: {"x": "a"})
  left: []
 right: ["x"]

---- tests_stress::test_multiple_shellstyle_citylots_patterns stdout ----

thread 'tests_stress::test_multiple_shellstyle_citylots_patterns' (3248395) panicked at src/tests_stress.rs:725:17:
Expected "pattern_143" in matches for {"x": "1430022"}, got []

---- tests_stress::test_pathological_correctness_miri_friendly stdout ----

thread 'tests_stress::test_pathological_correctness_miri_friendly' (3248399) panicked at src/tests_stress.rs:1278:9:
assertion `left == right` failed: Event: {"val": "ab"}
  left: []
 right: ["sh0"]

---- tests_stress::test_arc_memory_cleanup stdout ----

thread 'tests_stress::test_arc_memory_cleanup' (3248374) panicked at src/tests_stress.rs:478:9:
assertion `left == right` failed
  left: []
 right: ["p50"]

---- tests_stress::test_unicode_escape_mixed_codepoints stdout ----

thread 'tests_stress::test_unicode_escape_mixed_codepoints' (3248404) panicked at src/tests_stress.rs:650:5:
assertion `left == right` failed: Mixed codepoints should decode (event: {"mixed": "\u0416\ud83d\udc8b\u4e2d"})
  left: []
 right: ["p1"]

---- tests_stress::test_unicode_escape_multiple_emojis stdout ----

thread 'tests_stress::test_unicode_escape_multiple_emojis' (3248405) panicked at src/tests_stress.rs:632:5:
assertion `left == right` failed: Multiple surrogate pairs should decode correctly (event: {"emojis": "\ud83d\ude00\ud83d\udc8b\ud83d\ude3a"})
  left: []
 right: ["p1"]

---- tests_stress::test_unicode_escape_standard_escapes stdout ----

thread 'tests_stress::test_unicode_escape_standard_escapes' (3248406) panicked at src/tests_stress.rs:667:5:
assertion `left == right` failed: Newline escape should match (event: {"text": "hello\nworld"})
  left: []
 right: ["newline"]

---- tests_stress::test_unicode_field_names stdout ----

thread 'tests_stress::test_unicode_field_names' (3248407) panicked at src/tests_stress.rs:363:5:
assertion `left == right` failed: Unicode escape in field name should work (event: {"\u0066ield": "value"})
  left: []
 right: ["p1"]

---- tests_stress::test_unicode_field_names_surrogate_pairs stdout ----

thread 'tests_stress::test_unicode_field_names_surrogate_pairs' (3248408) panicked at src/tests_stress.rs:739:5:
assertion `left == right` failed: Surrogate pair in field name should decode (event: {"x\u0078\ud83d\udc8by": "value"})
  left: []
 right: ["p1"]

---- tests_stress::test_unicode_member_names stdout ----

thread 'tests_stress::test_unicode_member_names' (3248409) panicked at src/tests_stress.rs:353:5:
assertion `left == right` failed: Unicode field names should work (event: {"日本語": "はい"})
  left: []
 right: ["p1"]

---- tests_stress::test_utf16_surrogate_pairs stdout ----

thread 'tests_stress::test_utf16_surrogate_pairs' (3248410) panicked at src/tests_stress.rs:293:5:
assertion `left == right` failed: Multiple surrogate pairs should decode correctly (event: {"emoji": "\ud83d\ude00\ud83d\udc8b\ud83d\ude3a"})
  left: []
 right: ["p1"]

---- tests_stress::test_pattern_insertion_scales_linearly stdout ----

thread 'tests_stress::test_pattern_insertion_scales_linearly' (3248400) panicked at src/tests_stress.rs:1151:9:
Pattern p0 should match after adding 50 patterns

---- tests_stress::test_pathological_correctness stdout ----

thread 'tests_stress::test_pathological_correctness' (3248398) panicked at src/tests_stress.rs:1251:9:
assertion `left == right` failed: Event: {"val": "abc"}
  left: []
 right: ["re0", "shell0"]

---- tests_operators::test_cidr_ipv4_various_prefixes stdout ----

thread 'tests_operators::test_cidr_ipv4_various_prefixes' (3248226) panicked at src/tests_operators.rs:2941:5:
Expected "class_a" in matches for {"ip": "10.255.255.255"}, got []

---- tests_stress::test_stress_fuzz_strings stdout ----

thread 'tests_stress::test_stress_fuzz_strings' (3248403) panicked at src/tests_stress.rs:57:9:
assertion `left == right` failed: Event: {"a": "nhywqoqhqlqw"}
  left: []
 right: ["nhywqoqhqlqw"]

---- tests_stress::test_stress_fuzz_numbers stdout ----

thread 'tests_stress::test_stress_fuzz_numbers' (3248402) panicked at src/tests_stress.rs:109:9:
assertion `left == right` failed: Event: {"a": 5632915064805208706}
  left: []
 right: ["5632915064805208706"]

---- tests_stress::test_concurrent_update_during_matching stdout ----

thread 'tests_stress::test_concurrent_update_during_matching' (3248380) panicked at src/tests_stress.rs:1046:9:
Concurrent pattern CONCURRENT_STREET_1 not found in matches: []


failures:
    flatten_json::tests::test_array_simple
    flatten_json::tests::test_early_termination
    flatten_json::tests::test_error_invalid_json_structure
    flatten_json::tests::test_error_invalid_nested_object
    flatten_json::tests::test_error_invalid_value
    flatten_json::tests::test_error_skipping_never_ending_string
    flatten_json::tests::test_error_truncated_array
    flatten_json::tests::test_error_truncated_object
    flatten_json::tests::test_error_truncated_string
    flatten_json::tests::test_escape_sequences
    flatten_json::tests::test_nested_object
    flatten_json::tests::test_number_value
    flatten_json::tests::test_simple_object
    flatten_json::tests::test_skip_array
    flatten_json::tests::test_skip_nested_object
    flatten_json::tests::test_skips_unused_fields
    flatten_json::tests::test_state_reuse
    flatten_json::tests::test_unicode_escape
    tests_core::test_and_across_fields
    tests_core::test_arena_stats_workloads
    tests_core::test_array_cross_element_comprehensive
    tests_core::test_array_element_matching
    tests_core::test_auto_rebuild_disabled
    tests_core::test_bad_event_error_handling
    tests_core::test_boolean_match
    tests_core::test_builder_combined_options
    tests_core::test_builder_generic_type
    tests_core::test_clone_for_snapshot
    tests_core::test_count_matches
    tests_core::test_deeply_nested
    tests_core::test_delete_multi_pattern_id_removes_all
    tests_core::test_delete_patterns
    tests_core::test_exact_match
    tests_core::test_exists_false
    tests_core::test_exists_true
    tests_core::test_field_name_ordering_with_exists
    tests_core::test_flatten_only_returns_field_count
    tests_core::test_flatten_only_single_field
    tests_core::test_flatten_only_untracked_fields_ignored
    tests_core::test_has_matches
    tests_core::test_idempotent_add_and_delete
    tests_core::test_invalid_json_events
    tests_core::test_json_flattener_through_trait
    tests_core::test_matcher_correct_after_rejected_pattern
    tests_core::test_mixed_number_and_string_in_same_value_array
    tests_core::test_mixed_string_and_number_patterns_same_digits
    tests_core::test_multiple_patterns_same_id
    tests_core::test_nested_object_pattern
    tests_core::test_null_match
    tests_core::test_numeric_match
    tests_core::test_numeric_pattern_should_not_match_string_event
    tests_core::test_numeric_variant_matching
    tests_core::test_or_within_field
    tests_core::test_pruner_stats
    tests_core::test_rebuild_after_delete
    tests_core::test_same_pattern_id_multiple_value_types
    tests_core::test_should_rebuild_threshold
    tests_core::test_state_limit_default_allows_normal_patterns
    tests_core::test_string_number_type_distinction
    tests_operators::test_anything_but
    tests_operators::test_anything_but_numeric
    tests_operators::test_anything_but_numeric_array
    tests_operators::test_anything_but_numeric_float
    tests_operators::test_anything_but_numeric_single
    tests_operators::test_anything_but_prefix_relationship
    tests_operators::test_anything_but_single_string
    tests_operators::test_anything_but_with_exact_match
    tests_operators::test_anything_but_with_overlapping_exclusions
    tests_operators::test_anything_but_with_shellstyle
    tests_operators::test_anything_but_wordle_words
    tests_operators::test_cidr_ipv4_basic
    tests_operators::test_cidr_ipv4_prefix_mask_boundary
    tests_operators::test_cidr_ipv4_prefix_various_lengths
    tests_operators::test_cidr_ipv4_various_prefixes
    tests_operators::test_cidr_ipv6_basic
    tests_operators::test_cidr_ipv6_double_colon_variations
    tests_operators::test_cidr_ipv6_group_limit
    tests_operators::test_cidr_ipv6_shorthand
    tests_operators::test_cidr_miri_lightweight
    tests_operators::test_cidr_with_other_matchers
    tests_operators::test_empty_regex_matches_empty_string
    tests_operators::test_equals_ignore_case
    tests_operators::test_equals_ignore_case_length_boundaries
    tests_operators::test_equals_ignore_case_multiple_patterns
    tests_operators::test_equals_ignore_case_unicode
    tests_operators::test_equals_ignore_case_with_exact_match
    tests_operators::test_exact_added_before_lookahead_on_same_field
    tests_operators::test_json_all_escape_sequences
    tests_operators::test_json_escape_sequences
    tests_operators::test_lookahead_with_exact_on_same_field
    tests_operators::test_lookaround_buffer_reuse_no_stale_state
    tests_operators::test_lookaround_buffer_reuse_no_stale_state_miri_friendly
    tests_operators::test_lookaround_multiple_conditions_no_cross_contamination
    tests_operators::test_lookaround_multiple_conditions_no_cross_contamination_miri_friendly
    tests_operators::test_lookaround_primary_match
    tests_operators::test_lookaround_transformation
    tests_operators::test_lookbehind_match
    tests_operators::test_multiple_overlapping_shellstyle_patterns
    tests_operators::test_multiple_shellstyle_same_field
    tests_operators::test_negative_lookahead_match
    tests_operators::test_negative_lookbehind_match
    tests_operators::test_nested_transmap_safety
    tests_operators::test_nested_transmap_safety_miri_friendly
    tests_operators::test_numeric_equals
    tests_operators::test_numeric_greater_than
    tests_operators::test_numeric_range
    tests_operators::test_numeric_scientific_notation
    tests_operators::test_nwb_start_nonword
    tests_operators::test_nwb_underscore_is_word_char
    tests_operators::test_nwb_word_to_word
    tests_operators::test_overlapping_exact_match_patterns
    tests_operators::test_overlapping_shellstyle_nesting
    tests_operators::test_overlapping_shellstyle_nesting_miri_friendly
    tests_operators::test_positive_lookahead_match
    tests_operators::test_prefix_match
    tests_operators::test_regex_alternation
    tests_operators::test_regex_character_class
    tests_operators::test_regex_match
    tests_operators::test_regex_various_patterns
    tests_operators::test_regex_with_escape
    tests_operators::test_regexp_end2end
    tests_operators::test_regexp_simple_optional
    tests_operators::test_shellstyle_complex_wildcards
    tests_operators::test_shellstyle_contains
    tests_operators::test_shellstyle_double_wildcard
    tests_operators::test_shellstyle_double_wildcard_variations
    tests_operators::test_shellstyle_duplicate_pattern
    tests_operators::test_shellstyle_infix
    tests_operators::test_shellstyle_long_case
    tests_operators::test_shellstyle_multiple_wildcards
    tests_operators::test_shellstyle_prefix
    tests_operators::test_shellstyle_repeated_sequences
    tests_operators::test_shellstyle_subset_overlap_same_field
    tests_operators::test_shellstyle_suffix
    tests_operators::test_shellstyle_suffix_merged_bug
    tests_operators::test_shellstyle_suffix_with_space
    tests_operators::test_shellstyle_zero_length_prefix
    tests_operators::test_singleton_hit_and_multi_condition_hit_same_value
    tests_operators::test_suffix
    tests_operators::test_three_level_nesting
    tests_operators::test_three_level_nesting_miri_friendly
    tests_operators::test_unicode_escape_emoji
    tests_operators::test_unicode_escape_in_event
    tests_operators::test_wb_digit_to_space
    tests_operators::test_wb_end_word_char
    tests_operators::test_wb_middle_nonword_to_word
    tests_operators::test_wb_middle_word_to_nonword
    tests_operators::test_wb_optional_quantifier
    tests_operators::test_wb_plus_quantifier
    tests_operators::test_wb_range_quantifier
    tests_operators::test_wb_start_word_char
    tests_operators::test_wb_utf8_emoji_boundary
    tests_operators::test_wb_utf8_multibyte
    tests_operators::test_wb_utf8_nonword_to_word
    tests_operators::test_wb_whole_word_at_end
    tests_operators::test_wb_whole_word_at_start
    tests_operators::test_wb_whole_word_match
    tests_operators::test_wb_whole_word_only
    tests_operators::test_wb_with_char_class
    tests_operators::test_wb_with_dot
    tests_operators::test_wildcard_comprehensive
    tests_operators::test_wildcard_contains
    tests_operators::test_wildcard_escape_backslash
    tests_operators::test_wildcard_escape_backslash_star
    tests_operators::test_wildcard_escape_backslash_wildcard
    tests_operators::test_wildcard_escape_sequences_comprehensive
    tests_operators::test_wildcard_escape_star
    tests_operators::test_wildcard_matches_empty_string
    tests_operators::test_wildcard_multi_patterns_basic
    tests_operators::test_wildcard_multi_patterns_complex1
    tests_operators::test_wildcard_multi_patterns_complex2
    tests_operators::test_wildcard_multi_patterns_double_exact
    tests_operators::test_wildcard_multi_patterns_double_exact2
    tests_operators::test_wildcard_multi_patterns_infix_exact
    tests_operators::test_wildcard_multi_patterns_infix_exact2
    tests_operators::test_wildcard_multi_patterns_infix_pair
    tests_operators::test_wildcard_multi_patterns_overlap1
    tests_operators::test_wildcard_multi_patterns_overlap2
    tests_operators::test_wildcard_multi_patterns_prefix_exact
    tests_operators::test_wildcard_multi_patterns_prefix_pair
    tests_operators::test_wildcard_multi_patterns_prefix_suffix
    tests_operators::test_wildcard_multi_patterns_prefix_suffix2
    tests_operators::test_wildcard_multi_patterns_suffix_double
    tests_operators::test_wildcard_multi_patterns_suffix_double2
    tests_operators::test_wildcard_multi_patterns_suffix_exact
    tests_operators::test_wildcard_multi_patterns_suffix_exact2
    tests_operators::test_wildcard_multi_patterns_suffix_infix
    tests_operators::test_wildcard_multi_patterns_suffix_infix2
    tests_operators::test_wildcard_multi_patterns_suffix_pair
    tests_operators::test_wildcard_multi_patterns_zero_expansion
    tests_operators::test_wildcard_prefix
    tests_operators::test_wildcard_suffix
    tests_operators::test_wildcard_unicode_strings
    tests_stress::test_arc_concurrent_read_write
    tests_stress::test_arc_field_matcher_sharing
    tests_stress::test_arc_memory_cleanup
    tests_stress::test_arc_pattern_lifecycle
    tests_stress::test_arc_snapshot_isolation
    tests_stress::test_bulk_add_correctness
    tests_stress::test_concurrent_citylots_stress
    tests_stress::test_concurrent_miri_friendly
    tests_stress::test_concurrent_update_during_matching
    tests_stress::test_exercise_matching_comprehensive
    tests_stress::test_exercise_matching_miri_friendly
    tests_stress::test_json_escape_all_eight
    tests_stress::test_memory_cleanup_miri_friendly
    tests_stress::test_multiple_patterns_same_id_comprehensive
    tests_stress::test_multiple_shellstyle_citylots_patterns
    tests_stress::test_numbits_ordering_through_range
    tests_stress::test_numbits_through_numeric_matching
    tests_stress::test_pathological_correctness
    tests_stress::test_pathological_correctness_miri_friendly
    tests_stress::test_pattern_insertion_scales_linearly
    tests_stress::test_stress_fuzz_numbers
    tests_stress::test_stress_fuzz_strings
    tests_stress::test_unicode_escape_mixed_codepoints
    tests_stress::test_unicode_escape_multiple_emojis
    tests_stress::test_unicode_escape_standard_escapes
    tests_stress::test_unicode_field_names
    tests_stress::test_unicode_field_names_surrogate_pairs
    tests_stress::test_unicode_member_names
    tests_stress::test_utf16_surrogate_pairs

test result: FAILED. 428 passed; 222 failed; 1 ignored; 0 measured; 0 filtered out; finished in 6.65s

error: test failed, to rerun pass `-p quamina --lib`

*** result: Failure(101)
