
*** src/regexp/parser.rs:232:23: replace >= with < in RegexpParse::next_rune

*** mutation diff:
--- src/regexp/parser.rs
+++ replace >= with < in RegexpParse::next_rune
@@ -224,17 +224,17 @@
         subtree
     }
 
     fn is_nested(&self) -> bool {
         !self.nesting.is_empty()
     }
 
     fn next_rune(&mut self) -> Result<char, RegexpError> {
-        if self.index >= self.bytes.len() {
+        if self.index < /* ~ changed by cargo-mutants ~ */ self.bytes.len() {
             return Err(RegexpError {
                 message: "end of string".into(),
                 offset: self.index,
             });
         }
         self.last_index = self.index;
 
         // Decode UTF-8


*** /Users/rishibaldawa/.rustup/toolchains/stable-aarch64-apple-darwin/bin/cargo test --no-run --profile=mutants --verbose --package=quamina@0.4.3
       Fresh cfg-if v1.0.4
       Fresh unicode-ident v1.0.22
       Fresh memchr v2.7.6
       Fresh find-msvc-tools v0.1.9
       Fresh shlex v1.3.0
       Fresh proc-macro2 v1.0.105
       Fresh autocfg v1.5.0
       Fresh cc v1.2.55
       Fresh simd-adler32 v0.3.8
       Fresh smallvec v1.15.1
       Fresh adler2 v2.0.1
       Fresh quote v1.0.43
       Fresh libc v0.2.180
       Fresh serde_core v1.0.228
       Fresh crossbeam-utils v0.8.21
       Fresh zmij v1.0.15
       Fresh either v1.15.0
       Fresh itoa v1.0.17
       Fresh scopeguard v1.2.0
       Fresh miniz_oxide v0.8.9
       Fresh aho-corasick v1.1.4
       Fresh syn v2.0.114
       Fresh crossbeam-epoch v0.9.18
       Fresh serde_json v1.0.149
       Fresh lock_api v0.4.14
       Fresh parking_lot_core v0.9.12
       Fresh rand_core v0.10.0
       Fresh ciborium-io v0.2.2
       Fresh plotters-backend v0.3.7
       Fresh regex-syntax v0.8.8
       Fresh clap_lex v0.7.7
       Fresh serde_derive v1.0.228
       Fresh zerocopy-derive v0.8.33
       Fresh crossbeam-deque v0.8.6
       Fresh anstyle v1.0.13
       Fresh gimli v0.32.3
       Fresh rustversion v1.0.22
       Fresh plotters-svg v0.3.7
       Fresh parking_lot v0.12.5
       Fresh regex-automata v0.4.13
       Fresh num-traits v0.2.19
       Fresh object v0.37.3
       Fresh itertools v0.13.0
       Fresh serde v1.0.228
       Fresh zerocopy v0.8.33
       Fresh addr2line v0.25.1
       Fresh clap_builder v4.5.54
       Fresh rayon-core v1.13.0
       Fresh same-file v1.0.6
       Fresh cast v0.3.0
       Fresh rustc-demangle v0.1.27
       Fresh regex v1.12.2
       Fresh arc-swap v1.8.0
       Fresh plotters v0.3.7
       Fresh alloca v0.4.0
       Fresh crc32fast v1.5.0
       Fresh half v2.7.1
       Fresh walkdir v2.5.0
       Fresh tinytemplate v1.2.1
       Fresh rayon v1.11.0
       Fresh criterion-plot v0.8.1
       Fresh clap v4.5.54
       Fresh getrandom v0.4.1
       Fresh backtrace v0.3.76
       Fresh chacha20 v0.10.0
       Fresh page_size v0.6.0
       Fresh anes v0.1.6
       Fresh rustc-hash v1.1.0
       Fresh fast-float2 v0.2.3
       Fresh thousands v0.2.0
       Fresh ciborium-ll v0.2.2
       Fresh lazy_static v1.5.0
       Fresh rustc-hash v2.1.1
       Fresh oorandom v11.1.5
       Fresh mintex v0.1.4
       Fresh rand v0.10.0
       Fresh cargo-husky v1.5.0
       Fresh flate2 v1.1.8
       Fresh ciborium v0.2.2
       Fresh dhat v0.3.3
       Dirty quamina v0.4.3 (/private/var/folders/zq/scmzs54x2md07_wwgys92v840000gn/T/cargo-mutants-quamina-rs-tjTnm9.tmp): the file `src/regexp/parser.rs` has changed (1773796868.674473395s, 9s after last build at 1773796859.641818241s)
   Compiling quamina v0.4.3 (/private/var/folders/zq/scmzs54x2md07_wwgys92v840000gn/T/cargo-mutants-quamina-rs-tjTnm9.tmp)
       Fresh criterion v0.8.1
     Running `/Users/rishibaldawa/.rustup/toolchains/stable-aarch64-apple-darwin/bin/rustc --crate-name quamina --edition=2021 src/lib.rs --error-format=json --json=diagnostic-rendered-ansi,artifacts,future-incompat --emit=dep-info,link -C embed-bitcode=no '--warn=clippy::perf' '--warn=clippy::use_self' '--warn=clippy::unused_peekable' --warn=unsafe_code --warn=unexpected_cfgs '--warn=clippy::undocumented_unsafe_blocks' '--warn=clippy::transmute_ptr_to_ptr' '--warn=clippy::redundant_clone' '--warn=clippy::or_fun_call' '--warn=clippy::equatable_if_let' '--warn=clippy::derive_partial_eq_without_eq' '--warn=clippy::branches_sharing_code' --check-cfg 'cfg(kani)' --test --check-cfg 'cfg(docsrs,test)' --check-cfg 'cfg(feature, values("dhat-heap"))' -C metadata=8daadff97ac78112 -C extra-filename=-137b7d067facf300 --out-dir /private/var/folders/zq/scmzs54x2md07_wwgys92v840000gn/T/cargo-mutants-quamina-rs-tjTnm9.tmp/target/mutants/deps -C incremental=/private/var/folders/zq/scmzs54x2md07_wwgys92v840000gn/T/cargo-mutants-quamina-rs-tjTnm9.tmp/target/mutants/incremental -C strip=debuginfo -L dependency=/private/var/folders/zq/scmzs54x2md07_wwgys92v840000gn/T/cargo-mutants-quamina-rs-tjTnm9.tmp/target/mutants/deps --extern arc_swap=/private/var/folders/zq/scmzs54x2md07_wwgys92v840000gn/T/cargo-mutants-quamina-rs-tjTnm9.tmp/target/mutants/deps/libarc_swap-8dc94c7baf7d6503.rlib --extern cargo_husky=/private/var/folders/zq/scmzs54x2md07_wwgys92v840000gn/T/cargo-mutants-quamina-rs-tjTnm9.tmp/target/mutants/deps/libcargo_husky-959d622cb0e854bd.rlib --extern criterion=/private/var/folders/zq/scmzs54x2md07_wwgys92v840000gn/T/cargo-mutants-quamina-rs-tjTnm9.tmp/target/mutants/deps/libcriterion-5d01252276bfc921.rlib --extern dhat=/private/var/folders/zq/scmzs54x2md07_wwgys92v840000gn/T/cargo-mutants-quamina-rs-tjTnm9.tmp/target/mutants/deps/libdhat-be327f7d283e6040.rlib --extern fast_float2=/private/var/folders/zq/scmzs54x2md07_wwgys92v840000gn/T/cargo-mutants-quamina-rs-tjTnm9.tmp/target/mutants/deps/libfast_float2-ab4bcc5370fb9d9d.rlib --extern flate2=/private/var/folders/zq/scmzs54x2md07_wwgys92v840000gn/T/cargo-mutants-quamina-rs-tjTnm9.tmp/target/mutants/deps/libflate2-770fd3ea371cf479.rlib --extern memchr=/private/var/folders/zq/scmzs54x2md07_wwgys92v840000gn/T/cargo-mutants-quamina-rs-tjTnm9.tmp/target/mutants/deps/libmemchr-fad7cfa0ce919f3e.rlib --extern parking_lot=/private/var/folders/zq/scmzs54x2md07_wwgys92v840000gn/T/cargo-mutants-quamina-rs-tjTnm9.tmp/target/mutants/deps/libparking_lot-ea040230acb2cfe8.rlib --extern rand=/private/var/folders/zq/scmzs54x2md07_wwgys92v840000gn/T/cargo-mutants-quamina-rs-tjTnm9.tmp/target/mutants/deps/librand-d62286a2584f1923.rlib --extern regex=/private/var/folders/zq/scmzs54x2md07_wwgys92v840000gn/T/cargo-mutants-quamina-rs-tjTnm9.tmp/target/mutants/deps/libregex-143ef4a17e2e5f75.rlib --extern rustc_hash=/private/var/folders/zq/scmzs54x2md07_wwgys92v840000gn/T/cargo-mutants-quamina-rs-tjTnm9.tmp/target/mutants/deps/librustc_hash-475025c22853c846.rlib --extern smallvec=/private/var/folders/zq/scmzs54x2md07_wwgys92v840000gn/T/cargo-mutants-quamina-rs-tjTnm9.tmp/target/mutants/deps/libsmallvec-aef4c19c0cf1c118.rlib -L native=/private/var/folders/zq/scmzs54x2md07_wwgys92v840000gn/T/cargo-mutants-quamina-rs-tjTnm9.tmp/target/mutants/build/alloca-02cacc78a7329cb4/out`
     Running `/Users/rishibaldawa/.rustup/toolchains/stable-aarch64-apple-darwin/bin/rustc --crate-name quamina --edition=2021 src/lib.rs --error-format=json --json=diagnostic-rendered-ansi,artifacts,future-incompat --crate-type lib --emit=dep-info,metadata,link -C embed-bitcode=no '--warn=clippy::perf' '--warn=clippy::use_self' '--warn=clippy::unused_peekable' --warn=unsafe_code --warn=unexpected_cfgs '--warn=clippy::undocumented_unsafe_blocks' '--warn=clippy::transmute_ptr_to_ptr' '--warn=clippy::redundant_clone' '--warn=clippy::or_fun_call' '--warn=clippy::equatable_if_let' '--warn=clippy::derive_partial_eq_without_eq' '--warn=clippy::branches_sharing_code' --check-cfg 'cfg(kani)' --check-cfg 'cfg(docsrs,test)' --check-cfg 'cfg(feature, values("dhat-heap"))' -C metadata=7632b1bb87c843c6 -C extra-filename=-28509fa74a3a2eed --out-dir /private/var/folders/zq/scmzs54x2md07_wwgys92v840000gn/T/cargo-mutants-quamina-rs-tjTnm9.tmp/target/mutants/deps -C incremental=/private/var/folders/zq/scmzs54x2md07_wwgys92v840000gn/T/cargo-mutants-quamina-rs-tjTnm9.tmp/target/mutants/incremental -C strip=debuginfo -L dependency=/private/var/folders/zq/scmzs54x2md07_wwgys92v840000gn/T/cargo-mutants-quamina-rs-tjTnm9.tmp/target/mutants/deps --extern arc_swap=/private/var/folders/zq/scmzs54x2md07_wwgys92v840000gn/T/cargo-mutants-quamina-rs-tjTnm9.tmp/target/mutants/deps/libarc_swap-8dc94c7baf7d6503.rmeta --extern fast_float2=/private/var/folders/zq/scmzs54x2md07_wwgys92v840000gn/T/cargo-mutants-quamina-rs-tjTnm9.tmp/target/mutants/deps/libfast_float2-ab4bcc5370fb9d9d.rmeta --extern memchr=/private/var/folders/zq/scmzs54x2md07_wwgys92v840000gn/T/cargo-mutants-quamina-rs-tjTnm9.tmp/target/mutants/deps/libmemchr-fad7cfa0ce919f3e.rmeta --extern parking_lot=/private/var/folders/zq/scmzs54x2md07_wwgys92v840000gn/T/cargo-mutants-quamina-rs-tjTnm9.tmp/target/mutants/deps/libparking_lot-ea040230acb2cfe8.rmeta --extern rustc_hash=/private/var/folders/zq/scmzs54x2md07_wwgys92v840000gn/T/cargo-mutants-quamina-rs-tjTnm9.tmp/target/mutants/deps/librustc_hash-475025c22853c846.rmeta --extern smallvec=/private/var/folders/zq/scmzs54x2md07_wwgys92v840000gn/T/cargo-mutants-quamina-rs-tjTnm9.tmp/target/mutants/deps/libsmallvec-aef4c19c0cf1c118.rmeta`
     Running `/Users/rishibaldawa/.rustup/toolchains/stable-aarch64-apple-darwin/bin/rustc --crate-name profile_shellstyle --edition=2021 examples/profile_shellstyle.rs --error-format=json --json=diagnostic-rendered-ansi,artifacts,future-incompat --crate-type bin --emit=dep-info,link -C embed-bitcode=no '--warn=clippy::perf' '--warn=clippy::use_self' '--warn=clippy::unused_peekable' --warn=unsafe_code --warn=unexpected_cfgs '--warn=clippy::undocumented_unsafe_blocks' '--warn=clippy::transmute_ptr_to_ptr' '--warn=clippy::redundant_clone' '--warn=clippy::or_fun_call' '--warn=clippy::equatable_if_let' '--warn=clippy::derive_partial_eq_without_eq' '--warn=clippy::branches_sharing_code' --check-cfg 'cfg(kani)' --check-cfg 'cfg(docsrs,test)' --check-cfg 'cfg(feature, values("dhat-heap"))' -C metadata=b090ced4cf867fae -C extra-filename=-f05994167a64dd15 --out-dir /private/var/folders/zq/scmzs54x2md07_wwgys92v840000gn/T/cargo-mutants-quamina-rs-tjTnm9.tmp/target/mutants/examples -C incremental=/private/var/folders/zq/scmzs54x2md07_wwgys92v840000gn/T/cargo-mutants-quamina-rs-tjTnm9.tmp/target/mutants/incremental -C strip=debuginfo -L dependency=/private/var/folders/zq/scmzs54x2md07_wwgys92v840000gn/T/cargo-mutants-quamina-rs-tjTnm9.tmp/target/mutants/deps --extern arc_swap=/private/var/folders/zq/scmzs54x2md07_wwgys92v840000gn/T/cargo-mutants-quamina-rs-tjTnm9.tmp/target/mutants/deps/libarc_swap-8dc94c7baf7d6503.rlib --extern cargo_husky=/private/var/folders/zq/scmzs54x2md07_wwgys92v840000gn/T/cargo-mutants-quamina-rs-tjTnm9.tmp/target/mutants/deps/libcargo_husky-959d622cb0e854bd.rlib --extern criterion=/private/var/folders/zq/scmzs54x2md07_wwgys92v840000gn/T/cargo-mutants-quamina-rs-tjTnm9.tmp/target/mutants/deps/libcriterion-5d01252276bfc921.rlib --extern dhat=/private/var/folders/zq/scmzs54x2md07_wwgys92v840000gn/T/cargo-mutants-quamina-rs-tjTnm9.tmp/target/mutants/deps/libdhat-be327f7d283e6040.rlib --extern fast_float2=/private/var/folders/zq/scmzs54x2md07_wwgys92v840000gn/T/cargo-mutants-quamina-rs-tjTnm9.tmp/target/mutants/deps/libfast_float2-ab4bcc5370fb9d9d.rlib --extern flate2=/private/var/folders/zq/scmzs54x2md07_wwgys92v840000gn/T/cargo-mutants-quamina-rs-tjTnm9.tmp/target/mutants/deps/libflate2-770fd3ea371cf479.rlib --extern memchr=/private/var/folders/zq/scmzs54x2md07_wwgys92v840000gn/T/cargo-mutants-quamina-rs-tjTnm9.tmp/target/mutants/deps/libmemchr-fad7cfa0ce919f3e.rlib --extern parking_lot=/private/var/folders/zq/scmzs54x2md07_wwgys92v840000gn/T/cargo-mutants-quamina-rs-tjTnm9.tmp/target/mutants/deps/libparking_lot-ea040230acb2cfe8.rlib --extern quamina=/private/var/folders/zq/scmzs54x2md07_wwgys92v840000gn/T/cargo-mutants-quamina-rs-tjTnm9.tmp/target/mutants/deps/libquamina-28509fa74a3a2eed.rlib --extern rand=/private/var/folders/zq/scmzs54x2md07_wwgys92v840000gn/T/cargo-mutants-quamina-rs-tjTnm9.tmp/target/mutants/deps/librand-d62286a2584f1923.rlib --extern regex=/private/var/folders/zq/scmzs54x2md07_wwgys92v840000gn/T/cargo-mutants-quamina-rs-tjTnm9.tmp/target/mutants/deps/libregex-143ef4a17e2e5f75.rlib --extern rustc_hash=/private/var/folders/zq/scmzs54x2md07_wwgys92v840000gn/T/cargo-mutants-quamina-rs-tjTnm9.tmp/target/mutants/deps/librustc_hash-475025c22853c846.rlib --extern smallvec=/private/var/folders/zq/scmzs54x2md07_wwgys92v840000gn/T/cargo-mutants-quamina-rs-tjTnm9.tmp/target/mutants/deps/libsmallvec-aef4c19c0cf1c118.rlib -L native=/private/var/folders/zq/scmzs54x2md07_wwgys92v840000gn/T/cargo-mutants-quamina-rs-tjTnm9.tmp/target/mutants/build/alloca-02cacc78a7329cb4/out`
     Running `/Users/rishibaldawa/.rustup/toolchains/stable-aarch64-apple-darwin/bin/rustc --crate-name profile_pathological --edition=2021 examples/profile_pathological.rs --error-format=json --json=diagnostic-rendered-ansi,artifacts,future-incompat --crate-type bin --emit=dep-info,link -C embed-bitcode=no '--warn=clippy::perf' '--warn=clippy::use_self' '--warn=clippy::unused_peekable' --warn=unsafe_code --warn=unexpected_cfgs '--warn=clippy::undocumented_unsafe_blocks' '--warn=clippy::transmute_ptr_to_ptr' '--warn=clippy::redundant_clone' '--warn=clippy::or_fun_call' '--warn=clippy::equatable_if_let' '--warn=clippy::derive_partial_eq_without_eq' '--warn=clippy::branches_sharing_code' --check-cfg 'cfg(kani)' --check-cfg 'cfg(docsrs,test)' --check-cfg 'cfg(feature, values("dhat-heap"))' -C metadata=4ab4091f48300c18 -C extra-filename=-6843d868e4b50205 --out-dir /private/var/folders/zq/scmzs54x2md07_wwgys92v840000gn/T/cargo-mutants-quamina-rs-tjTnm9.tmp/target/mutants/examples -C incremental=/private/var/folders/zq/scmzs54x2md07_wwgys92v840000gn/T/cargo-mutants-quamina-rs-tjTnm9.tmp/target/mutants/incremental -C strip=debuginfo -L dependency=/private/var/folders/zq/scmzs54x2md07_wwgys92v840000gn/T/cargo-mutants-quamina-rs-tjTnm9.tmp/target/mutants/deps --extern arc_swap=/private/var/folders/zq/scmzs54x2md07_wwgys92v840000gn/T/cargo-mutants-quamina-rs-tjTnm9.tmp/target/mutants/deps/libarc_swap-8dc94c7baf7d6503.rlib --extern cargo_husky=/private/var/folders/zq/scmzs54x2md07_wwgys92v840000gn/T/cargo-mutants-quamina-rs-tjTnm9.tmp/target/mutants/deps/libcargo_husky-959d622cb0e854bd.rlib --extern criterion=/private/var/folders/zq/scmzs54x2md07_wwgys92v840000gn/T/cargo-mutants-quamina-rs-tjTnm9.tmp/target/mutants/deps/libcriterion-5d01252276bfc921.rlib --extern dhat=/private/var/folders/zq/scmzs54x2md07_wwgys92v840000gn/T/cargo-mutants-quamina-rs-tjTnm9.tmp/target/mutants/deps/libdhat-be327f7d283e6040.rlib --extern fast_float2=/private/var/folders/zq/scmzs54x2md07_wwgys92v840000gn/T/cargo-mutants-quamina-rs-tjTnm9.tmp/target/mutants/deps/libfast_float2-ab4bcc5370fb9d9d.rlib --extern flate2=/private/var/folders/zq/scmzs54x2md07_wwgys92v840000gn/T/cargo-mutants-quamina-rs-tjTnm9.tmp/target/mutants/deps/libflate2-770fd3ea371cf479.rlib --extern memchr=/private/var/folders/zq/scmzs54x2md07_wwgys92v840000gn/T/cargo-mutants-quamina-rs-tjTnm9.tmp/target/mutants/deps/libmemchr-fad7cfa0ce919f3e.rlib --extern parking_lot=/private/var/folders/zq/scmzs54x2md07_wwgys92v840000gn/T/cargo-mutants-quamina-rs-tjTnm9.tmp/target/mutants/deps/libparking_lot-ea040230acb2cfe8.rlib --extern quamina=/private/var/folders/zq/scmzs54x2md07_wwgys92v840000gn/T/cargo-mutants-quamina-rs-tjTnm9.tmp/target/mutants/deps/libquamina-28509fa74a3a2eed.rlib --extern rand=/private/var/folders/zq/scmzs54x2md07_wwgys92v840000gn/T/cargo-mutants-quamina-rs-tjTnm9.tmp/target/mutants/deps/librand-d62286a2584f1923.rlib --extern regex=/private/var/folders/zq/scmzs54x2md07_wwgys92v840000gn/T/cargo-mutants-quamina-rs-tjTnm9.tmp/target/mutants/deps/libregex-143ef4a17e2e5f75.rlib --extern rustc_hash=/private/var/folders/zq/scmzs54x2md07_wwgys92v840000gn/T/cargo-mutants-quamina-rs-tjTnm9.tmp/target/mutants/deps/librustc_hash-475025c22853c846.rlib --extern smallvec=/private/var/folders/zq/scmzs54x2md07_wwgys92v840000gn/T/cargo-mutants-quamina-rs-tjTnm9.tmp/target/mutants/deps/libsmallvec-aef4c19c0cf1c118.rlib -L native=/private/var/folders/zq/scmzs54x2md07_wwgys92v840000gn/T/cargo-mutants-quamina-rs-tjTnm9.tmp/target/mutants/build/alloca-02cacc78a7329cb4/out`
     Running `/Users/rishibaldawa/.rustup/toolchains/stable-aarch64-apple-darwin/bin/rustc --crate-name smoke --edition=2021 examples/smoke.rs --error-format=json --json=diagnostic-rendered-ansi,artifacts,future-incompat --crate-type bin --emit=dep-info,link -C embed-bitcode=no '--warn=clippy::perf' '--warn=clippy::use_self' '--warn=clippy::unused_peekable' --warn=unsafe_code --warn=unexpected_cfgs '--warn=clippy::undocumented_unsafe_blocks' '--warn=clippy::transmute_ptr_to_ptr' '--warn=clippy::redundant_clone' '--warn=clippy::or_fun_call' '--warn=clippy::equatable_if_let' '--warn=clippy::derive_partial_eq_without_eq' '--warn=clippy::branches_sharing_code' --check-cfg 'cfg(kani)' --check-cfg 'cfg(docsrs,test)' --check-cfg 'cfg(feature, values("dhat-heap"))' -C metadata=9e01bfaade60c5a3 -C extra-filename=-4836a85ebcf42562 --out-dir /private/var/folders/zq/scmzs54x2md07_wwgys92v840000gn/T/cargo-mutants-quamina-rs-tjTnm9.tmp/target/mutants/examples -C incremental=/private/var/folders/zq/scmzs54x2md07_wwgys92v840000gn/T/cargo-mutants-quamina-rs-tjTnm9.tmp/target/mutants/incremental -C strip=debuginfo -L dependency=/private/var/folders/zq/scmzs54x2md07_wwgys92v840000gn/T/cargo-mutants-quamina-rs-tjTnm9.tmp/target/mutants/deps --extern arc_swap=/private/var/folders/zq/scmzs54x2md07_wwgys92v840000gn/T/cargo-mutants-quamina-rs-tjTnm9.tmp/target/mutants/deps/libarc_swap-8dc94c7baf7d6503.rlib --extern cargo_husky=/private/var/folders/zq/scmzs54x2md07_wwgys92v840000gn/T/cargo-mutants-quamina-rs-tjTnm9.tmp/target/mutants/deps/libcargo_husky-959d622cb0e854bd.rlib --extern criterion=/private/var/folders/zq/scmzs54x2md07_wwgys92v840000gn/T/cargo-mutants-quamina-rs-tjTnm9.tmp/target/mutants/deps/libcriterion-5d01252276bfc921.rlib --extern dhat=/private/var/folders/zq/scmzs54x2md07_wwgys92v840000gn/T/cargo-mutants-quamina-rs-tjTnm9.tmp/target/mutants/deps/libdhat-be327f7d283e6040.rlib --extern fast_float2=/private/var/folders/zq/scmzs54x2md07_wwgys92v840000gn/T/cargo-mutants-quamina-rs-tjTnm9.tmp/target/mutants/deps/libfast_float2-ab4bcc5370fb9d9d.rlib --extern flate2=/private/var/folders/zq/scmzs54x2md07_wwgys92v840000gn/T/cargo-mutants-quamina-rs-tjTnm9.tmp/target/mutants/deps/libflate2-770fd3ea371cf479.rlib --extern memchr=/private/var/folders/zq/scmzs54x2md07_wwgys92v840000gn/T/cargo-mutants-quamina-rs-tjTnm9.tmp/target/mutants/deps/libmemchr-fad7cfa0ce919f3e.rlib --extern parking_lot=/private/var/folders/zq/scmzs54x2md07_wwgys92v840000gn/T/cargo-mutants-quamina-rs-tjTnm9.tmp/target/mutants/deps/libparking_lot-ea040230acb2cfe8.rlib --extern quamina=/private/var/folders/zq/scmzs54x2md07_wwgys92v840000gn/T/cargo-mutants-quamina-rs-tjTnm9.tmp/target/mutants/deps/libquamina-28509fa74a3a2eed.rlib --extern rand=/private/var/folders/zq/scmzs54x2md07_wwgys92v840000gn/T/cargo-mutants-quamina-rs-tjTnm9.tmp/target/mutants/deps/librand-d62286a2584f1923.rlib --extern regex=/private/var/folders/zq/scmzs54x2md07_wwgys92v840000gn/T/cargo-mutants-quamina-rs-tjTnm9.tmp/target/mutants/deps/libregex-143ef4a17e2e5f75.rlib --extern rustc_hash=/private/var/folders/zq/scmzs54x2md07_wwgys92v840000gn/T/cargo-mutants-quamina-rs-tjTnm9.tmp/target/mutants/deps/librustc_hash-475025c22853c846.rlib --extern smallvec=/private/var/folders/zq/scmzs54x2md07_wwgys92v840000gn/T/cargo-mutants-quamina-rs-tjTnm9.tmp/target/mutants/deps/libsmallvec-aef4c19c0cf1c118.rlib -L native=/private/var/folders/zq/scmzs54x2md07_wwgys92v840000gn/T/cargo-mutants-quamina-rs-tjTnm9.tmp/target/mutants/build/alloca-02cacc78a7329cb4/out`
     Running `/Users/rishibaldawa/.rustup/toolchains/stable-aarch64-apple-darwin/bin/rustc --crate-name profile_citylots --edition=2021 examples/profile_citylots.rs --error-format=json --json=diagnostic-rendered-ansi,artifacts,future-incompat --crate-type bin --emit=dep-info,link -C embed-bitcode=no '--warn=clippy::perf' '--warn=clippy::use_self' '--warn=clippy::unused_peekable' --warn=unsafe_code --warn=unexpected_cfgs '--warn=clippy::undocumented_unsafe_blocks' '--warn=clippy::transmute_ptr_to_ptr' '--warn=clippy::redundant_clone' '--warn=clippy::or_fun_call' '--warn=clippy::equatable_if_let' '--warn=clippy::derive_partial_eq_without_eq' '--warn=clippy::branches_sharing_code' --check-cfg 'cfg(kani)' --check-cfg 'cfg(docsrs,test)' --check-cfg 'cfg(feature, values("dhat-heap"))' -C metadata=981009bbc3295b3e -C extra-filename=-86163ab00eefc0b6 --out-dir /private/var/folders/zq/scmzs54x2md07_wwgys92v840000gn/T/cargo-mutants-quamina-rs-tjTnm9.tmp/target/mutants/examples -C incremental=/private/var/folders/zq/scmzs54x2md07_wwgys92v840000gn/T/cargo-mutants-quamina-rs-tjTnm9.tmp/target/mutants/incremental -C strip=debuginfo -L dependency=/private/var/folders/zq/scmzs54x2md07_wwgys92v840000gn/T/cargo-mutants-quamina-rs-tjTnm9.tmp/target/mutants/deps --extern arc_swap=/private/var/folders/zq/scmzs54x2md07_wwgys92v840000gn/T/cargo-mutants-quamina-rs-tjTnm9.tmp/target/mutants/deps/libarc_swap-8dc94c7baf7d6503.rlib --extern cargo_husky=/private/var/folders/zq/scmzs54x2md07_wwgys92v840000gn/T/cargo-mutants-quamina-rs-tjTnm9.tmp/target/mutants/deps/libcargo_husky-959d622cb0e854bd.rlib --extern criterion=/private/var/folders/zq/scmzs54x2md07_wwgys92v840000gn/T/cargo-mutants-quamina-rs-tjTnm9.tmp/target/mutants/deps/libcriterion-5d01252276bfc921.rlib --extern dhat=/private/var/folders/zq/scmzs54x2md07_wwgys92v840000gn/T/cargo-mutants-quamina-rs-tjTnm9.tmp/target/mutants/deps/libdhat-be327f7d283e6040.rlib --extern fast_float2=/private/var/folders/zq/scmzs54x2md07_wwgys92v840000gn/T/cargo-mutants-quamina-rs-tjTnm9.tmp/target/mutants/deps/libfast_float2-ab4bcc5370fb9d9d.rlib --extern flate2=/private/var/folders/zq/scmzs54x2md07_wwgys92v840000gn/T/cargo-mutants-quamina-rs-tjTnm9.tmp/target/mutants/deps/libflate2-770fd3ea371cf479.rlib --extern memchr=/private/var/folders/zq/scmzs54x2md07_wwgys92v840000gn/T/cargo-mutants-quamina-rs-tjTnm9.tmp/target/mutants/deps/libmemchr-fad7cfa0ce919f3e.rlib --extern parking_lot=/private/var/folders/zq/scmzs54x2md07_wwgys92v840000gn/T/cargo-mutants-quamina-rs-tjTnm9.tmp/target/mutants/deps/libparking_lot-ea040230acb2cfe8.rlib --extern quamina=/private/var/folders/zq/scmzs54x2md07_wwgys92v840000gn/T/cargo-mutants-quamina-rs-tjTnm9.tmp/target/mutants/deps/libquamina-28509fa74a3a2eed.rlib --extern rand=/private/var/folders/zq/scmzs54x2md07_wwgys92v840000gn/T/cargo-mutants-quamina-rs-tjTnm9.tmp/target/mutants/deps/librand-d62286a2584f1923.rlib --extern regex=/private/var/folders/zq/scmzs54x2md07_wwgys92v840000gn/T/cargo-mutants-quamina-rs-tjTnm9.tmp/target/mutants/deps/libregex-143ef4a17e2e5f75.rlib --extern rustc_hash=/private/var/folders/zq/scmzs54x2md07_wwgys92v840000gn/T/cargo-mutants-quamina-rs-tjTnm9.tmp/target/mutants/deps/librustc_hash-475025c22853c846.rlib --extern smallvec=/private/var/folders/zq/scmzs54x2md07_wwgys92v840000gn/T/cargo-mutants-quamina-rs-tjTnm9.tmp/target/mutants/deps/libsmallvec-aef4c19c0cf1c118.rlib -L native=/private/var/folders/zq/scmzs54x2md07_wwgys92v840000gn/T/cargo-mutants-quamina-rs-tjTnm9.tmp/target/mutants/build/alloca-02cacc78a7329cb4/out`
    Finished `mutants` profile [unoptimized] target(s) in 0.97s
  Executable `/private/var/folders/zq/scmzs54x2md07_wwgys92v840000gn/T/cargo-mutants-quamina-rs-tjTnm9.tmp/target/mutants/deps/quamina-137b7d067facf300`

*** result: Success

*** /Users/rishibaldawa/.rustup/toolchains/stable-aarch64-apple-darwin/bin/cargo test --profile=mutants --verbose --package=quamina@0.4.3 --all-targets
       Fresh cfg-if v1.0.4
       Fresh unicode-ident v1.0.22
       Fresh memchr v2.7.6
       Fresh shlex v1.3.0
       Fresh find-msvc-tools v0.1.9
       Fresh autocfg v1.5.0
       Fresh cc v1.2.55
       Fresh smallvec v1.15.1
       Fresh proc-macro2 v1.0.105
       Fresh libc v0.2.180
       Fresh serde_core v1.0.228
       Fresh crossbeam-utils v0.8.21
       Fresh zmij v1.0.15
       Fresh adler2 v2.0.1
       Fresh itoa v1.0.17
       Fresh simd-adler32 v0.3.8
       Fresh either v1.15.0
       Fresh scopeguard v1.2.0
       Fresh quote v1.0.43
       Fresh crossbeam-epoch v0.9.18
       Fresh parking_lot_core v0.9.12
       Fresh serde_json v1.0.149
       Fresh miniz_oxide v0.8.9
       Fresh lock_api v0.4.14
       Fresh aho-corasick v1.1.4
       Fresh rand_core v0.10.0
       Fresh anstyle v1.0.13
       Fresh ciborium-io v0.2.2
       Fresh regex-syntax v0.8.8
       Fresh clap_lex v0.7.7
       Fresh syn v2.0.114
       Fresh crossbeam-deque v0.8.6
       Fresh plotters-backend v0.3.7
       Fresh gimli v0.32.3
       Fresh regex-automata v0.4.13
       Fresh parking_lot v0.12.5
       Fresh clap_builder v4.5.54
       Fresh rustversion v1.0.22
       Fresh itertools v0.13.0
       Fresh object v0.37.3
       Fresh num-traits v0.2.19
       Fresh zerocopy-derive v0.8.33
       Fresh serde_derive v1.0.228
       Fresh addr2line v0.25.1
       Fresh plotters-svg v0.3.7
       Fresh rayon-core v1.13.0
       Fresh rustc-demangle v0.1.27
       Fresh cast v0.3.0
       Fresh same-file v1.0.6
       Fresh regex v1.12.2
       Fresh arc-swap v1.8.0
       Fresh crc32fast v1.5.0
       Fresh alloca v0.4.0
       Fresh getrandom v0.4.1
       Fresh clap v4.5.54
       Fresh zerocopy v0.8.33
       Fresh serde v1.0.228
       Fresh walkdir v2.5.0
       Fresh plotters v0.3.7
       Fresh criterion-plot v0.8.1
       Fresh rayon v1.11.0
       Fresh backtrace v0.3.76
       Fresh chacha20 v0.10.0
       Fresh page_size v0.6.0
       Fresh rustc-hash v1.1.0
       Fresh fast-float2 v0.2.3
       Fresh oorandom v11.1.5
       Fresh mintex v0.1.4
       Fresh rustc-hash v2.1.1
       Fresh thousands v0.2.0
       Fresh half v2.7.1
       Fresh tinytemplate v1.2.1
       Fresh anes v0.1.6
       Fresh lazy_static v1.5.0
       Fresh rand v0.10.0
       Fresh flate2 v1.1.8
       Fresh cargo-husky v1.5.0
       Fresh ciborium-ll v0.2.2
       Fresh dhat v0.3.3
       Fresh ciborium v0.2.2
       Fresh criterion v0.8.1
       Dirty quamina v0.4.3 (/private/var/folders/zq/scmzs54x2md07_wwgys92v840000gn/T/cargo-mutants-quamina-rs-tjTnm9.tmp): the dependency quamina was rebuilt (1773796869.052977784s, 8s after last build at 1773796861.042190905s)
   Compiling quamina v0.4.3 (/private/var/folders/zq/scmzs54x2md07_wwgys92v840000gn/T/cargo-mutants-quamina-rs-tjTnm9.tmp)
     Running `/Users/rishibaldawa/.rustup/toolchains/stable-aarch64-apple-darwin/bin/rustc --crate-name memory --edition=2021 benches/memory.rs --error-format=json --json=diagnostic-rendered-ansi,artifacts,future-incompat --emit=dep-info,link -C embed-bitcode=no '--warn=clippy::perf' '--warn=clippy::use_self' '--warn=clippy::unused_peekable' --warn=unsafe_code --warn=unexpected_cfgs '--warn=clippy::undocumented_unsafe_blocks' '--warn=clippy::transmute_ptr_to_ptr' '--warn=clippy::redundant_clone' '--warn=clippy::or_fun_call' '--warn=clippy::equatable_if_let' '--warn=clippy::derive_partial_eq_without_eq' '--warn=clippy::branches_sharing_code' --check-cfg 'cfg(kani)' --cfg test --check-cfg 'cfg(docsrs,test)' --check-cfg 'cfg(feature, values("dhat-heap"))' -C metadata=e43666ab1d726ea7 -C extra-filename=-94c7cd016dd302fd --out-dir /private/var/folders/zq/scmzs54x2md07_wwgys92v840000gn/T/cargo-mutants-quamina-rs-tjTnm9.tmp/target/mutants/deps -C incremental=/private/var/folders/zq/scmzs54x2md07_wwgys92v840000gn/T/cargo-mutants-quamina-rs-tjTnm9.tmp/target/mutants/incremental -C strip=debuginfo -L dependency=/private/var/folders/zq/scmzs54x2md07_wwgys92v840000gn/T/cargo-mutants-quamina-rs-tjTnm9.tmp/target/mutants/deps --extern arc_swap=/private/var/folders/zq/scmzs54x2md07_wwgys92v840000gn/T/cargo-mutants-quamina-rs-tjTnm9.tmp/target/mutants/deps/libarc_swap-8dc94c7baf7d6503.rlib --extern cargo_husky=/private/var/folders/zq/scmzs54x2md07_wwgys92v840000gn/T/cargo-mutants-quamina-rs-tjTnm9.tmp/target/mutants/deps/libcargo_husky-959d622cb0e854bd.rlib --extern criterion=/private/var/folders/zq/scmzs54x2md07_wwgys92v840000gn/T/cargo-mutants-quamina-rs-tjTnm9.tmp/target/mutants/deps/libcriterion-5d01252276bfc921.rlib --extern dhat=/private/var/folders/zq/scmzs54x2md07_wwgys92v840000gn/T/cargo-mutants-quamina-rs-tjTnm9.tmp/target/mutants/deps/libdhat-be327f7d283e6040.rlib --extern fast_float2=/private/var/folders/zq/scmzs54x2md07_wwgys92v840000gn/T/cargo-mutants-quamina-rs-tjTnm9.tmp/target/mutants/deps/libfast_float2-ab4bcc5370fb9d9d.rlib --extern flate2=/private/var/folders/zq/scmzs54x2md07_wwgys92v840000gn/T/cargo-mutants-quamina-rs-tjTnm9.tmp/target/mutants/deps/libflate2-770fd3ea371cf479.rlib --extern memchr=/private/var/folders/zq/scmzs54x2md07_wwgys92v840000gn/T/cargo-mutants-quamina-rs-tjTnm9.tmp/target/mutants/deps/libmemchr-fad7cfa0ce919f3e.rlib --extern parking_lot=/private/var/folders/zq/scmzs54x2md07_wwgys92v840000gn/T/cargo-mutants-quamina-rs-tjTnm9.tmp/target/mutants/deps/libparking_lot-ea040230acb2cfe8.rlib --extern quamina=/private/var/folders/zq/scmzs54x2md07_wwgys92v840000gn/T/cargo-mutants-quamina-rs-tjTnm9.tmp/target/mutants/deps/libquamina-28509fa74a3a2eed.rlib --extern rand=/private/var/folders/zq/scmzs54x2md07_wwgys92v840000gn/T/cargo-mutants-quamina-rs-tjTnm9.tmp/target/mutants/deps/librand-d62286a2584f1923.rlib --extern regex=/private/var/folders/zq/scmzs54x2md07_wwgys92v840000gn/T/cargo-mutants-quamina-rs-tjTnm9.tmp/target/mutants/deps/libregex-143ef4a17e2e5f75.rlib --extern rustc_hash=/private/var/folders/zq/scmzs54x2md07_wwgys92v840000gn/T/cargo-mutants-quamina-rs-tjTnm9.tmp/target/mutants/deps/librustc_hash-475025c22853c846.rlib --extern smallvec=/private/var/folders/zq/scmzs54x2md07_wwgys92v840000gn/T/cargo-mutants-quamina-rs-tjTnm9.tmp/target/mutants/deps/libsmallvec-aef4c19c0cf1c118.rlib -L native=/private/var/folders/zq/scmzs54x2md07_wwgys92v840000gn/T/cargo-mutants-quamina-rs-tjTnm9.tmp/target/mutants/build/alloca-02cacc78a7329cb4/out`
     Running `/Users/rishibaldawa/.rustup/toolchains/stable-aarch64-apple-darwin/bin/rustc --crate-name matching --edition=2021 benches/matching.rs --error-format=json --json=diagnostic-rendered-ansi,artifacts,future-incompat --emit=dep-info,link -C embed-bitcode=no '--warn=clippy::perf' '--warn=clippy::use_self' '--warn=clippy::unused_peekable' --warn=unsafe_code --warn=unexpected_cfgs '--warn=clippy::undocumented_unsafe_blocks' '--warn=clippy::transmute_ptr_to_ptr' '--warn=clippy::redundant_clone' '--warn=clippy::or_fun_call' '--warn=clippy::equatable_if_let' '--warn=clippy::derive_partial_eq_without_eq' '--warn=clippy::branches_sharing_code' --check-cfg 'cfg(kani)' --cfg test --check-cfg 'cfg(docsrs,test)' --check-cfg 'cfg(feature, values("dhat-heap"))' -C metadata=36a5dd4bf24a2904 -C extra-filename=-55f5e7b21be2df53 --out-dir /private/var/folders/zq/scmzs54x2md07_wwgys92v840000gn/T/cargo-mutants-quamina-rs-tjTnm9.tmp/target/mutants/deps -C incremental=/private/var/folders/zq/scmzs54x2md07_wwgys92v840000gn/T/cargo-mutants-quamina-rs-tjTnm9.tmp/target/mutants/incremental -C strip=debuginfo -L dependency=/private/var/folders/zq/scmzs54x2md07_wwgys92v840000gn/T/cargo-mutants-quamina-rs-tjTnm9.tmp/target/mutants/deps --extern arc_swap=/private/var/folders/zq/scmzs54x2md07_wwgys92v840000gn/T/cargo-mutants-quamina-rs-tjTnm9.tmp/target/mutants/deps/libarc_swap-8dc94c7baf7d6503.rlib --extern cargo_husky=/private/var/folders/zq/scmzs54x2md07_wwgys92v840000gn/T/cargo-mutants-quamina-rs-tjTnm9.tmp/target/mutants/deps/libcargo_husky-959d622cb0e854bd.rlib --extern criterion=/private/var/folders/zq/scmzs54x2md07_wwgys92v840000gn/T/cargo-mutants-quamina-rs-tjTnm9.tmp/target/mutants/deps/libcriterion-5d01252276bfc921.rlib --extern dhat=/private/var/folders/zq/scmzs54x2md07_wwgys92v840000gn/T/cargo-mutants-quamina-rs-tjTnm9.tmp/target/mutants/deps/libdhat-be327f7d283e6040.rlib --extern fast_float2=/private/var/folders/zq/scmzs54x2md07_wwgys92v840000gn/T/cargo-mutants-quamina-rs-tjTnm9.tmp/target/mutants/deps/libfast_float2-ab4bcc5370fb9d9d.rlib --extern flate2=/private/var/folders/zq/scmzs54x2md07_wwgys92v840000gn/T/cargo-mutants-quamina-rs-tjTnm9.tmp/target/mutants/deps/libflate2-770fd3ea371cf479.rlib --extern memchr=/private/var/folders/zq/scmzs54x2md07_wwgys92v840000gn/T/cargo-mutants-quamina-rs-tjTnm9.tmp/target/mutants/deps/libmemchr-fad7cfa0ce919f3e.rlib --extern parking_lot=/private/var/folders/zq/scmzs54x2md07_wwgys92v840000gn/T/cargo-mutants-quamina-rs-tjTnm9.tmp/target/mutants/deps/libparking_lot-ea040230acb2cfe8.rlib --extern quamina=/private/var/folders/zq/scmzs54x2md07_wwgys92v840000gn/T/cargo-mutants-quamina-rs-tjTnm9.tmp/target/mutants/deps/libquamina-28509fa74a3a2eed.rlib --extern rand=/private/var/folders/zq/scmzs54x2md07_wwgys92v840000gn/T/cargo-mutants-quamina-rs-tjTnm9.tmp/target/mutants/deps/librand-d62286a2584f1923.rlib --extern regex=/private/var/folders/zq/scmzs54x2md07_wwgys92v840000gn/T/cargo-mutants-quamina-rs-tjTnm9.tmp/target/mutants/deps/libregex-143ef4a17e2e5f75.rlib --extern rustc_hash=/private/var/folders/zq/scmzs54x2md07_wwgys92v840000gn/T/cargo-mutants-quamina-rs-tjTnm9.tmp/target/mutants/deps/librustc_hash-475025c22853c846.rlib --extern smallvec=/private/var/folders/zq/scmzs54x2md07_wwgys92v840000gn/T/cargo-mutants-quamina-rs-tjTnm9.tmp/target/mutants/deps/libsmallvec-aef4c19c0cf1c118.rlib -L native=/private/var/folders/zq/scmzs54x2md07_wwgys92v840000gn/T/cargo-mutants-quamina-rs-tjTnm9.tmp/target/mutants/build/alloca-02cacc78a7329cb4/out`
     Running `/Users/rishibaldawa/.rustup/toolchains/stable-aarch64-apple-darwin/bin/rustc --crate-name profile_pathological --edition=2021 examples/profile_pathological.rs --error-format=json --json=diagnostic-rendered-ansi,artifacts,future-incompat --emit=dep-info,link -C embed-bitcode=no '--warn=clippy::perf' '--warn=clippy::use_self' '--warn=clippy::unused_peekable' --warn=unsafe_code --warn=unexpected_cfgs '--warn=clippy::undocumented_unsafe_blocks' '--warn=clippy::transmute_ptr_to_ptr' '--warn=clippy::redundant_clone' '--warn=clippy::or_fun_call' '--warn=clippy::equatable_if_let' '--warn=clippy::derive_partial_eq_without_eq' '--warn=clippy::branches_sharing_code' --check-cfg 'cfg(kani)' --test --check-cfg 'cfg(docsrs,test)' --check-cfg 'cfg(feature, values("dhat-heap"))' -C metadata=593a33a3a5e44193 -C extra-filename=-dd244cd3e6984c6e --out-dir /private/var/folders/zq/scmzs54x2md07_wwgys92v840000gn/T/cargo-mutants-quamina-rs-tjTnm9.tmp/target/mutants/examples -C incremental=/private/var/folders/zq/scmzs54x2md07_wwgys92v840000gn/T/cargo-mutants-quamina-rs-tjTnm9.tmp/target/mutants/incremental -C strip=debuginfo -L dependency=/private/var/folders/zq/scmzs54x2md07_wwgys92v840000gn/T/cargo-mutants-quamina-rs-tjTnm9.tmp/target/mutants/deps --extern arc_swap=/private/var/folders/zq/scmzs54x2md07_wwgys92v840000gn/T/cargo-mutants-quamina-rs-tjTnm9.tmp/target/mutants/deps/libarc_swap-8dc94c7baf7d6503.rlib --extern cargo_husky=/private/var/folders/zq/scmzs54x2md07_wwgys92v840000gn/T/cargo-mutants-quamina-rs-tjTnm9.tmp/target/mutants/deps/libcargo_husky-959d622cb0e854bd.rlib --extern criterion=/private/var/folders/zq/scmzs54x2md07_wwgys92v840000gn/T/cargo-mutants-quamina-rs-tjTnm9.tmp/target/mutants/deps/libcriterion-5d01252276bfc921.rlib --extern dhat=/private/var/folders/zq/scmzs54x2md07_wwgys92v840000gn/T/cargo-mutants-quamina-rs-tjTnm9.tmp/target/mutants/deps/libdhat-be327f7d283e6040.rlib --extern fast_float2=/private/var/folders/zq/scmzs54x2md07_wwgys92v840000gn/T/cargo-mutants-quamina-rs-tjTnm9.tmp/target/mutants/deps/libfast_float2-ab4bcc5370fb9d9d.rlib --extern flate2=/private/var/folders/zq/scmzs54x2md07_wwgys92v840000gn/T/cargo-mutants-quamina-rs-tjTnm9.tmp/target/mutants/deps/libflate2-770fd3ea371cf479.rlib --extern memchr=/private/var/folders/zq/scmzs54x2md07_wwgys92v840000gn/T/cargo-mutants-quamina-rs-tjTnm9.tmp/target/mutants/deps/libmemchr-fad7cfa0ce919f3e.rlib --extern parking_lot=/private/var/folders/zq/scmzs54x2md07_wwgys92v840000gn/T/cargo-mutants-quamina-rs-tjTnm9.tmp/target/mutants/deps/libparking_lot-ea040230acb2cfe8.rlib --extern quamina=/private/var/folders/zq/scmzs54x2md07_wwgys92v840000gn/T/cargo-mutants-quamina-rs-tjTnm9.tmp/target/mutants/deps/libquamina-28509fa74a3a2eed.rlib --extern rand=/private/var/folders/zq/scmzs54x2md07_wwgys92v840000gn/T/cargo-mutants-quamina-rs-tjTnm9.tmp/target/mutants/deps/librand-d62286a2584f1923.rlib --extern regex=/private/var/folders/zq/scmzs54x2md07_wwgys92v840000gn/T/cargo-mutants-quamina-rs-tjTnm9.tmp/target/mutants/deps/libregex-143ef4a17e2e5f75.rlib --extern rustc_hash=/private/var/folders/zq/scmzs54x2md07_wwgys92v840000gn/T/cargo-mutants-quamina-rs-tjTnm9.tmp/target/mutants/deps/librustc_hash-475025c22853c846.rlib --extern smallvec=/private/var/folders/zq/scmzs54x2md07_wwgys92v840000gn/T/cargo-mutants-quamina-rs-tjTnm9.tmp/target/mutants/deps/libsmallvec-aef4c19c0cf1c118.rlib -L native=/private/var/folders/zq/scmzs54x2md07_wwgys92v840000gn/T/cargo-mutants-quamina-rs-tjTnm9.tmp/target/mutants/build/alloca-02cacc78a7329cb4/out`
     Running `/Users/rishibaldawa/.rustup/toolchains/stable-aarch64-apple-darwin/bin/rustc --crate-name profile_shellstyle --edition=2021 examples/profile_shellstyle.rs --error-format=json --json=diagnostic-rendered-ansi,artifacts,future-incompat --emit=dep-info,link -C embed-bitcode=no '--warn=clippy::perf' '--warn=clippy::use_self' '--warn=clippy::unused_peekable' --warn=unsafe_code --warn=unexpected_cfgs '--warn=clippy::undocumented_unsafe_blocks' '--warn=clippy::transmute_ptr_to_ptr' '--warn=clippy::redundant_clone' '--warn=clippy::or_fun_call' '--warn=clippy::equatable_if_let' '--warn=clippy::derive_partial_eq_without_eq' '--warn=clippy::branches_sharing_code' --check-cfg 'cfg(kani)' --test --check-cfg 'cfg(docsrs,test)' --check-cfg 'cfg(feature, values("dhat-heap"))' -C metadata=e4f3c5f0c26b0914 -C extra-filename=-6aaf8d9505430e71 --out-dir /private/var/folders/zq/scmzs54x2md07_wwgys92v840000gn/T/cargo-mutants-quamina-rs-tjTnm9.tmp/target/mutants/examples -C incremental=/private/var/folders/zq/scmzs54x2md07_wwgys92v840000gn/T/cargo-mutants-quamina-rs-tjTnm9.tmp/target/mutants/incremental -C strip=debuginfo -L dependency=/private/var/folders/zq/scmzs54x2md07_wwgys92v840000gn/T/cargo-mutants-quamina-rs-tjTnm9.tmp/target/mutants/deps --extern arc_swap=/private/var/folders/zq/scmzs54x2md07_wwgys92v840000gn/T/cargo-mutants-quamina-rs-tjTnm9.tmp/target/mutants/deps/libarc_swap-8dc94c7baf7d6503.rlib --extern cargo_husky=/private/var/folders/zq/scmzs54x2md07_wwgys92v840000gn/T/cargo-mutants-quamina-rs-tjTnm9.tmp/target/mutants/deps/libcargo_husky-959d622cb0e854bd.rlib --extern criterion=/private/var/folders/zq/scmzs54x2md07_wwgys92v840000gn/T/cargo-mutants-quamina-rs-tjTnm9.tmp/target/mutants/deps/libcriterion-5d01252276bfc921.rlib --extern dhat=/private/var/folders/zq/scmzs54x2md07_wwgys92v840000gn/T/cargo-mutants-quamina-rs-tjTnm9.tmp/target/mutants/deps/libdhat-be327f7d283e6040.rlib --extern fast_float2=/private/var/folders/zq/scmzs54x2md07_wwgys92v840000gn/T/cargo-mutants-quamina-rs-tjTnm9.tmp/target/mutants/deps/libfast_float2-ab4bcc5370fb9d9d.rlib --extern flate2=/private/var/folders/zq/scmzs54x2md07_wwgys92v840000gn/T/cargo-mutants-quamina-rs-tjTnm9.tmp/target/mutants/deps/libflate2-770fd3ea371cf479.rlib --extern memchr=/private/var/folders/zq/scmzs54x2md07_wwgys92v840000gn/T/cargo-mutants-quamina-rs-tjTnm9.tmp/target/mutants/deps/libmemchr-fad7cfa0ce919f3e.rlib --extern parking_lot=/private/var/folders/zq/scmzs54x2md07_wwgys92v840000gn/T/cargo-mutants-quamina-rs-tjTnm9.tmp/target/mutants/deps/libparking_lot-ea040230acb2cfe8.rlib --extern quamina=/private/var/folders/zq/scmzs54x2md07_wwgys92v840000gn/T/cargo-mutants-quamina-rs-tjTnm9.tmp/target/mutants/deps/libquamina-28509fa74a3a2eed.rlib --extern rand=/private/var/folders/zq/scmzs54x2md07_wwgys92v840000gn/T/cargo-mutants-quamina-rs-tjTnm9.tmp/target/mutants/deps/librand-d62286a2584f1923.rlib --extern regex=/private/var/folders/zq/scmzs54x2md07_wwgys92v840000gn/T/cargo-mutants-quamina-rs-tjTnm9.tmp/target/mutants/deps/libregex-143ef4a17e2e5f75.rlib --extern rustc_hash=/private/var/folders/zq/scmzs54x2md07_wwgys92v840000gn/T/cargo-mutants-quamina-rs-tjTnm9.tmp/target/mutants/deps/librustc_hash-475025c22853c846.rlib --extern smallvec=/private/var/folders/zq/scmzs54x2md07_wwgys92v840000gn/T/cargo-mutants-quamina-rs-tjTnm9.tmp/target/mutants/deps/libsmallvec-aef4c19c0cf1c118.rlib -L native=/private/var/folders/zq/scmzs54x2md07_wwgys92v840000gn/T/cargo-mutants-quamina-rs-tjTnm9.tmp/target/mutants/build/alloca-02cacc78a7329cb4/out`
     Running `/Users/rishibaldawa/.rustup/toolchains/stable-aarch64-apple-darwin/bin/rustc --crate-name smoke --edition=2021 examples/smoke.rs --error-format=json --json=diagnostic-rendered-ansi,artifacts,future-incompat --emit=dep-info,link -C embed-bitcode=no '--warn=clippy::perf' '--warn=clippy::use_self' '--warn=clippy::unused_peekable' --warn=unsafe_code --warn=unexpected_cfgs '--warn=clippy::undocumented_unsafe_blocks' '--warn=clippy::transmute_ptr_to_ptr' '--warn=clippy::redundant_clone' '--warn=clippy::or_fun_call' '--warn=clippy::equatable_if_let' '--warn=clippy::derive_partial_eq_without_eq' '--warn=clippy::branches_sharing_code' --check-cfg 'cfg(kani)' --test --check-cfg 'cfg(docsrs,test)' --check-cfg 'cfg(feature, values("dhat-heap"))' -C metadata=0024f46443f80b14 -C extra-filename=-b622ae32677953bb --out-dir /private/var/folders/zq/scmzs54x2md07_wwgys92v840000gn/T/cargo-mutants-quamina-rs-tjTnm9.tmp/target/mutants/examples -C incremental=/private/var/folders/zq/scmzs54x2md07_wwgys92v840000gn/T/cargo-mutants-quamina-rs-tjTnm9.tmp/target/mutants/incremental -C strip=debuginfo -L dependency=/private/var/folders/zq/scmzs54x2md07_wwgys92v840000gn/T/cargo-mutants-quamina-rs-tjTnm9.tmp/target/mutants/deps --extern arc_swap=/private/var/folders/zq/scmzs54x2md07_wwgys92v840000gn/T/cargo-mutants-quamina-rs-tjTnm9.tmp/target/mutants/deps/libarc_swap-8dc94c7baf7d6503.rlib --extern cargo_husky=/private/var/folders/zq/scmzs54x2md07_wwgys92v840000gn/T/cargo-mutants-quamina-rs-tjTnm9.tmp/target/mutants/deps/libcargo_husky-959d622cb0e854bd.rlib --extern criterion=/private/var/folders/zq/scmzs54x2md07_wwgys92v840000gn/T/cargo-mutants-quamina-rs-tjTnm9.tmp/target/mutants/deps/libcriterion-5d01252276bfc921.rlib --extern dhat=/private/var/folders/zq/scmzs54x2md07_wwgys92v840000gn/T/cargo-mutants-quamina-rs-tjTnm9.tmp/target/mutants/deps/libdhat-be327f7d283e6040.rlib --extern fast_float2=/private/var/folders/zq/scmzs54x2md07_wwgys92v840000gn/T/cargo-mutants-quamina-rs-tjTnm9.tmp/target/mutants/deps/libfast_float2-ab4bcc5370fb9d9d.rlib --extern flate2=/private/var/folders/zq/scmzs54x2md07_wwgys92v840000gn/T/cargo-mutants-quamina-rs-tjTnm9.tmp/target/mutants/deps/libflate2-770fd3ea371cf479.rlib --extern memchr=/private/var/folders/zq/scmzs54x2md07_wwgys92v840000gn/T/cargo-mutants-quamina-rs-tjTnm9.tmp/target/mutants/deps/libmemchr-fad7cfa0ce919f3e.rlib --extern parking_lot=/private/var/folders/zq/scmzs54x2md07_wwgys92v840000gn/T/cargo-mutants-quamina-rs-tjTnm9.tmp/target/mutants/deps/libparking_lot-ea040230acb2cfe8.rlib --extern quamina=/private/var/folders/zq/scmzs54x2md07_wwgys92v840000gn/T/cargo-mutants-quamina-rs-tjTnm9.tmp/target/mutants/deps/libquamina-28509fa74a3a2eed.rlib --extern rand=/private/var/folders/zq/scmzs54x2md07_wwgys92v840000gn/T/cargo-mutants-quamina-rs-tjTnm9.tmp/target/mutants/deps/librand-d62286a2584f1923.rlib --extern regex=/private/var/folders/zq/scmzs54x2md07_wwgys92v840000gn/T/cargo-mutants-quamina-rs-tjTnm9.tmp/target/mutants/deps/libregex-143ef4a17e2e5f75.rlib --extern rustc_hash=/private/var/folders/zq/scmzs54x2md07_wwgys92v840000gn/T/cargo-mutants-quamina-rs-tjTnm9.tmp/target/mutants/deps/librustc_hash-475025c22853c846.rlib --extern smallvec=/private/var/folders/zq/scmzs54x2md07_wwgys92v840000gn/T/cargo-mutants-quamina-rs-tjTnm9.tmp/target/mutants/deps/libsmallvec-aef4c19c0cf1c118.rlib -L native=/private/var/folders/zq/scmzs54x2md07_wwgys92v840000gn/T/cargo-mutants-quamina-rs-tjTnm9.tmp/target/mutants/build/alloca-02cacc78a7329cb4/out`
     Running `/Users/rishibaldawa/.rustup/toolchains/stable-aarch64-apple-darwin/bin/rustc --crate-name profile_citylots --edition=2021 examples/profile_citylots.rs --error-format=json --json=diagnostic-rendered-ansi,artifacts,future-incompat --emit=dep-info,link -C embed-bitcode=no '--warn=clippy::perf' '--warn=clippy::use_self' '--warn=clippy::unused_peekable' --warn=unsafe_code --warn=unexpected_cfgs '--warn=clippy::undocumented_unsafe_blocks' '--warn=clippy::transmute_ptr_to_ptr' '--warn=clippy::redundant_clone' '--warn=clippy::or_fun_call' '--warn=clippy::equatable_if_let' '--warn=clippy::derive_partial_eq_without_eq' '--warn=clippy::branches_sharing_code' --check-cfg 'cfg(kani)' --test --check-cfg 'cfg(docsrs,test)' --check-cfg 'cfg(feature, values("dhat-heap"))' -C metadata=9379508d92a0fd03 -C extra-filename=-f551dbd7e79bed79 --out-dir /private/var/folders/zq/scmzs54x2md07_wwgys92v840000gn/T/cargo-mutants-quamina-rs-tjTnm9.tmp/target/mutants/examples -C incremental=/private/var/folders/zq/scmzs54x2md07_wwgys92v840000gn/T/cargo-mutants-quamina-rs-tjTnm9.tmp/target/mutants/incremental -C strip=debuginfo -L dependency=/private/var/folders/zq/scmzs54x2md07_wwgys92v840000gn/T/cargo-mutants-quamina-rs-tjTnm9.tmp/target/mutants/deps --extern arc_swap=/private/var/folders/zq/scmzs54x2md07_wwgys92v840000gn/T/cargo-mutants-quamina-rs-tjTnm9.tmp/target/mutants/deps/libarc_swap-8dc94c7baf7d6503.rlib --extern cargo_husky=/private/var/folders/zq/scmzs54x2md07_wwgys92v840000gn/T/cargo-mutants-quamina-rs-tjTnm9.tmp/target/mutants/deps/libcargo_husky-959d622cb0e854bd.rlib --extern criterion=/private/var/folders/zq/scmzs54x2md07_wwgys92v840000gn/T/cargo-mutants-quamina-rs-tjTnm9.tmp/target/mutants/deps/libcriterion-5d01252276bfc921.rlib --extern dhat=/private/var/folders/zq/scmzs54x2md07_wwgys92v840000gn/T/cargo-mutants-quamina-rs-tjTnm9.tmp/target/mutants/deps/libdhat-be327f7d283e6040.rlib --extern fast_float2=/private/var/folders/zq/scmzs54x2md07_wwgys92v840000gn/T/cargo-mutants-quamina-rs-tjTnm9.tmp/target/mutants/deps/libfast_float2-ab4bcc5370fb9d9d.rlib --extern flate2=/private/var/folders/zq/scmzs54x2md07_wwgys92v840000gn/T/cargo-mutants-quamina-rs-tjTnm9.tmp/target/mutants/deps/libflate2-770fd3ea371cf479.rlib --extern memchr=/private/var/folders/zq/scmzs54x2md07_wwgys92v840000gn/T/cargo-mutants-quamina-rs-tjTnm9.tmp/target/mutants/deps/libmemchr-fad7cfa0ce919f3e.rlib --extern parking_lot=/private/var/folders/zq/scmzs54x2md07_wwgys92v840000gn/T/cargo-mutants-quamina-rs-tjTnm9.tmp/target/mutants/deps/libparking_lot-ea040230acb2cfe8.rlib --extern quamina=/private/var/folders/zq/scmzs54x2md07_wwgys92v840000gn/T/cargo-mutants-quamina-rs-tjTnm9.tmp/target/mutants/deps/libquamina-28509fa74a3a2eed.rlib --extern rand=/private/var/folders/zq/scmzs54x2md07_wwgys92v840000gn/T/cargo-mutants-quamina-rs-tjTnm9.tmp/target/mutants/deps/librand-d62286a2584f1923.rlib --extern regex=/private/var/folders/zq/scmzs54x2md07_wwgys92v840000gn/T/cargo-mutants-quamina-rs-tjTnm9.tmp/target/mutants/deps/libregex-143ef4a17e2e5f75.rlib --extern rustc_hash=/private/var/folders/zq/scmzs54x2md07_wwgys92v840000gn/T/cargo-mutants-quamina-rs-tjTnm9.tmp/target/mutants/deps/librustc_hash-475025c22853c846.rlib --extern smallvec=/private/var/folders/zq/scmzs54x2md07_wwgys92v840000gn/T/cargo-mutants-quamina-rs-tjTnm9.tmp/target/mutants/deps/libsmallvec-aef4c19c0cf1c118.rlib -L native=/private/var/folders/zq/scmzs54x2md07_wwgys92v840000gn/T/cargo-mutants-quamina-rs-tjTnm9.tmp/target/mutants/build/alloca-02cacc78a7329cb4/out`
     Running `/Users/rishibaldawa/.rustup/toolchains/stable-aarch64-apple-darwin/bin/rustc --crate-name bulk_10k --edition=2021 benches/bulk_10k.rs --error-format=json --json=diagnostic-rendered-ansi,artifacts,future-incompat --emit=dep-info,link -C embed-bitcode=no '--warn=clippy::perf' '--warn=clippy::use_self' '--warn=clippy::unused_peekable' --warn=unsafe_code --warn=unexpected_cfgs '--warn=clippy::undocumented_unsafe_blocks' '--warn=clippy::transmute_ptr_to_ptr' '--warn=clippy::redundant_clone' '--warn=clippy::or_fun_call' '--warn=clippy::equatable_if_let' '--warn=clippy::derive_partial_eq_without_eq' '--warn=clippy::branches_sharing_code' --check-cfg 'cfg(kani)' --cfg test --check-cfg 'cfg(docsrs,test)' --check-cfg 'cfg(feature, values("dhat-heap"))' -C metadata=9f5b1c8138038d52 -C extra-filename=-c55937e16f51c58a --out-dir /private/var/folders/zq/scmzs54x2md07_wwgys92v840000gn/T/cargo-mutants-quamina-rs-tjTnm9.tmp/target/mutants/deps -C incremental=/private/var/folders/zq/scmzs54x2md07_wwgys92v840000gn/T/cargo-mutants-quamina-rs-tjTnm9.tmp/target/mutants/incremental -C strip=debuginfo -L dependency=/private/var/folders/zq/scmzs54x2md07_wwgys92v840000gn/T/cargo-mutants-quamina-rs-tjTnm9.tmp/target/mutants/deps --extern arc_swap=/private/var/folders/zq/scmzs54x2md07_wwgys92v840000gn/T/cargo-mutants-quamina-rs-tjTnm9.tmp/target/mutants/deps/libarc_swap-8dc94c7baf7d6503.rlib --extern cargo_husky=/private/var/folders/zq/scmzs54x2md07_wwgys92v840000gn/T/cargo-mutants-quamina-rs-tjTnm9.tmp/target/mutants/deps/libcargo_husky-959d622cb0e854bd.rlib --extern criterion=/private/var/folders/zq/scmzs54x2md07_wwgys92v840000gn/T/cargo-mutants-quamina-rs-tjTnm9.tmp/target/mutants/deps/libcriterion-5d01252276bfc921.rlib --extern dhat=/private/var/folders/zq/scmzs54x2md07_wwgys92v840000gn/T/cargo-mutants-quamina-rs-tjTnm9.tmp/target/mutants/deps/libdhat-be327f7d283e6040.rlib --extern fast_float2=/private/var/folders/zq/scmzs54x2md07_wwgys92v840000gn/T/cargo-mutants-quamina-rs-tjTnm9.tmp/target/mutants/deps/libfast_float2-ab4bcc5370fb9d9d.rlib --extern flate2=/private/var/folders/zq/scmzs54x2md07_wwgys92v840000gn/T/cargo-mutants-quamina-rs-tjTnm9.tmp/target/mutants/deps/libflate2-770fd3ea371cf479.rlib --extern memchr=/private/var/folders/zq/scmzs54x2md07_wwgys92v840000gn/T/cargo-mutants-quamina-rs-tjTnm9.tmp/target/mutants/deps/libmemchr-fad7cfa0ce919f3e.rlib --extern parking_lot=/private/var/folders/zq/scmzs54x2md07_wwgys92v840000gn/T/cargo-mutants-quamina-rs-tjTnm9.tmp/target/mutants/deps/libparking_lot-ea040230acb2cfe8.rlib --extern quamina=/private/var/folders/zq/scmzs54x2md07_wwgys92v840000gn/T/cargo-mutants-quamina-rs-tjTnm9.tmp/target/mutants/deps/libquamina-28509fa74a3a2eed.rlib --extern rand=/private/var/folders/zq/scmzs54x2md07_wwgys92v840000gn/T/cargo-mutants-quamina-rs-tjTnm9.tmp/target/mutants/deps/librand-d62286a2584f1923.rlib --extern regex=/private/var/folders/zq/scmzs54x2md07_wwgys92v840000gn/T/cargo-mutants-quamina-rs-tjTnm9.tmp/target/mutants/deps/libregex-143ef4a17e2e5f75.rlib --extern rustc_hash=/private/var/folders/zq/scmzs54x2md07_wwgys92v840000gn/T/cargo-mutants-quamina-rs-tjTnm9.tmp/target/mutants/deps/librustc_hash-475025c22853c846.rlib --extern smallvec=/private/var/folders/zq/scmzs54x2md07_wwgys92v840000gn/T/cargo-mutants-quamina-rs-tjTnm9.tmp/target/mutants/deps/libsmallvec-aef4c19c0cf1c118.rlib -L native=/private/var/folders/zq/scmzs54x2md07_wwgys92v840000gn/T/cargo-mutants-quamina-rs-tjTnm9.tmp/target/mutants/build/alloca-02cacc78a7329cb4/out`
    Finished `mutants` profile [unoptimized] target(s) in 0.68s
     Running `/private/var/folders/zq/scmzs54x2md07_wwgys92v840000gn/T/cargo-mutants-quamina-rs-tjTnm9.tmp/target/mutants/deps/quamina-137b7d067facf300`

running 653 tests
test automaton::arena::merge_tests::test_merge_empty_arenas ... ok
test automaton::arena::cidr_arena_tests::test_cidr_arena_fa_ipv4_exact ... ok
test automaton::arena::anything_but_arena_tests::test_anything_but_arena_fa_single_value ... ok
test automaton::arena::cidr_arena_tests::test_cidr_arena_fa_ipv4_range ... ok
test automaton::arena::merge_tests::test_merge_multi_byte_sequences ... ok
test automaton::arena::cidr_arena_tests::test_cidr_arena_fa_merge ... ok
test automaton::arena::anything_but_arena_tests::test_anything_but_arena_fa_merge ... ok
test automaton::arena::merge_tests::test_merge_one_empty_arena ... ok
test automaton::arena::anything_but_arena_tests::test_anything_but_arena_fa_empty_excluded ... ok
test automaton::arena::anything_but_arena_tests::test_anything_but_arena_fa_common_prefix ... ok
test automaton::arena::anything_but_arena_tests::test_anything_but_arena_fa_multiple_values ... ok
test automaton::arena::cidr_arena_tests::test_cidr_arena_fa_ipv6_basic ... ok
test automaton::arena::merge_tests::test_merge_preserves_field_transitions ... ok
test automaton::arena::merge_tests::test_merge_overlapping_transitions ... ok
test automaton::arena::merge_tests::test_merge_single_transition ... ok
test automaton::arena::monocase_arena_tests::test_monocase_arena_fa_empty ... ok
test automaton::arena::monocase_arena_tests::test_monocase_arena_fa_basic_ascii ... ok
test automaton::arena::merge_tests::test_merge_multiple_arenas_associative ... ok
test automaton::arena::monocase_arena_tests::test_monocase_arena_fa_greek_sigma ... ok
test automaton::arena::monocase_arena_tests::test_monocase_arena_fa_mixed_ascii ... ok
test automaton::arena::monocase_arena_tests::test_monocase_arena_fa_no_case_chars ... ok
test automaton::arena::monocase_arena_tests::test_monocase_arena_fa_merge ... ok
test automaton::arena::monocase_arena_tests::test_monocase_arena_fa_single_char ... ok
test automaton::arena::monocase_arena_tests::test_monocase_arena_fa_three_chars ... ok
test automaton::arena::monocase_arena_tests::test_monocase_arena_fa_two_chars ... ok
test automaton::arena::nfa_merge_tests::test_merge_arena_nfas_empty_cases ... ok
test automaton::arena::nfa_merge_tests::test_flatten_epsilon_targets_on_repeated_merge ... ok
test automaton::arena::nfa_merge_tests::test_merge_arena_both_have_spinouts ... ok
test automaton::arena::nfa_merge_tests::test_merge_arena_shellstyle_patterns ... ok
test automaton::arena::nfa_merge_tests::test_merge_arena_preserves_cycles ... ok
test automaton::arena::nfa_merge_tests::test_merge_arena_with_epsilons ... ok
test automaton::arena::numeric_arena_tests::test_numeric_arena_fa_edge_cases ... ok
test automaton::arena::numeric_arena_tests::test_numeric_arena_fa_float_values ... ok
test automaton::arena::nfa_merge_tests::test_merge_arena_with_spinout ... ok
test automaton::arena::numeric_arena_tests::test_numeric_greater_arena_fa_basic ... ok
test automaton::arena::numeric_arena_tests::test_numeric_greater_arena_fa_exclusive ... ok
test automaton::arena::numeric_arena_tests::test_numeric_less_arena_fa_basic ... ok
test automaton::arena::numeric_arena_tests::test_numeric_less_arena_fa_exclusive ... ok
test automaton::arena::numeric_arena_tests::test_numeric_arena_fa_merge ... ok
test automaton::arena::numeric_arena_tests::test_numeric_range_arena_fa_exclusive_bounds ... ok
test automaton::arena::cidr_arena_tests::test_cidr_arena_fa_ipv4_24 ... ok
test automaton::arena::numeric_arena_tests::test_numeric_range_arena_fa_two_sided ... ok
test automaton::arena::prefix_arena_tests::test_prefix_arena_fa_empty_prefix ... ok
test automaton::arena::prefix_arena_tests::test_prefix_arena_fa_basic ... ok
test automaton::arena::prefix_arena_tests::test_prefix_arena_fa_single_char ... ok
test automaton::arena::prefix_arena_tests::test_prefix_arena_fa_utf8 ... ok
test automaton::arena::prefix_arena_tests::test_prefix_arena_fa_merge ... ok
test automaton::arena::shellstyle_arena_tests::test_shellstyle_arena_fa_double_wildcard ... ok
test automaton::arena::shellstyle_arena_tests::test_shellstyle_arena_fa_eight_star ... ok
test automaton::arena::shellstyle_arena_tests::test_shellstyle_arena_fa_five_star ... ok
test automaton::arena::shellstyle_arena_tests::test_shellstyle_arena_fa_foo_bar_multi_star ... ok
test automaton::arena::numeric_arena_tests::test_numeric_arena_fa_ordering_preserved ... ok
test automaton::arena::shellstyle_arena_tests::test_shellstyle_arena_fa_infix_wildcard ... ok
test automaton::arena::shellstyle_arena_tests::test_shellstyle_arena_fa_merge ... ok
test automaton::arena::shellstyle_arena_tests::test_shellstyle_arena_fa_no_wildcard ... ok
test automaton::arena::string_arena_tests::test_string_arena_fa_empty_string ... ok
test automaton::arena::string_arena_tests::test_string_arena_fa_basic ... ok
test automaton::arena::shellstyle_arena_tests::test_shellstyle_arena_fa_prefix_wildcard ... ok
test automaton::arena::shellstyle_arena_tests::test_shellstyle_arena_fa_suffix_wildcard ... ok
test automaton::arena::string_arena_tests::test_string_arena_fa_single_char ... ok
test automaton::arena::tests::test_arena_alloc ... ok
test automaton::arena::shellstyle_arena_tests::test_shellstyle_arena_fa_only_wildcard ... ok
test automaton::arena::tests::test_arena_small_table_pack ... ok
test automaton::arena::tests::test_arena_cyclic_reference ... ok
test automaton::arena::string_arena_tests::test_string_arena_fa_utf8 ... ok
test automaton::arena::string_arena_tests::test_string_arena_fa_merge ... ok
test automaton::arena::tests::test_arena_state_count_vs_chain ... ok
test automaton::arena::tests::test_arena_stats_empty ... ok
test automaton::arena::tests::test_arena_stats_basic ... ok
test automaton::arena::tests::test_ascii_fast_path_acceleration ... ok
test automaton::arena::tests::test_state_id_none ... ok
test automaton::arena::tests::test_dfa_lookup_matches_smalltable_dstep ... ok
test automaton::arena::tests::test_nested_quantifier_dedup ... ok
test automaton::arena::tests::test_try_accelerate_arena ... ok
test automaton::arena::tests::test_traverse_arena_nfa_simple ... ok
test automaton::arena::tests::test_traverse_arena_nfa_plus_cyclic ... ok
test automaton::arena::tests::test_traverse_arena_nfa_star_cyclic ... ok
test automaton::arena::wildcard_arena_tests::test_wildcard_arena_fa_basic ... ok
test automaton::arena::wildcard_arena_tests::test_wildcard_arena_fa_escape_backslash ... ok
test automaton::arena::string_arena_tests::test_string_arena_fa_merge_common_prefix ... ok
test automaton::arena::wildcard_arena_tests::test_wildcard_arena_fa_escape_star ... ok
test automaton::arena::wildcard_arena_tests::test_wildcard_arena_fa_escape_with_wildcard ... ok
test automaton::arena::wildcard_arena_tests::test_wildcard_arena_fa_no_escape ... ok
test automaton::arena::wildcard_arena_tests::test_wildcard_arena_fa_star_at_end_with_escape ... ok
test automaton::arena::wildcard_arena_tests::test_wildcard_arena_fa_merge ... ok
test automaton::mutable_matcher::tests::test_add_numeric_transition ... ok
test automaton::mutable_matcher::tests::test_add_prefix_transition ... ok
test automaton::mutable_matcher::tests::test_add_numeric_has_numbers_flag ... ok
test automaton::mutable_matcher::tests::test_add_string_transition_basic ... ok
test automaton::mutable_matcher::tests::test_add_string_transition_singleton_opt ... ok
test automaton::mutable_matcher::tests::test_add_suffix_multiple_patterns ... ok
test automaton::mutable_matcher::tests::test_add_string_transitions_bulk ... ok
test automaton::mutable_matcher::tests::test_add_suffix_transition ... ok
test automaton::mutable_matcher::tests::test_add_prefix_multiple_patterns ... ok
test automaton::mutable_matcher::tests::test_arena_migration_anything_but ... ok
test automaton::mutable_matcher::tests::test_add_wildcard_transition ... ok
test automaton::mutable_matcher::tests::test_arena_migration_monocase ... ok
test automaton::mutable_matcher::tests::test_arena_migration_numeric_range ... ok
test automaton::mutable_matcher::tests::test_arena_migration_prefix ... ok
test automaton::mutable_matcher::tests::test_arena_migration_string_single ... ok
test automaton::mutable_matcher::tests::test_arena_migration_string_multiple ... ok
test automaton::mutable_matcher::tests::test_budget_enforcement_via_matching ... ok
test automaton::mutable_matcher::tests::test_arena_migration_shellstyle ... ok
test automaton::mutable_matcher::tests::test_arena_migration_wildcard_escape ... ok
test automaton::mutable_matcher::tests::test_check_budget_via_patterns ... ok
test automaton::mutable_matcher::tests::test_arena_migration_core_matcher_all_types ... ok
test automaton::mutable_matcher::tests::test_core_matcher_array_trail_conflict ... ok
test automaton::mutable_matcher::tests::test_arena_migration_mixed_patterns ... ok
test automaton::mutable_matcher::tests::test_core_matcher_direct_array_trail_conflict ... ok
test automaton::mutable_matcher::tests::test_check_budget_boundary_condition ... ok
test automaton::mutable_matcher::tests::test_core_matcher_direct_exists_false ... ok
test automaton::mutable_matcher::tests::test_core_matcher_direct_multi_field ... ok
test automaton::mutable_matcher::tests::test_core_matcher_exists_true_no_self_match_direct ... ok
test automaton::mutable_matcher::tests::test_core_matcher_exists_true_no_self_match_owned ... ok
test automaton::mutable_matcher::tests::test_core_matcher_multi_field_owned ... ok
test automaton::mutable_matcher::tests::test_core_matcher_exists_true_no_self_match_ref ... ok
test automaton::mutable_matcher::tests::test_core_matcher_no_self_match_direct ... ok
test automaton::mutable_matcher::tests::test_core_matcher_no_self_match_owned ... ok
test automaton::mutable_matcher::tests::test_core_matcher_direct_with_arena_regexp ... FAILED
test automaton::mutable_matcher::tests::test_core_matcher_no_self_match_ref ... ok
test automaton::mutable_matcher::tests::test_core_matcher_ref_array_trail_conflict ... ok
test automaton::mutable_matcher::tests::test_core_matcher_ref_exists_false ... ok
test automaton::mutable_matcher::tests::test_core_matcher_ref_multi_field ... ok
test automaton::mutable_matcher::tests::test_match_set_dedup ... ok
test automaton::mutable_matcher::tests::test_core_matcher_with_arena_regexp ... FAILED
test automaton::mutable_matcher::tests::test_quote_wrap_via_wildcard ... ok
test automaton::mutable_matcher::tests::test_quote_wrap_via_shellstyle ... ok
test automaton::mutable_matcher::tests::test_take_singleton_idempotent ... ok
test automaton::mutable_matcher::tests::test_value_matcher_regexp_with_plus ... FAILED
test automaton::sparse_set::tests::test_sparse_set_basic ... ok
test automaton::mutable_matcher::tests::test_value_matcher_regexp_without_plus ... FAILED
test automaton::sparse_set::tests::test_sparse_set_clear ... ok
test automaton::sparse_set::tests::test_sparse_set_insertion_order ... ok
test automaton::mutable_matcher::tests::test_merge_into_main_arena_via_patterns ... ok
test automaton::sparse_set::tests::test_sparse_set_resize ... ok
test automaton::mutable_matcher::tests::test_singleton_to_arena_transition ... ok
test automaton::tests::test_arena_small_table_step ... ok
test automaton::tests::test_arena_nfa_bufs_clear_observable_through_matching ... ok
test automaton::tests::test_arena_small_table_with_mappings ... ok
test automaton::mutable_matcher::tests::test_arena_migration_cidr_v4 ... ok
test automaton::tests::test_automaton_value_matcher_mixed ... ok
test automaton::tests::test_automaton_value_matcher_shellstyle_single ... ok
test automaton::tests::test_core_matcher_exists_false ... ok
test automaton::tests::test_core_matcher_exists_true ... ok
test automaton::tests::test_automaton_value_matcher_prefix ... ok
test automaton::tests::test_automaton_value_matcher_shellstyle_multiple ... ok
test automaton::tests::test_core_matcher_multi_field_and ... ok
test automaton::tests::test_core_matcher_multi_field_partial_no_match ... ok
test automaton::tests::test_automaton_value_matcher_string ... ok
test automaton::tests::test_core_matcher_multiple_patterns ... ok
test automaton::tests::test_core_matcher_single_field_exact ... ok
test automaton::tests::test_core_matcher_single_field_no_match ... ok
test automaton::tests::test_field_matcher_with_match_id_stores_id ... ok
test automaton::tests::test_core_matcher_or_within_field ... ok
test automaton::tests::test_field_matcher_with_match_id_vs_default ... ok
test automaton::tests::test_nfa_buffers_clear ... ok
test automaton::tests::test_sparse_set_capacity_returns_correct_value ... ok
test automaton::tests::test_sparse_set_clear_is_effective ... ok
test automaton::tests::test_sparse_set_contains_after_multiple_inserts ... ok
test automaton::tests::test_sparse_set_contains_correctness ... ok
test automaton::tests::test_sparse_set_contains_cross_check ... ok
test automaton::tests::test_sparse_set_contains_rejects_uninserted_id ... ok
test automaton::tests::test_sparse_set_contains_single_element ... ok
test automaton::tests::test_sparse_set_fill_to_capacity ... ok
test automaton::tests::test_sparse_set_insert_after_clear_correctness ... ok
test automaton::tests::test_sparse_set_insert_increments_len ... ok
test automaton::tests::test_sparse_set_insert_return_value ... ok
test automaton::tests::test_sparse_set_no_stale_entries_after_clear ... ok
test automaton::tests::test_sparse_set_non_zero_ids_only ... ok
test automaton::mutable_matcher::tests::test_merge_into_main_arena_boundary ... ok
test automaton::tests::test_thread_safe_core_matcher_exists_false ... ok
test automaton::tests::test_thread_safe_core_matcher_exists_true ... ok
test automaton::tests::test_thread_safe_core_matcher_no_match ... ok
test automaton::tests::test_thread_safe_core_matcher_send_sync ... ok
test automaton::tests::test_thread_safe_core_matcher_single_field ... ok
test automaton::thread_safe::tests::test_add_pattern_exists_true ... ok
test automaton::thread_safe::tests::test_add_pattern_max_states_limit ... ok
test automaton::tests::test_thread_safe_core_matcher_multiple_patterns ... ok
test automaton::thread_safe::tests::test_arena_stats_non_zero ... ok
test automaton::thread_safe::tests::test_matches_for_fields_array_trail_conflict ... ok
test automaton::thread_safe::tests::test_matches_for_fields_ref_exists_false ... ok
test automaton::thread_safe::tests::test_automaton_value_matcher_prefix_match ... ok
test automaton::thread_safe::tests::test_thread_safe_core_matcher_basic ... ok
test automaton::thread_safe::tests::test_automaton_value_matcher_multi_count ... ok
test automaton::thread_safe::tests::test_matches_for_fields_ref_exists_false_with_value ... ok
test automaton::thread_safe::tests::test_automaton_value_matcher_string_match ... ok
test automaton::thread_safe::tests::test_tsm_exists_false_direct ... ok
test automaton::thread_safe::tests::test_tsm_exists_true_no_self_match_direct ... ok
test automaton::thread_safe::tests::test_automaton_value_matcher_shellstyle_match ... ok
test automaton::thread_safe::tests::test_tsm_exists_true_no_self_match_owned ... ok
test automaton::thread_safe::tests::test_tsm_exists_true_no_self_match_ref ... ok
test automaton::thread_safe::tests::test_tsm_multi_field_direct ... ok
test automaton::thread_safe::tests::test_tsm_multi_field_owned ... ok
test automaton::thread_safe::tests::test_tsm_multi_field_ref ... ok
test automaton::thread_safe::tests::test_tsm_no_self_match_direct ... ok
test automaton::thread_safe::tests::test_tsm_no_self_match_owned ... ok
test automaton::thread_safe::tests::transitions_size_must_stay_compact ... ok
test automaton::thread_safe::tests::test_tsm_no_self_match_ref ... ok
test case_folding::tests::test_ascii_case_folding ... ok
test case_folding::tests::test_case_folding_bidirectional ... ok
test case_folding::tests::test_old_hungarian_case_folding ... ok
test case_folding::tests::test_unicode_case_folding ... ok
test flatten_json::tests::test_array_simple ... ok
test flatten_json::tests::test_early_termination ... ok
test flatten_json::tests::test_empty_object ... ok
test flatten_json::tests::test_error_invalid_json_structure ... ok
test flatten_json::tests::test_error_invalid_nested_object ... ok
test flatten_json::tests::test_error_invalid_value ... ok
test flatten_json::tests::test_error_skipping_never_ending_string ... ok
test flatten_json::tests::test_error_truncated_array ... ok
test flatten_json::tests::test_error_truncated_object ... ok
test flatten_json::tests::test_error_truncated_string ... ok
test flatten_json::tests::test_escape_sequences ... ok
test flatten_json::tests::test_nested_object ... ok
test flatten_json::tests::test_number_value ... ok
test flatten_json::tests::test_simple_object ... ok
test flatten_json::tests::test_skip_array ... ok
test flatten_json::tests::test_skip_nested_object ... ok
test flatten_json::tests::test_skips_unused_fields ... ok
test flatten_json::tests::test_state_reuse ... ok
test flatten_json::tests::test_trailing_garbage_after_close_brace ... ok
test flatten_json::tests::test_unicode_escape ... ok
test flatten_json::tests::test_whitespace_before_opening_brace ... ok
test flattener::tests::test_owned_field ... ok
test flattener::tests::test_segments_tree_tracker_impl ... ok
test numbits::tests::test_bad_numbers ... ok
test numbits::tests::test_byte_variants ... ok
test numbits::tests::test_encoding_with_zero_numbits ... ok
test numbits::tests::test_float_variants ... ok
test numbits::tests::test_numbits_ordering_property ... ok
test numbits::tests::test_q_number_length ... ok
test numbits::tests::test_ordering_random_miri_friendly ... ok
test numbits::tests::test_q_number_stack_is_empty_synthetic ... ok
test numbits::tests::test_q_number_stack_len_matches_slice ... ok
test numbits::tests::test_q_number_stack_length ... ok
test numbits::tests::test_q_number_variants_equivalence ... ok
test numbits::tests::test_wildly_varying_numbers_are_comparable ... ok
test numbits::tests::test_q_number_variants_random ... ok
test numbits::tests::test_zero_handling ... ok
test regexp::parser::tests::test_detect_ascii_negated_bytes_mixed ... ok
test regexp::parser::tests::test_detect_ascii_negated_bytes_multiple_chars ... ok
test regexp::parser::tests::test_detect_ascii_negated_bytes_non_ascii ... ok
test regexp::parser::tests::test_detect_ascii_negated_bytes_range ... ok
test regexp::parser::tests::test_detect_ascii_negated_bytes_single_char ... ok
test regexp::parser::tests::test_detect_ascii_negated_bytes_too_many ... ok
test regexp::parser::tests::test_parse_negated_slash_class ... FAILED
test regexp::parser::tests::test_parse_negated_char_class_stores_ascii_bytes ... FAILED
test regexp::parser::tests::test_parse_negated_quote_class ... FAILED
test regexp::parser::tests::test_parse_negated_unicode_class_no_ascii_bytes ... FAILED
test regexp::parser::tests::test_parse_non_negated_class_no_ascii_bytes ... FAILED
test regexp::parser::tests::test_wb_dot_star_expansion ... FAILED
test regexp::parser::tests::test_wb_impossible_boundary_empty_tree ... FAILED
test regexp::parser::tests::test_wb_middle_boundary_expansion ... FAILED
test regexp::parser::tests::test_wb_parse_boundary_marker ... FAILED
test regexp::tests::test_arena_nfa_email_pattern ... FAILED
test regexp::tests::test_arena_nfa_plus_simple ... FAILED
test regexp::tests::test_arena_nfa_star_plus_miri_friendly ... FAILED
test regexp::tests::test_backreferences_not_supported ... FAILED
test regexp::tests::test_clear_fa_shell_cache_works ... FAILED
test regexp::tests::test_invert_rune_range ... ok
test regexp::tests::test_lookaround_atom_properties ... FAILED
test regexp::tests::test_multi_char_escape_with_quantifier ... FAILED
test regexp::tests::test_multi_char_escapes_in_class ... FAILED
test regexp::tests::test_multi_char_escapes_nfa ... FAILED
test regexp::tests::test_multi_char_escapes_parse ... FAILED
test regexp::tests::test_negated_category_star_edge_cases ... FAILED
test regexp::tests::test_negated_class_nfa ... FAILED
test regexp::tests::test_negated_single_char_ascii_fast_path ... FAILED
test regexp::tests::test_negated_unicode_char_no_ascii_fast_path ... FAILED
test regexp::tests::test_nfa_empty_pattern ... ok
test regexp::tests::test_nfa_plus_quantifier ... FAILED
test regexp::tests::test_nfa_positive_class_miri_friendly ... FAILED
test regexp::tests::test_nfa_range_bounded ... FAILED
test regexp::tests::test_nfa_range_exact ... FAILED
test regexp::tests::test_nfa_range_with_class ... FAILED
test regexp::tests::test_nfa_simple_singleton ... FAILED
test regexp::tests::test_nfa_range_zero_min ... FAILED
test regexp::tests::test_nfa_star_quantifier ... FAILED
test regexp::tests::test_parse_alternation ... FAILED
test regexp::tests::test_parse_char_class ... FAILED
test regexp::tests::test_parse_char_class_subtraction ... FAILED
test regexp::tests::test_parse_char_class_subtraction_alternation ... FAILED
test regexp::tests::test_parse_char_class_subtraction_depth_limit ... FAILED
test regexp::tests::test_parse_char_class_subtraction_negated_inner ... FAILED
test regexp::tests::test_parse_char_class_subtraction_negated_subtract ... FAILED
test regexp::tests::test_parse_char_class_subtraction_nested ... FAILED
test regexp::tests::test_parse_char_class_subtraction_no_overlap ... FAILED
test regexp::tests::test_parse_char_class_subtraction_single_chars_before_bracket ... FAILED
test regexp::tests::test_parse_char_class_subtraction_single_result ... FAILED
test regexp::tests::test_parse_char_class_subtraction_with_negated_outer ... FAILED
test regexp::tests::test_parse_char_range ... FAILED
test regexp::tests::test_parse_empty ... ok
test regexp::tests::test_parse_dot ... FAILED
test regexp::tests::test_parse_group ... FAILED
test regexp::tests::test_parse_invalid_unclosed_bracket ... ok
test regexp::tests::test_parse_lazy_quantifiers ... FAILED
test regexp::tests::test_parse_lookaround_supported ... FAILED
test regexp::tests::test_parse_nested_lookaround_rejected ... ok
test regexp::tests::test_parse_negated_class ... FAILED
test regexp::tests::test_parse_non_capturing_group ... FAILED
test regexp::tests::test_parse_non_capturing_nested ... FAILED
test regexp::tests::test_parse_optional ... FAILED
test regexp::tests::test_parse_plus ... FAILED
test regexp::tests::test_parse_range_quantifier ... FAILED
test regexp::tests::test_parse_simple ... FAILED
test regexp::tests::test_parse_unsupported_group_extension ... ok
test regexp::tests::test_parse_star ... FAILED
test regexp::tests::test_parse_variable_length_lookbehind_rejected ... FAILED
test regexp::tests::test_range_quantifier_equivalence_miri_friendly ... FAILED
test regexp::tests::test_range_quantifier_equivalence_plus ... FAILED
test regexp::tests::test_range_quantifier_equivalence_question ... FAILED
test regexp::tests::test_range_quantifier_equivalence_star ... FAILED
test regexp::tests::test_range_quantifier_exact_one ... FAILED
test regexp::tests::test_range_quantifier_exact_zero ... FAILED
test regexp::tests::test_range_quantifier_larger_values ... FAILED
test regexp::tests::test_range_quantifier_parse_errors ... ok
test regexp::tests::test_range_quantifier_with_dot ... FAILED
test regexp::tests::test_range_quantifier_with_group ... FAILED
test regexp::tests::test_regexp_has_plus_star_returns_false ... FAILED
test regexp::tests::test_shell_cache_instantiate_epsilon_remap ... FAILED
test regexp::tests::test_shell_caching_cache_key ... FAILED
test regexp::tests::test_shell_caching_independent_categories ... FAILED
test regexp::tests::test_shell_caching_negated_independent ... FAILED
test regexp::tests::test_shell_caching_nfa_correctness ... FAILED
test regexp::tests::test_shell_caching_xml_escape_cache_keys ... FAILED
test regexp::tests::test_simplify_rune_range ... ok
test regexp::tests::test_shell_instantiation_with_epsilons ... FAILED
test regexp::tests::test_star_matches_empty ... FAILED
test regexp::tests::test_subtract_rune_range_basic ... ok
test regexp::tests::test_star_matches_empty_miri_friendly ... FAILED
test regexp::tests::test_subtract_rune_range_complete_overlap ... ok
test regexp::tests::test_subtract_rune_range_empty_subtract ... ok
test regexp::tests::test_subtract_rune_range_multiple_holes ... ok
test regexp::tests::test_subtract_rune_range_no_overlap ... ok
test regexp::tests::test_subtract_rune_range_prefix_removal ... ok
test regexp::tests::test_subtract_rune_range_suffix_removal ... ok
test regexp::tests::test_toxic_stack_arena ... FAILED
test regexp::tests::test_xml_escapes_nfa ... FAILED
test segments_tree::tests::test_both_field_and_node ... ok
test regexp::tests::test_zero_quantifier ... FAILED
test segments_tree::tests::test_duplicate_add ... ok
test segments_tree::tests::test_is_root ... ok
test segments_tree::tests::test_multiple_paths ... ok
test segments_tree::tests::test_nested_path ... ok
test segments_tree::tests::test_node_then_field ... ok
test segments_tree::tests::test_path_arc_for_segment ... ok
test segments_tree::tests::test_single_field ... ok
test tests_core::test_and_across_fields ... ok
test tests_core::test_arena_budget_enforced_on_repeated_exact_strings ... ok
test tests_core::test_arena_error_includes_bytes ... ok
test tests_core::test_arena_budget_exceeded ... ok
test tests_core::test_arena_budget_custom ... ok
test tests_core::test_array_cross_element_matching ... ok
test tests_core::test_auto_rebuild_disabled_miri_friendly ... ok
test tests_core::test_array_element_matching ... ok
test tests_core::test_bad_event_error_handling ... ok
test tests_core::test_bad_pattern_error_handling ... ok
test tests_core::test_boolean_match ... ok
test tests_core::test_builder_basic ... ok
test tests_core::test_array_cross_element_comprehensive ... ok
test tests_core::test_builder_default ... ok
test tests_core::test_builder_combined_options ... ok
test tests_core::test_builder_with_auto_rebuild ... ok
test tests_core::test_arena_budget_sufficient ... ok
test tests_core::test_builder_with_auto_rebuild_is_applied ... ok
test tests_core::test_builder_with_flattener_blocks_second_call ... ok
test tests_core::test_builder_with_invalid_media_type ... ok
test tests_core::test_builder_with_flattener_is_used ... ok
test tests_core::test_builder_generic_type ... ok
test tests_core::test_builder_with_max_fields_per_pattern_is_applied ... ok
test tests_core::test_builder_with_arena_byte_budget_is_applied ... ok
test tests_core::test_builder_with_media_type_json ... ok
test tests_core::test_builder_with_max_pattern_depth_is_applied ... ok
test tests_core::test_builder_with_media_type_sets_validated_flag ... ok
test tests_core::test_contains_pattern_after_delete ... ok
test tests_core::test_clone_preserves_arena_budget ... ok
test tests_core::test_condition_cost_ordering ... FAILED
test tests_core::test_builder_with_max_states_per_pattern_is_applied ... ok
test tests_core::test_custom_flattener_basic ... ok
test tests_core::test_clone_for_snapshot ... ok
test tests_core::test_contains_pattern_basic ... ok
test tests_core::test_custom_flattener_no_match ... ok
test tests_core::test_custom_flattener_clone ... ok
test tests_core::test_deeply_nested ... ok
test tests_core::test_count_matches ... ok
test tests_core::test_delete_already_deleted_pattern_is_noop ... ok
test tests_core::test_custom_flattener_with_numbers ... ok
test tests_core::test_depth_error_includes_path ... ok
test tests_core::test_empty_matcher_returns_no_matches ... ok
test tests_core::test_delete_nonexistent_pattern_is_noop ... ok
test tests_core::test_delete_multi_pattern_id_removes_all ... ok
test tests_core::test_errors_return_pattern_too_complex_variant ... ok
test tests_core::test_delete_patterns ... ok
test tests_core::test_exact_match ... ok
test tests_core::test_exists_false ... ok
test tests_core::test_exists_true ... ok
test tests_core::test_field_count_error_includes_count ... ok
test tests_core::test_exists_with_empty_array ... ok
test tests_core::test_flatten_only_single_field ... ok
test tests_core::test_flatten_only_returns_field_count ... ok
test tests_core::test_has_matches ... ok
test tests_core::test_flatten_only_untracked_fields_ignored ... ok
test tests_core::test_idempotent_add_and_delete ... ok
test tests_core::test_field_name_ordering_with_exists ... ok
test tests_core::test_invalid_json_events ... ok
test tests_core::test_invalid_pattern_validation ... ok
test tests_core::test_json_flattener_through_trait ... ok
test tests_core::test_invalid_pattern_handling ... ok
test tests_core::test_list_pattern_ids_excludes_deleted ... ok
test tests_core::test_list_pattern_ids_basic ... ok
test tests_core::test_multi_condition_pattern_fields ... FAILED
test tests_core::test_nested_object_pattern ... ok
test tests_core::test_numbits_boundary_values ... ok
test tests_core::test_no_match ... ok
test tests_core::test_matcher_correct_after_rejected_pattern ... ok
test tests_core::test_null_match ... ok
test tests_core::test_multiple_patterns_same_id ... ok
test tests_core::test_mixed_string_and_number_patterns_same_digits ... ok
test tests_core::test_pattern_count_and_clear ... ok
test tests_core::test_numeric_variant_matching ... ok
test tests_core::test_numeric_match ... ok
test tests_core::test_pattern_depth_custom_limit ... ok
test tests_core::test_numeric_pattern_should_not_match_string_event ... ok
test tests_core::test_or_within_field ... ok
test tests_core::test_mixed_number_and_string_in_same_value_array ... ok
test tests_core::test_pattern_depth_shallow_ok ... ok
test tests_core::test_pattern_fields_at_limit_miri_friendly ... ok
test tests_core::test_pattern_fields_custom_limit ... ok
test tests_core::test_pruner_stats_clone ... ok
test tests_core::test_default_limits_allow_normal_patterns ... FAILED
test tests_core::test_pruner_stats_clone_preserves_values ... ok
test tests_core::test_pruner_stats_unit_add_and_read ... ok
test tests_core::test_rebuild_zero_filtered_denominator ... ok
test tests_core::test_send_sync ... ok
test tests_core::test_pruner_stats ... ok
test tests_core::test_pattern_depth_exceeds_limit ... ok
test tests_core::test_arena_stats_workloads ... FAILED
test tests_core::test_should_rebuild_boundary ... ok
test tests_core::test_should_rebuild_boundary_cases ... ok
test tests_core::test_rebuild_after_delete ... ok
test tests_core::test_auto_rebuild_disabled ... ok
test tests_core::test_default_limits_allow_normal_patterns_miri_friendly ... ok
test tests_core::test_pattern_depth_at_limit ... ok
test tests_core::test_with_flattener_cannot_be_set_twice ... ok
test tests_core::test_string_number_type_distinction ... ok
test tests_core::test_with_flattener_conflicts_with_media_type ... ok
test numbits::tests::test_ordering_random ... ok
test tests_core::test_same_pattern_id_multiple_value_types ... ok
test tests_core::test_zero_depth_panics - should panic ... ok
test tests_core::test_zero_budget_panics - should panic ... ok
test tests_core::test_zero_fields_panics - should panic ... ok
test tests_core::test_zero_states_panics - should panic ... ok
test tests_core::test_state_limit_default_allows_normal_patterns ... ok
test tests_operators::test_anything_but_numeric ... ok
test tests_operators::test_anything_but_numeric_array ... ok
test tests_core::test_pattern_fields_exceeds_limit ... ok
test tests_operators::test_anything_but_prefix_relationship ... ok
test tests_operators::test_anything_but_validation ... ok
test tests_core::test_state_limit_exceeded ... ok
test tests_operators::test_anything_but ... ok
test tests_operators::test_anything_but_single_string ... ok
test tests_operators::test_anything_but_numeric_single ... ok
test tests_operators::test_anything_but_numeric_float ... ok
test tests_operators::test_cidr_invalid_patterns ... ok
test tests_operators::test_anything_but_with_overlapping_exclusions ... ok
test tests_core::test_should_rebuild_threshold ... ok
test tests_operators::test_cidr_ipv4_prefix_mask_boundary ... ok
test tests_operators::test_cidr_ipv6_invalid_formats ... ok
test tests_operators::test_cidr_ipv6_group_limit ... ok
test tests_operators::test_anything_but_with_shellstyle ... ok
test tests_operators::test_anything_but_with_exact_match ... ok
test tests_operators::test_cidr_ipv6_basic ... ok
test tests_operators::test_cidr_ipv6_shorthand ... ok
test tests_operators::test_equals_ignore_case ... ok
test tests_operators::test_empty_regex_matches_empty_string ... ok
test tests_operators::test_equals_ignore_case_length_boundaries ... ok
test tests_core::test_pattern_fields_at_limit ... ok
test tests_operators::test_exact_added_before_lookahead_on_same_field ... FAILED
test tests_operators::test_cidr_ipv6_double_colon_variations ... ok
test tests_operators::test_equals_ignore_case_unicode ... ok
test tests_operators::test_equals_ignore_case_multiple_patterns ... ok
test tests_operators::test_equals_ignore_case_with_exact_match ... ok
test tests_operators::test_exists_false_ordering ... ok
test tests_operators::test_json_escape_sequences ... ok
test tests_operators::test_json_all_escape_sequences ... ok
test tests_operators::test_lookaround_buffer_reuse_no_stale_state ... FAILED
test tests_operators::test_lookahead_with_exact_on_same_field ... FAILED
test tests_core::test_numbits_to_qnumber_utf8 ... ok
test tests_operators::test_lookaround_multiple_conditions_no_cross_contamination_miri_friendly ... FAILED
test tests_operators::test_lookaround_buffer_reuse_no_stale_state_miri_friendly ... FAILED
test tests_operators::test_lookaround_multiple_conditions_no_cross_contamination ... FAILED
test tests_operators::test_lookaround_pattern_add_to_quamina ... FAILED
test tests_operators::test_lookaround_rejected_patterns ... ok
test tests_operators::test_lookaround_primary_match ... FAILED
test tests_operators::test_lookaround_pattern_parsing ... FAILED
test tests_operators::test_lookaround_transformation ... FAILED
test tests_operators::test_negative_lookahead_match ... FAILED
test tests_operators::test_negative_lookbehind_match ... FAILED
test tests_operators::test_lookbehind_match ... FAILED
test tests_operators::test_numeric_equals ... ok
test tests_operators::test_numeric_range ... ok
test tests_operators::test_numeric_greater_than ... ok
test tests_operators::test_multiple_overlapping_shellstyle_patterns ... ok
test tests_operators::test_nwb_start_nonword ... FAILED
test tests_operators::test_nwb_start_word_err ... ok
test tests_operators::test_nwb_underscore_is_word_char ... FAILED
test tests_operators::test_numeric_scientific_notation ... ok
test tests_operators::test_nwb_word_to_nonword_err ... ok
test tests_operators::test_multiple_shellstyle_same_field ... ok
test tests_operators::test_nwb_word_to_word ... FAILED
test tests_operators::test_positive_lookahead_match ... FAILED
test tests_operators::test_overlapping_exact_match_patterns ... ok
test tests_operators::test_regex_alternation ... FAILED
test tests_operators::test_prefix_match ... ok
test tests_operators::test_regex_character_class ... FAILED
test tests_operators::test_nested_transmap_safety_miri_friendly ... ok
test tests_operators::test_regex_match ... FAILED
test tests_operators::test_regexp_samples_exist ... ok
test tests_operators::test_regexp_end2end ... FAILED
test tests_operators::test_regex_various_patterns ... FAILED
test tests_operators::test_regex_with_escape ... FAILED
test tests_operators::test_regexp_simple_optional ... FAILED
test tests_operators::test_overlapping_shellstyle_nesting_miri_friendly ... ok
test tests_operators::test_nested_transmap_safety ... ok
test tests_operators::test_shellstyle_double_wildcard ... ok
test tests_operators::test_shellstyle_contains_negative ... ok
test tests_operators::test_shellstyle_contains ... ok
test tests_operators::test_shellstyle_long_case ... ok
test tests_operators::test_shellstyle_infix ... ok
test tests_operators::test_shellstyle_double_wildcard_variations ... ok
test tests_operators::test_overlapping_shellstyle_nesting ... ok
test tests_operators::test_shellstyle_complex_wildcards ... ok
test tests_operators::test_shellstyle_multiple_wildcards ... ok
test tests_operators::test_shellstyle_prefix ... ok
test tests_operators::test_shellstyle_prefix_negative ... ok
test tests_operators::test_shellstyle_duplicate_pattern ... ok
test tests_operators::test_shellstyle_ruler_negative_cases ... ok
test tests_operators::test_shellstyle_repeated_sequences ... ok
test tests_operators::test_shellstyle_suffix_with_space ... ok
test tests_operators::test_shellstyle_subset_overlap_same_field ... ok
test tests_operators::test_shellstyle_suffix ... ok
test tests_operators::test_shellstyle_suffix_negative ... ok
test tests_operators::test_singleton_hit_and_multi_condition_hit_same_value ... FAILED
test tests_operators::test_shellstyle_zero_length_prefix ... ok
test tests_operators::test_suffix ... ok
test tests_operators::test_unicode_escape_emoji ... ok
test tests_operators::test_unicode_escape_in_event ... ok
test tests_operators::test_wb_digit_to_space ... FAILED
test tests_operators::test_wb_end_non_word_char ... FAILED
test tests_operators::test_wb_end_word_char ... FAILED
test tests_operators::test_wb_middle_nonword_to_word ... FAILED
test tests_operators::test_shellstyle_suffix_merged_bug ... ok
test tests_operators::test_wb_middle_word_to_word_err ... ok
test tests_operators::test_wb_middle_word_to_nonword ... FAILED
test tests_operators::test_wb_optional_quantifier ... FAILED
test tests_operators::test_wb_plus_quantifier ... FAILED
test tests_operators::test_wb_range_quantifier ... FAILED
test tests_operators::test_regexp_validity ... ok
test tests_operators::test_wb_start_non_word_char ... FAILED
test tests_operators::test_wb_start_word_char ... FAILED
test tests_operators::test_wb_underscore_is_word_char ... ok
test tests_operators::test_three_level_nesting_miri_friendly ... ok
test tests_operators::test_wb_utf8_emoji_boundary ... FAILED
test tests_operators::test_wb_utf8_multibyte ... FAILED
test tests_operators::test_wb_utf8_nonword_to_word ... FAILED
test tests_operators::test_wb_whole_word_at_start ... FAILED
test tests_operators::test_wb_whole_word_at_end ... FAILED
test tests_operators::test_wb_whole_word_match ... FAILED
test tests_operators::test_wb_with_char_class ... FAILED
test tests_operators::test_wb_whole_word_no_match ... FAILED
test tests_operators::test_wb_whole_word_only ... FAILED
test tests_operators::test_wb_with_dot ... FAILED
test tests_operators::test_wildcard_escape_backslash ... ok
test tests_operators::test_wildcard_contains ... ok
test tests_operators::test_wildcard_escape_star ... ok
test tests_operators::test_wildcard_escape_backslash_star ... ok
test tests_operators::test_wildcard_escape_backslash_wildcard ... ok
test tests_operators::test_cidr_ipv4_basic ... ok
test tests_operators::test_wildcard_invalid_patterns ... ok
test tests_operators::test_wildcard_escape_sequences_comprehensive ... ok
test tests_operators::test_wildcard_matches_empty_string ... ok
test tests_operators::test_wildcard_invalid_escape_sequences ... ok
test tests_operators::test_wildcard_multi_patterns_double_exact ... ok
test tests_operators::test_wildcard_multi_patterns_complex1 ... ok
test tests_operators::test_wildcard_multi_patterns_basic ... ok
test tests_operators::test_wildcard_multi_patterns_infix_exact ... ok
test tests_operators::test_wildcard_multi_patterns_double_exact2 ... ok
test tests_operators::test_wildcard_multi_patterns_infix_exact2 ... ok
test tests_operators::test_wildcard_multi_patterns_infix_pair ... ok
test tests_operators::test_wildcard_multi_patterns_prefix_exact ... ok
test tests_operators::test_wildcard_multi_patterns_complex2 ... ok
test tests_operators::test_wildcard_multi_patterns_overlap2 ... ok
test tests_operators::test_wildcard_multi_patterns_overlap1 ... ok
test tests_operators::test_three_level_nesting ... ok
test tests_operators::test_wildcard_comprehensive ... ok
test tests_operators::test_wildcard_multi_patterns_suffix_double ... ok
test tests_operators::test_wildcard_multi_patterns_suffix_exact ... ok
test tests_operators::test_wildcard_multi_patterns_prefix_pair ... ok
test tests_operators::test_wildcard_multi_patterns_suffix_double2 ... ok
test tests_operators::test_wildcard_multi_patterns_prefix_suffix ... ok
test tests_operators::test_wildcard_multi_patterns_suffix_exact2 ... ok
test tests_operators::test_wildcard_prefix ... ok
test tests_operators::test_wildcard_multi_patterns_prefix_suffix2 ... ok
test tests_operators::test_wildcard_multi_patterns_suffix_infix ... ok
test tests_operators::test_wildcard_syntax_errors ... ok
test tests_operators::test_wildcard_suffix ... ok
test tests_operators::test_wildcard_multi_patterns_suffix_infix2 ... ok
test tests_stress::test_arc_field_matcher_sharing ... ok
test tests_stress::test_break_500_limit ... ignored
test tests_operators::test_wildcard_multi_patterns_suffix_pair ... ok
test tests_operators::test_wildcard_multi_patterns_zero_expansion ... ok
test tests_stress::test_arc_snapshot_isolation ... ok
test tests_stress::test_arc_concurrent_read_write ... ok
test tests_stress::test_concurrent_miri_friendly ... ok
test tests_operators::test_wildcard_unicode_strings ... ok
test tests_stress::test_bulk_add_correctness ... ok
test tests_stress::test_arc_pattern_lifecycle ... ok
test tests_stress::test_invalid_utf8_dot_rejection ... ok
test tests_stress::test_exercise_matching_miri_friendly ... ok
test tests_stress::test_concurrent_citylots_stress ... ok
test tests_stress::test_numbits_ordering_through_range ... ok
test tests_stress::test_memory_cleanup_miri_friendly ... ok
test tests_stress::test_numbits_through_numeric_matching ... ok
test tests_stress::test_multiple_patterns_same_id_comprehensive ... ok
test tests_stress::test_pathological_correctness_miri_friendly ... FAILED
test tests_stress::test_stress_citylots2_operators ... ok
test tests_stress::test_json_escape_all_eight ... ok
test tests_operators::test_cidr_ipv4_prefix_various_lengths ... ok
test tests_stress::test_multiple_shellstyle_citylots_patterns ... ok
test tests_stress::test_exercise_matching_comprehensive ... FAILED
test tests_stress::test_unicode_escape_mixed_codepoints ... ok
test tests_stress::test_unicode_escape_multiple_emojis ... ok
test tests_stress::test_unicode_field_names ... ok
test tests_stress::test_unicode_field_names_surrogate_pairs ... ok
test tests_stress::test_unicode_member_names ... ok
test tests_stress::test_utf16_surrogate_pairs ... ok
test tests_stress::test_unicode_escape_standard_escapes ... ok
test tests_stress::test_pathological_correctness ... FAILED
test unicode_categories::tests::test_ascii_in_ll ... ok
test unicode_categories::tests::test_ascii_in_lu ... ok
test unicode_categories::tests::test_block_lookup ... ok
test unicode_categories::tests::test_category_lookup ... ok
test unicode_categories::tests::test_digit_in_nd ... ok
test tests_operators::test_cidr_non_ip_values ... ok
test tests_operators::test_cidr_with_other_matchers ... ok
test tests_operators::test_cidr_miri_lightweight ... ok
test tests_stress::test_arc_memory_cleanup ... ok
test tests_operators::test_anything_but_wordle_words ... ok
test tests_operators::test_cidr_ipv4_various_prefixes ... ok
test tests_stress::test_pattern_insertion_scales_linearly ... ok
test tests_stress::test_stress_fuzz_strings ... ok
test tests_stress::test_stress_fuzz_numbers ... ok
test tests_stress::test_concurrent_update_during_matching ... ok

failures:

---- automaton::mutable_matcher::tests::test_core_matcher_direct_with_arena_regexp stdout ----

thread 'automaton::mutable_matcher::tests::test_core_matcher_direct_with_arena_regexp' (3491774) panicked at src/automaton/mutable_matcher.rs:1612:88:
called `Result::unwrap()` on an `Err` value: InvalidPattern("invalid regexp: end of string")
note: run with `RUST_BACKTRACE=1` environment variable to display a backtrace

---- automaton::mutable_matcher::tests::test_core_matcher_with_arena_regexp stdout ----

thread 'automaton::mutable_matcher::tests::test_core_matcher_with_arena_regexp' (3491785) panicked at src/automaton/mutable_matcher.rs:1574:88:
called `Result::unwrap()` on an `Err` value: InvalidPattern("invalid regexp: end of string")

---- automaton::mutable_matcher::tests::test_value_matcher_regexp_with_plus stdout ----

thread 'automaton::mutable_matcher::tests::test_value_matcher_regexp_with_plus' (3491793) panicked at src/automaton/mutable_matcher.rs:1502:63:
called `Result::unwrap()` on an `Err` value: RegexpError { message: "end of string", offset: 0 }

---- automaton::mutable_matcher::tests::test_value_matcher_regexp_without_plus stdout ----

thread 'automaton::mutable_matcher::tests::test_value_matcher_regexp_without_plus' (3491794) panicked at src/automaton/mutable_matcher.rs:1544:49:
called `Result::unwrap()` on an `Err` value: RegexpError { message: "end of string", offset: 0 }

---- regexp::parser::tests::test_parse_negated_slash_class stdout ----

thread 'regexp::parser::tests::test_parse_negated_slash_class' (3491909) panicked at src/regexp/parser.rs:2131:42:
called `Result::unwrap()` on an `Err` value: RegexpError { message: "end of string", offset: 0 }

---- regexp::parser::tests::test_parse_negated_char_class_stores_ascii_bytes stdout ----

thread 'regexp::parser::tests::test_parse_negated_char_class_stores_ascii_bytes' (3491907) panicked at src/regexp/parser.rs:2098:42:
called `Result::unwrap()` on an `Err` value: RegexpError { message: "end of string", offset: 0 }

---- regexp::parser::tests::test_parse_negated_quote_class stdout ----

thread 'regexp::parser::tests::test_parse_negated_quote_class' (3491908) panicked at src/regexp/parser.rs:2143:43:
called `Result::unwrap()` on an `Err` value: RegexpError { message: "end of string", offset: 0 }

---- regexp::parser::tests::test_parse_negated_unicode_class_no_ascii_bytes stdout ----

thread 'regexp::parser::tests::test_parse_negated_unicode_class_no_ascii_bytes' (3491910) panicked at src/regexp/parser.rs:2120:42:
called `Result::unwrap()` on an `Err` value: RegexpError { message: "end of string", offset: 0 }

---- regexp::parser::tests::test_parse_non_negated_class_no_ascii_bytes stdout ----

thread 'regexp::parser::tests::test_parse_non_negated_class_no_ascii_bytes' (3491911) panicked at src/regexp/parser.rs:2109:43:
called `Result::unwrap()` on an `Err` value: RegexpError { message: "end of string", offset: 0 }

---- regexp::parser::tests::test_wb_dot_star_expansion stdout ----

thread 'regexp::parser::tests::test_wb_dot_star_expansion' (3491912) panicked at src/regexp/parser.rs:2187:44:
called `Result::unwrap()` on an `Err` value: RegexpError { message: "end of string", offset: 0 }

---- regexp::parser::tests::test_wb_impossible_boundary_empty_tree stdout ----

thread 'regexp::parser::tests::test_wb_impossible_boundary_empty_tree' (3491913) panicked at src/regexp/parser.rs:2168:43:
called `Result::unwrap()` on an `Err` value: RegexpError { message: "end of string", offset: 0 }

---- regexp::parser::tests::test_wb_middle_boundary_expansion stdout ----

thread 'regexp::parser::tests::test_wb_middle_boundary_expansion' (3491914) panicked at src/regexp/parser.rs:2179:44:
called `Result::unwrap()` on an `Err` value: RegexpError { message: "end of string", offset: 0 }

---- regexp::parser::tests::test_wb_parse_boundary_marker stdout ----

thread 'regexp::parser::tests::test_wb_parse_boundary_marker' (3491915) panicked at src/regexp/parser.rs:2157:44:
called `Result::unwrap()` on an `Err` value: RegexpError { message: "end of string", offset: 0 }

---- regexp::tests::test_arena_nfa_email_pattern stdout ----

thread 'regexp::tests::test_arena_nfa_email_pattern' (3491916) panicked at src/regexp/mod.rs:1062:42:
called `Result::unwrap()` on an `Err` value: RegexpError { message: "end of string", offset: 0 }

---- regexp::tests::test_arena_nfa_plus_simple stdout ----

thread 'regexp::tests::test_arena_nfa_plus_simple' (3491917) panicked at src/regexp/mod.rs:1100:42:
called `Result::unwrap()` on an `Err` value: RegexpError { message: "end of string", offset: 0 }

---- regexp::tests::test_arena_nfa_star_plus_miri_friendly stdout ----

thread 'regexp::tests::test_arena_nfa_star_plus_miri_friendly' (3491918) panicked at src/regexp/mod.rs:1133:58:
Failed to parse: [abc]*

---- regexp::tests::test_backreferences_not_supported stdout ----

thread 'regexp::tests::test_backreferences_not_supported' (3491919) panicked at src/regexp/mod.rs:2614:13:
Error for '(.)~1' should mention backreference: end of string

---- regexp::tests::test_clear_fa_shell_cache_works stdout ----

thread 'regexp::tests::test_clear_fa_shell_cache_works' (3491920) panicked at src/regexp/mod.rs:2901:43:
called `Result::unwrap()` on an `Err` value: RegexpError { message: "end of string", offset: 0 }

---- regexp::tests::test_lookaround_atom_properties stdout ----

thread 'regexp::tests::test_lookaround_atom_properties' (3491922) panicked at src/regexp/mod.rs:278:47:
called `Result::unwrap()` on an `Err` value: RegexpError { message: "end of string", offset: 0 }

---- regexp::tests::test_multi_char_escape_with_quantifier stdout ----

thread 'regexp::tests::test_multi_char_escape_with_quantifier' (3491923) panicked at src/regexp/mod.rs:2225:40:
called `Result::unwrap()` on an `Err` value: RegexpError { message: "end of string", offset: 0 }

---- regexp::tests::test_multi_char_escapes_in_class stdout ----

thread 'regexp::tests::test_multi_char_escapes_in_class' (3491924) panicked at src/regexp/mod.rs:2199:41:
called `Result::unwrap()` on an `Err` value: RegexpError { message: "end of string", offset: 0 }

---- regexp::tests::test_multi_char_escapes_nfa stdout ----

thread 'regexp::tests::test_multi_char_escapes_nfa' (3491925) panicked at src/regexp/mod.rs:2093:39:
called `Result::unwrap()` on an `Err` value: RegexpError { message: "end of string", offset: 0 }

---- regexp::tests::test_multi_char_escapes_parse stdout ----

thread 'regexp::tests::test_multi_char_escapes_parse' (3491926) panicked at src/regexp/mod.rs:1913:39:
called `Result::unwrap()` on an `Err` value: RegexpError { message: "end of string", offset: 0 }

---- regexp::tests::test_negated_category_star_edge_cases stdout ----

thread 'regexp::tests::test_negated_category_star_edge_cases' (3491927) panicked at src/regexp/mod.rs:1199:58:
Failed to parse: .*

---- regexp::tests::test_negated_class_nfa stdout ----

thread 'regexp::tests::test_negated_class_nfa' (3491928) panicked at src/regexp/mod.rs:965:43:
called `Result::unwrap()` on an `Err` value: RegexpError { message: "end of string", offset: 0 }

---- regexp::tests::test_negated_single_char_ascii_fast_path stdout ----

thread 'regexp::tests::test_negated_single_char_ascii_fast_path' (3491929) panicked at src/regexp/mod.rs:1303:61:
Failed to parse: [^x]+

---- regexp::tests::test_negated_unicode_char_no_ascii_fast_path stdout ----

thread 'regexp::tests::test_negated_unicode_char_no_ascii_fast_path' (3491930) panicked at src/regexp/mod.rs:1365:61:
Failed to parse: [^ü]+

---- regexp::tests::test_nfa_plus_quantifier stdout ----

thread 'regexp::tests::test_nfa_plus_quantifier' (3491932) panicked at src/regexp/mod.rs:386:43:
called `Result::unwrap()` on an `Err` value: RegexpError { message: "end of string", offset: 0 }

---- regexp::tests::test_nfa_positive_class_miri_friendly stdout ----

thread 'regexp::tests::test_nfa_positive_class_miri_friendly' (3491933) panicked at src/regexp/mod.rs:904:42:
called `Result::unwrap()` on an `Err` value: RegexpError { message: "end of string", offset: 0 }

---- regexp::tests::test_nfa_range_bounded stdout ----

thread 'regexp::tests::test_nfa_range_bounded' (3491934) panicked at src/regexp/mod.rs:569:43:
called `Result::unwrap()` on an `Err` value: RegexpError { message: "end of string", offset: 0 }

---- regexp::tests::test_nfa_range_exact stdout ----

thread 'regexp::tests::test_nfa_range_exact' (3491935) panicked at src/regexp/mod.rs:522:41:
called `Result::unwrap()` on an `Err` value: RegexpError { message: "end of string", offset: 0 }

---- regexp::tests::test_nfa_range_with_class stdout ----

thread 'regexp::tests::test_nfa_range_with_class' (3491936) panicked at src/regexp/mod.rs:647:47:
called `Result::unwrap()` on an `Err` value: RegexpError { message: "end of string", offset: 0 }

---- regexp::tests::test_nfa_simple_singleton stdout ----

thread 'regexp::tests::test_nfa_simple_singleton' (3491938) panicked at src/regexp/mod.rs:360:42:
called `Result::unwrap()` on an `Err` value: RegexpError { message: "end of string", offset: 0 }

---- regexp::tests::test_nfa_range_zero_min stdout ----

thread 'regexp::tests::test_nfa_range_zero_min' (3491937) panicked at src/regexp/mod.rs:705:43:
called `Result::unwrap()` on an `Err` value: RegexpError { message: "end of string", offset: 0 }

---- regexp::tests::test_nfa_star_quantifier stdout ----

thread 'regexp::tests::test_nfa_star_quantifier' (3491939) panicked at src/regexp/mod.rs:448:43:
called `Result::unwrap()` on an `Err` value: RegexpError { message: "end of string", offset: 0 }

---- regexp::tests::test_parse_alternation stdout ----

thread 'regexp::tests::test_parse_alternation' (3491940) panicked at src/regexp/mod.rs:47:40:
called `Result::unwrap()` on an `Err` value: RegexpError { message: "end of string", offset: 0 }

---- regexp::tests::test_parse_char_class stdout ----

thread 'regexp::tests::test_parse_char_class' (3491941) panicked at src/regexp/mod.rs:53:42:
called `Result::unwrap()` on an `Err` value: RegexpError { message: "end of string", offset: 0 }

---- regexp::tests::test_parse_char_class_subtraction stdout ----

thread 'regexp::tests::test_parse_char_class_subtraction' (3491942) panicked at src/regexp/mod.rs:2716:48:
called `Result::unwrap()` on an `Err` value: RegexpError { message: "end of string", offset: 0 }

---- regexp::tests::test_parse_char_class_subtraction_alternation stdout ----

thread 'regexp::tests::test_parse_char_class_subtraction_alternation' (3491943) panicked at src/regexp/mod.rs:2806:67:
called `Result::unwrap()` on an `Err` value: RegexpError { message: "end of string", offset: 0 }

---- regexp::tests::test_parse_char_class_subtraction_depth_limit stdout ----

thread 'regexp::tests::test_parse_char_class_subtraction_depth_limit' (3491944) panicked at src/regexp/mod.rs:2841:9:
error should mention nesting: end of string

---- regexp::tests::test_parse_char_class_subtraction_negated_inner stdout ----

thread 'regexp::tests::test_parse_char_class_subtraction_negated_inner' (3491945) panicked at src/regexp/mod.rs:2728:49:
called `Result::unwrap()` on an `Err` value: RegexpError { message: "end of string", offset: 0 }

---- regexp::tests::test_parse_char_class_subtraction_negated_subtract stdout ----

thread 'regexp::tests::test_parse_char_class_subtraction_negated_subtract' (3491946) panicked at src/regexp/mod.rs:2816:53:
called `Result::unwrap()` on an `Err` value: RegexpError { message: "end of string", offset: 0 }

---- regexp::tests::test_parse_char_class_subtraction_nested stdout ----

thread 'regexp::tests::test_parse_char_class_subtraction_nested' (3491947) panicked at src/regexp/mod.rs:2781:54:
called `Result::unwrap()` on an `Err` value: RegexpError { message: "end of string", offset: 0 }

---- regexp::tests::test_parse_char_class_subtraction_no_overlap stdout ----

thread 'regexp::tests::test_parse_char_class_subtraction_no_overlap' (3491948) panicked at src/regexp/mod.rs:2750:49:
called `Result::unwrap()` on an `Err` value: RegexpError { message: "end of string", offset: 0 }

---- regexp::tests::test_parse_char_class_subtraction_single_chars_before_bracket stdout ----

thread 'regexp::tests::test_parse_char_class_subtraction_single_chars_before_bracket' (3491949) panicked at src/regexp/mod.rs:2793:48:
called `Result::unwrap()` on an `Err` value: RegexpError { message: "end of string", offset: 0 }

---- regexp::tests::test_parse_char_class_subtraction_single_result stdout ----

thread 'regexp::tests::test_parse_char_class_subtraction_single_result' (3491950) panicked at src/regexp/mod.rs:2739:47:
called `Result::unwrap()` on an `Err` value: RegexpError { message: "end of string", offset: 0 }

---- regexp::tests::test_parse_char_class_subtraction_with_negated_outer stdout ----

thread 'regexp::tests::test_parse_char_class_subtraction_with_negated_outer' (3491951) panicked at src/regexp/mod.rs:2763:51:
called `Result::unwrap()` on an `Err` value: RegexpError { message: "end of string", offset: 0 }

---- regexp::tests::test_parse_char_range stdout ----

thread 'regexp::tests::test_parse_char_range' (3491952) panicked at src/regexp/mod.rs:64:42:
called `Result::unwrap()` on an `Err` value: RegexpError { message: "end of string", offset: 0 }

---- regexp::tests::test_parse_dot stdout ----

thread 'regexp::tests::test_parse_dot' (3491953) panicked at src/regexp/mod.rs:73:40:
called `Result::unwrap()` on an `Err` value: RegexpError { message: "end of string", offset: 0 }

---- regexp::tests::test_parse_group stdout ----

thread 'regexp::tests::test_parse_group' (3491955) panicked at src/regexp/mod.rs:90:43:
called `Result::unwrap()` on an `Err` value: RegexpError { message: "end of string", offset: 0 }

---- regexp::tests::test_parse_lazy_quantifiers stdout ----

thread 'regexp::tests::test_parse_lazy_quantifiers' (3491957) panicked at src/regexp/mod.rs:176:40:
called `Result::unwrap()` on an `Err` value: RegexpError { message: "end of string", offset: 0 }

---- regexp::tests::test_parse_lookaround_supported stdout ----

thread 'regexp::tests::test_parse_lookaround_supported' (3491958) panicked at src/regexp/mod.rs:200:9:
Positive lookahead should parse

---- regexp::tests::test_parse_negated_class stdout ----

thread 'regexp::tests::test_parse_negated_class' (3491959) panicked at src/regexp/mod.rs:138:43:
called `Result::unwrap()` on an `Err` value: RegexpError { message: "end of string", offset: 0 }

---- regexp::tests::test_parse_non_capturing_group stdout ----

thread 'regexp::tests::test_parse_non_capturing_group' (3491961) panicked at src/regexp/mod.rs:152:46:
called `Result::unwrap()` on an `Err` value: RegexpError { message: "end of string", offset: 0 }

---- regexp::tests::test_parse_non_capturing_nested stdout ----

thread 'regexp::tests::test_parse_non_capturing_nested' (3491962) panicked at src/regexp/mod.rs:166:46:
called `Result::unwrap()` on an `Err` value: RegexpError { message: "end of string", offset: 0 }

---- regexp::tests::test_parse_optional stdout ----

thread 'regexp::tests::test_parse_optional' (3491963) panicked at src/regexp/mod.rs:81:41:
called `Result::unwrap()` on an `Err` value: RegexpError { message: "end of string", offset: 0 }

---- regexp::tests::test_parse_plus stdout ----

thread 'regexp::tests::test_parse_plus' (3491964) panicked at src/regexp/mod.rs:116:43:
called `Result::unwrap()` on an `Err` value: RegexpError { message: "end of string", offset: 0 }

---- regexp::tests::test_parse_range_quantifier stdout ----

thread 'regexp::tests::test_parse_range_quantifier' (3491965) panicked at src/regexp/mod.rs:494:41:
called `Result::unwrap()` on an `Err` value: RegexpError { message: "end of string", offset: 0 }

---- regexp::tests::test_parse_simple stdout ----

thread 'regexp::tests::test_parse_simple' (3491966) panicked at src/regexp/mod.rs:40:40:
called `Result::unwrap()` on an `Err` value: RegexpError { message: "end of string", offset: 0 }

---- regexp::tests::test_parse_star stdout ----

thread 'regexp::tests::test_parse_star' (3491967) panicked at src/regexp/mod.rs:127:43:
called `Result::unwrap()` on an `Err` value: RegexpError { message: "end of string", offset: 0 }

---- regexp::tests::test_parse_variable_length_lookbehind_rejected stdout ----

thread 'regexp::tests::test_parse_variable_length_lookbehind_rejected' (3491969) panicked at src/regexp/mod.rs:265:9:
Fixed-length lookbehind should parse

---- regexp::tests::test_range_quantifier_equivalence_miri_friendly stdout ----

thread 'regexp::tests::test_range_quantifier_equivalence_miri_friendly' (3491970) panicked at src/regexp/mod.rs:1593:48:
called `Result::unwrap()` on an `Err` value: RegexpError { message: "end of string", offset: 0 }

---- regexp::tests::test_range_quantifier_equivalence_plus stdout ----

thread 'regexp::tests::test_range_quantifier_equivalence_plus' (3491971) panicked at src/regexp/mod.rs:1469:48:
called `Result::unwrap()` on an `Err` value: RegexpError { message: "end of string", offset: 0 }

---- regexp::tests::test_range_quantifier_equivalence_question stdout ----

thread 'regexp::tests::test_range_quantifier_equivalence_question' (3491972) panicked at src/regexp/mod.rs:1411:49:
called `Result::unwrap()` on an `Err` value: RegexpError { message: "end of string", offset: 0 }

---- regexp::tests::test_range_quantifier_equivalence_star stdout ----

thread 'regexp::tests::test_range_quantifier_equivalence_star' (3491973) panicked at src/regexp/mod.rs:1532:48:
called `Result::unwrap()` on an `Err` value: RegexpError { message: "end of string", offset: 0 }

---- regexp::tests::test_range_quantifier_exact_one stdout ----

thread 'regexp::tests::test_range_quantifier_exact_one' (3491974) panicked at src/regexp/mod.rs:1662:41:
called `Result::unwrap()` on an `Err` value: RegexpError { message: "end of string", offset: 0 }

---- regexp::tests::test_range_quantifier_exact_zero stdout ----

thread 'regexp::tests::test_range_quantifier_exact_zero' (3491975) panicked at src/regexp/mod.rs:1700:43:
called `Result::unwrap()` on an `Err` value: RegexpError { message: "end of string", offset: 0 }

---- regexp::tests::test_range_quantifier_larger_values stdout ----

thread 'regexp::tests::test_range_quantifier_larger_values' (3491976) panicked at src/regexp/mod.rs:1874:44:
called `Result::unwrap()` on an `Err` value: RegexpError { message: "end of string", offset: 0 }

---- regexp::tests::test_range_quantifier_with_dot stdout ----

thread 'regexp::tests::test_range_quantifier_with_dot' (3491978) panicked at src/regexp/mod.rs:1738:43:
called `Result::unwrap()` on an `Err` value: RegexpError { message: "end of string", offset: 0 }

---- regexp::tests::test_range_quantifier_with_group stdout ----

thread 'regexp::tests::test_range_quantifier_with_group' (3491979) panicked at src/regexp/mod.rs:1800:46:
called `Result::unwrap()` on an `Err` value: RegexpError { message: "end of string", offset: 0 }

---- regexp::tests::test_regexp_has_plus_star_returns_false stdout ----

thread 'regexp::tests::test_regexp_has_plus_star_returns_false' (3491980) panicked at src/regexp/mod.rs:2851:42:
called `Result::unwrap()` on an `Err` value: RegexpError { message: "end of string", offset: 0 }

---- regexp::tests::test_shell_cache_instantiate_epsilon_remap stdout ----

thread 'regexp::tests::test_shell_cache_instantiate_epsilon_remap' (3491981) panicked at src/regexp/mod.rs:3005:45:
called `Result::unwrap()` on an `Err` value: RegexpError { message: "end of string", offset: 0 }

---- regexp::tests::test_shell_caching_cache_key stdout ----

thread 'regexp::tests::test_shell_caching_cache_key' (3491982) panicked at src/regexp/mod.rs:2314:42:
called `Result::unwrap()` on an `Err` value: RegexpError { message: "end of string", offset: 0 }

---- regexp::tests::test_shell_caching_independent_categories stdout ----

thread 'regexp::tests::test_shell_caching_independent_categories' (3491983) panicked at src/regexp/mod.rs:2434:44:
called `Result::unwrap()` on an `Err` value: RegexpError { message: "end of string", offset: 0 }

---- regexp::tests::test_shell_caching_negated_independent stdout ----

thread 'regexp::tests::test_shell_caching_negated_independent' (3491984) panicked at src/regexp/mod.rs:2495:46:
called `Result::unwrap()` on an `Err` value: RegexpError { message: "end of string", offset: 0 }

---- regexp::tests::test_shell_caching_nfa_correctness stdout ----

thread 'regexp::tests::test_shell_caching_nfa_correctness' (3491985) panicked at src/regexp/mod.rs:2373:43:
called `Result::unwrap()` on an `Err` value: RegexpError { message: "end of string", offset: 0 }

---- regexp::tests::test_shell_caching_xml_escape_cache_keys stdout ----

thread 'regexp::tests::test_shell_caching_xml_escape_cache_keys' (3491986) panicked at src/regexp/mod.rs:2548:39:
called `Result::unwrap()` on an `Err` value: RegexpError { message: "end of string", offset: 0 }

---- regexp::tests::test_shell_instantiation_with_epsilons stdout ----

thread 'regexp::tests::test_shell_instantiation_with_epsilons' (3491987) panicked at src/regexp/mod.rs:2941:41:
called `Result::unwrap()` on an `Err` value: RegexpError { message: "end of string", offset: 0 }

---- regexp::tests::test_star_matches_empty stdout ----

thread 'regexp::tests::test_star_matches_empty' (3491989) panicked at src/regexp/mod.rs:1012:46:
called `Result::unwrap()` on an `Err` value: RegexpError { message: "end of string", offset: 0 }

---- regexp::tests::test_star_matches_empty_miri_friendly stdout ----

thread 'regexp::tests::test_star_matches_empty_miri_friendly' (3491990) panicked at src/regexp/mod.rs:1039:43:
called `Result::unwrap()` on an `Err` value: RegexpError { message: "end of string", offset: 0 }

---- regexp::tests::test_toxic_stack_arena stdout ----

thread 'regexp::tests::test_toxic_stack_arena' (3491998) panicked at src/regexp/mod.rs:870:37:
Should parse toxic stack pattern: RegexpError { message: "end of string", offset: 0 }

---- regexp::tests::test_xml_escapes_nfa stdout ----

thread 'regexp::tests::test_xml_escapes_nfa' (3491999) panicked at src/regexp/mod.rs:1976:39:
called `Result::unwrap()` on an `Err` value: RegexpError { message: "end of string", offset: 0 }

---- regexp::tests::test_zero_quantifier stdout ----

thread 'regexp::tests::test_zero_quantifier' (3492000) panicked at src/regexp/mod.rs:2869:42:
called `Result::unwrap()` on an `Err` value: RegexpError { message: "end of string", offset: 0 }

---- tests_core::test_condition_cost_ordering stdout ----

thread 'tests_core::test_condition_cost_ordering' (3492041) panicked at src/tests_core.rs:1328:40:
called `Result::unwrap()` on an `Err` value: RegexpError { message: "end of string", offset: 0 }

---- tests_core::test_multi_condition_pattern_fields stdout ----

thread 'tests_core::test_multi_condition_pattern_fields' (3492079) panicked at src/tests_core.rs:1306:39:
called `Result::unwrap()` on an `Err` value: RegexpError { message: "end of string", offset: 0 }

---- tests_core::test_default_limits_allow_normal_patterns stdout ----

thread 'tests_core::test_default_limits_allow_normal_patterns' (3492050) panicked at src/tests_core.rs:2026:5:
assertion failed: q.add_pattern("re", r#"{"x": [{"regex": "[a-z]+"}]}"#).is_ok()

---- tests_core::test_arena_stats_workloads stdout ----

thread 'tests_core::test_arena_stats_workloads' (3492015) panicked at src/tests_core.rs:2744:50:
called `Result::unwrap()` on an `Err` value: InvalidPattern("invalid regexp: end of string")

---- tests_operators::test_exact_added_before_lookahead_on_same_field stdout ----

thread 'tests_operators::test_exact_added_before_lookahead_on_same_field' (3492150) panicked at src/tests_operators.rs:960:6:
called `Result::unwrap()` on an `Err` value: InvalidPattern("invalid regexp: end of string")

---- tests_operators::test_lookaround_buffer_reuse_no_stale_state stdout ----

thread 'tests_operators::test_lookaround_buffer_reuse_no_stale_state' (3492155) panicked at src/tests_operators.rs:3136:6:
called `Result::unwrap()` on an `Err` value: InvalidPattern("invalid regexp: end of string")

---- tests_operators::test_lookahead_with_exact_on_same_field stdout ----

thread 'tests_operators::test_lookahead_with_exact_on_same_field' (3492154) panicked at src/tests_operators.rs:917:6:
called `Result::unwrap()` on an `Err` value: InvalidPattern("invalid regexp: end of string")

---- tests_operators::test_lookaround_multiple_conditions_no_cross_contamination_miri_friendly stdout ----

thread 'tests_operators::test_lookaround_multiple_conditions_no_cross_contamination_miri_friendly' (3492158) panicked at src/tests_operators.rs:3242:10:
called `Result::unwrap()` on an `Err` value: InvalidPattern("invalid regexp: end of string")

---- tests_operators::test_lookaround_buffer_reuse_no_stale_state_miri_friendly stdout ----

thread 'tests_operators::test_lookaround_buffer_reuse_no_stale_state_miri_friendly' (3492156) panicked at src/tests_operators.rs:3212:6:
called `Result::unwrap()` on an `Err` value: InvalidPattern("invalid regexp: end of string")

---- tests_operators::test_lookaround_multiple_conditions_no_cross_contamination stdout ----

thread 'tests_operators::test_lookaround_multiple_conditions_no_cross_contamination' (3492157) panicked at src/tests_operators.rs:3172:10:
called `Result::unwrap()` on an `Err` value: InvalidPattern("invalid regexp: end of string")

---- tests_operators::test_lookaround_pattern_add_to_quamina stdout ----

thread 'tests_operators::test_lookaround_pattern_add_to_quamina' (3492159) panicked at src/tests_operators.rs:809:5:
Lookahead pattern should be accepted: Some(InvalidPattern("invalid regexp: end of string"))

---- tests_operators::test_lookaround_primary_match stdout ----

thread 'tests_operators::test_lookaround_primary_match' (3492161) panicked at src/tests_operators.rs:3102:53:
called `Result::unwrap()` on an `Err` value: InvalidPattern("invalid regexp: end of string")

---- tests_operators::test_lookaround_pattern_parsing stdout ----

thread 'tests_operators::test_lookaround_pattern_parsing' (3492160) panicked at src/tests_operators.rs:3050:5:
Positive lookahead should parse

---- tests_operators::test_lookaround_transformation stdout ----

thread 'tests_operators::test_lookaround_transformation' (3492163) panicked at src/tests_operators.rs:3068:13:
called `Result::unwrap()` on an `Err` value: InvalidPattern("invalid regexp: end of string")

---- tests_operators::test_negative_lookahead_match stdout ----

thread 'tests_operators::test_negative_lookahead_match' (3492167) panicked at src/tests_operators.rs:843:48:
called `Result::unwrap()` on an `Err` value: InvalidPattern("invalid regexp: end of string")

---- tests_operators::test_negative_lookbehind_match stdout ----

thread 'tests_operators::test_negative_lookbehind_match' (3492168) panicked at src/tests_operators.rs:887:48:
called `Result::unwrap()` on an `Err` value: InvalidPattern("invalid regexp: end of string")

---- tests_operators::test_lookbehind_match stdout ----

thread 'tests_operators::test_lookbehind_match' (3492164) panicked at src/tests_operators.rs:865:48:
called `Result::unwrap()` on an `Err` value: InvalidPattern("invalid regexp: end of string")

---- tests_operators::test_nwb_start_nonword stdout ----

thread 'tests_operators::test_nwb_start_nonword' (3492175) panicked at src/tests_operators.rs:1074:13:
called `Result::unwrap()` on an `Err` value: InvalidPattern("invalid regexp: end of string")

---- tests_operators::test_nwb_underscore_is_word_char stdout ----

thread 'tests_operators::test_nwb_underscore_is_word_char' (3492177) panicked at src/tests_operators.rs:1129:13:
called `Result::unwrap()` on an `Err` value: InvalidPattern("invalid regexp: end of string")

---- tests_operators::test_nwb_word_to_word stdout ----

thread 'tests_operators::test_nwb_word_to_word' (3492179) panicked at src/tests_operators.rs:1058:13:
called `Result::unwrap()` on an `Err` value: InvalidPattern("invalid regexp: end of string")

---- tests_operators::test_positive_lookahead_match stdout ----

thread 'tests_operators::test_positive_lookahead_match' (3492183) panicked at src/tests_operators.rs:821:48:
called `Result::unwrap()` on an `Err` value: InvalidPattern("invalid regexp: end of string")

---- tests_operators::test_regex_alternation stdout ----

thread 'tests_operators::test_regex_alternation' (3492185) panicked at src/tests_operators.rs:579:13:
called `Result::unwrap()` on an `Err` value: InvalidPattern("invalid regexp: end of string")

---- tests_operators::test_regex_character_class stdout ----

thread 'tests_operators::test_regex_character_class' (3492186) panicked at src/tests_operators.rs:587:13:
called `Result::unwrap()` on an `Err` value: InvalidPattern("invalid regexp: end of string")

---- tests_operators::test_regex_match stdout ----

thread 'tests_operators::test_regex_match' (3492187) panicked at src/tests_operators.rs:564:13:
called `Result::unwrap()` on an `Err` value: InvalidPattern("invalid regexp: end of string")

---- tests_operators::test_regexp_end2end stdout ----

thread 'tests_operators::test_regexp_end2end' (3492190) panicked at src/tests_operators.rs:1538:13:
Failed to add pattern '(xyz)?a?b': invalid pattern: invalid regexp: end of string

---- tests_operators::test_regex_various_patterns stdout ----

thread 'tests_operators::test_regex_various_patterns' (3492188) panicked at src/tests_operators.rs:1402:39:
called `Result::unwrap()` on an `Err` value: InvalidPattern("invalid regexp: end of string")

---- tests_operators::test_regex_with_escape stdout ----

thread 'tests_operators::test_regex_with_escape' (3492189) panicked at src/tests_operators.rs:572:13:
called `Result::unwrap()` on an `Err` value: InvalidPattern("invalid regexp: end of string")

---- tests_operators::test_regexp_simple_optional stdout ----

thread 'tests_operators::test_regexp_simple_optional' (3492192) panicked at src/tests_operators.rs:595:13:
called `Result::unwrap()` on an `Err` value: InvalidPattern("invalid regexp: end of string")

---- tests_operators::test_singleton_hit_and_multi_condition_hit_same_value stdout ----

thread 'tests_operators::test_singleton_hit_and_multi_condition_hit_same_value' (3492213) panicked at src/tests_operators.rs:987:6:
called `Result::unwrap()` on an `Err` value: InvalidPattern("invalid regexp: end of string")

---- tests_operators::test_wb_digit_to_space stdout ----

thread 'tests_operators::test_wb_digit_to_space' (3492219) panicked at src/tests_operators.rs:1136:13:
called `Result::unwrap()` on an `Err` value: InvalidPattern("invalid regexp: end of string")

---- tests_operators::test_wb_end_non_word_char stdout ----

thread 'tests_operators::test_wb_end_non_word_char' (3492220) panicked at src/tests_operators.rs:1031:13:
called `Result::unwrap()` on an `Err` value: InvalidPattern("invalid regexp: end of string")

---- tests_operators::test_wb_end_word_char stdout ----

thread 'tests_operators::test_wb_end_word_char' (3492221) panicked at src/tests_operators.rs:1025:13:
called `Result::unwrap()` on an `Err` value: InvalidPattern("invalid regexp: end of string")

---- tests_operators::test_wb_middle_nonword_to_word stdout ----

thread 'tests_operators::test_wb_middle_nonword_to_word' (3492222) panicked at src/tests_operators.rs:1043:13:
called `Result::unwrap()` on an `Err` value: InvalidPattern("invalid regexp: end of string")

---- tests_operators::test_wb_middle_word_to_nonword stdout ----

thread 'tests_operators::test_wb_middle_word_to_nonword' (3492223) panicked at src/tests_operators.rs:1037:13:
called `Result::unwrap()` on an `Err` value: InvalidPattern("invalid regexp: end of string")

---- tests_operators::test_wb_optional_quantifier stdout ----

thread 'tests_operators::test_wb_optional_quantifier' (3492225) panicked at src/tests_operators.rs:1166:13:
called `Result::unwrap()` on an `Err` value: InvalidPattern("invalid regexp: end of string")

---- tests_operators::test_wb_plus_quantifier stdout ----

thread 'tests_operators::test_wb_plus_quantifier' (3492226) panicked at src/tests_operators.rs:1156:13:
called `Result::unwrap()` on an `Err` value: InvalidPattern("invalid regexp: end of string")

---- tests_operators::test_wb_range_quantifier stdout ----

thread 'tests_operators::test_wb_range_quantifier' (3492227) panicked at src/tests_operators.rs:1174:13:
called `Result::unwrap()` on an `Err` value: InvalidPattern("invalid regexp: end of string")

---- tests_operators::test_wb_start_non_word_char stdout ----

thread 'tests_operators::test_wb_start_non_word_char' (3492228) panicked at src/tests_operators.rs:1019:13:
called `Result::unwrap()` on an `Err` value: InvalidPattern("invalid regexp: end of string")

---- tests_operators::test_wb_start_word_char stdout ----

thread 'tests_operators::test_wb_start_word_char' (3492229) panicked at src/tests_operators.rs:1012:13:
called `Result::unwrap()` on an `Err` value: InvalidPattern("invalid regexp: end of string")

---- tests_operators::test_wb_utf8_emoji_boundary stdout ----

thread 'tests_operators::test_wb_utf8_emoji_boundary' (3492231) panicked at src/tests_operators.rs:1192:13:
called `Result::unwrap()` on an `Err` value: InvalidPattern("invalid regexp: end of string")

---- tests_operators::test_wb_utf8_multibyte stdout ----

thread 'tests_operators::test_wb_utf8_multibyte' (3492232) panicked at src/tests_operators.rs:1184:13:
called `Result::unwrap()` on an `Err` value: InvalidPattern("invalid regexp: end of string")

---- tests_operators::test_wb_utf8_nonword_to_word stdout ----

thread 'tests_operators::test_wb_utf8_nonword_to_word' (3492233) panicked at src/tests_operators.rs:1200:13:
called `Result::unwrap()` on an `Err` value: InvalidPattern("invalid regexp: end of string")

---- tests_operators::test_wb_whole_word_at_start stdout ----

thread 'tests_operators::test_wb_whole_word_at_start' (3492235) panicked at src/tests_operators.rs:1101:13:
called `Result::unwrap()` on an `Err` value: InvalidPattern("invalid regexp: end of string")

---- tests_operators::test_wb_whole_word_at_end stdout ----

thread 'tests_operators::test_wb_whole_word_at_end' (3492234) panicked at src/tests_operators.rs:1107:13:
called `Result::unwrap()` on an `Err` value: InvalidPattern("invalid regexp: end of string")

---- tests_operators::test_wb_whole_word_match stdout ----

thread 'tests_operators::test_wb_whole_word_match' (3492236) panicked at src/tests_operators.rs:1089:13:
called `Result::unwrap()` on an `Err` value: InvalidPattern("invalid regexp: end of string")

---- tests_operators::test_wb_with_char_class stdout ----

thread 'tests_operators::test_wb_with_char_class' (3492239) panicked at src/tests_operators.rs:1142:13:
called `Result::unwrap()` on an `Err` value: InvalidPattern("invalid regexp: end of string")

---- tests_operators::test_wb_whole_word_no_match stdout ----

thread 'tests_operators::test_wb_whole_word_no_match' (3492237) panicked at src/tests_operators.rs:1095:13:
called `Result::unwrap()` on an `Err` value: InvalidPattern("invalid regexp: end of string")

---- tests_operators::test_wb_whole_word_only stdout ----

thread 'tests_operators::test_wb_whole_word_only' (3492238) panicked at src/tests_operators.rs:1113:13:
called `Result::unwrap()` on an `Err` value: InvalidPattern("invalid regexp: end of string")

---- tests_operators::test_wb_with_dot stdout ----

thread 'tests_operators::test_wb_with_dot' (3492240) panicked at src/tests_operators.rs:1148:13:
called `Result::unwrap()` on an `Err` value: InvalidPattern("invalid regexp: end of string")

---- tests_stress::test_pathological_correctness_miri_friendly stdout ----

thread 'tests_stress::test_pathological_correctness_miri_friendly' (3492308) panicked at src/tests_stress.rs:1259:13:
called `Result::unwrap()` on an `Err` value: InvalidPattern("invalid regexp: end of string")

---- tests_stress::test_exercise_matching_comprehensive stdout ----

thread 'tests_stress::test_exercise_matching_comprehensive' (3492298) panicked at src/tests_stress.rs:865:17:
called `Result::unwrap()` on an `Err` value: InvalidPattern("invalid regexp: end of string")

---- tests_stress::test_pathological_correctness stdout ----

thread 'tests_stress::test_pathological_correctness' (3492307) panicked at src/tests_stress.rs:1223:51:
called `Result::unwrap()` on an `Err` value: InvalidPattern("invalid regexp: end of string")


failures:
    automaton::mutable_matcher::tests::test_core_matcher_direct_with_arena_regexp
    automaton::mutable_matcher::tests::test_core_matcher_with_arena_regexp
    automaton::mutable_matcher::tests::test_value_matcher_regexp_with_plus
    automaton::mutable_matcher::tests::test_value_matcher_regexp_without_plus
    regexp::parser::tests::test_parse_negated_char_class_stores_ascii_bytes
    regexp::parser::tests::test_parse_negated_quote_class
    regexp::parser::tests::test_parse_negated_slash_class
    regexp::parser::tests::test_parse_negated_unicode_class_no_ascii_bytes
    regexp::parser::tests::test_parse_non_negated_class_no_ascii_bytes
    regexp::parser::tests::test_wb_dot_star_expansion
    regexp::parser::tests::test_wb_impossible_boundary_empty_tree
    regexp::parser::tests::test_wb_middle_boundary_expansion
    regexp::parser::tests::test_wb_parse_boundary_marker
    regexp::tests::test_arena_nfa_email_pattern
    regexp::tests::test_arena_nfa_plus_simple
    regexp::tests::test_arena_nfa_star_plus_miri_friendly
    regexp::tests::test_backreferences_not_supported
    regexp::tests::test_clear_fa_shell_cache_works
    regexp::tests::test_lookaround_atom_properties
    regexp::tests::test_multi_char_escape_with_quantifier
    regexp::tests::test_multi_char_escapes_in_class
    regexp::tests::test_multi_char_escapes_nfa
    regexp::tests::test_multi_char_escapes_parse
    regexp::tests::test_negated_category_star_edge_cases
    regexp::tests::test_negated_class_nfa
    regexp::tests::test_negated_single_char_ascii_fast_path
    regexp::tests::test_negated_unicode_char_no_ascii_fast_path
    regexp::tests::test_nfa_plus_quantifier
    regexp::tests::test_nfa_positive_class_miri_friendly
    regexp::tests::test_nfa_range_bounded
    regexp::tests::test_nfa_range_exact
    regexp::tests::test_nfa_range_with_class
    regexp::tests::test_nfa_range_zero_min
    regexp::tests::test_nfa_simple_singleton
    regexp::tests::test_nfa_star_quantifier
    regexp::tests::test_parse_alternation
    regexp::tests::test_parse_char_class
    regexp::tests::test_parse_char_class_subtraction
    regexp::tests::test_parse_char_class_subtraction_alternation
    regexp::tests::test_parse_char_class_subtraction_depth_limit
    regexp::tests::test_parse_char_class_subtraction_negated_inner
    regexp::tests::test_parse_char_class_subtraction_negated_subtract
    regexp::tests::test_parse_char_class_subtraction_nested
    regexp::tests::test_parse_char_class_subtraction_no_overlap
    regexp::tests::test_parse_char_class_subtraction_single_chars_before_bracket
    regexp::tests::test_parse_char_class_subtraction_single_result
    regexp::tests::test_parse_char_class_subtraction_with_negated_outer
    regexp::tests::test_parse_char_range
    regexp::tests::test_parse_dot
    regexp::tests::test_parse_group
    regexp::tests::test_parse_lazy_quantifiers
    regexp::tests::test_parse_lookaround_supported
    regexp::tests::test_parse_negated_class
    regexp::tests::test_parse_non_capturing_group
    regexp::tests::test_parse_non_capturing_nested
    regexp::tests::test_parse_optional
    regexp::tests::test_parse_plus
    regexp::tests::test_parse_range_quantifier
    regexp::tests::test_parse_simple
    regexp::tests::test_parse_star
    regexp::tests::test_parse_variable_length_lookbehind_rejected
    regexp::tests::test_range_quantifier_equivalence_miri_friendly
    regexp::tests::test_range_quantifier_equivalence_plus
    regexp::tests::test_range_quantifier_equivalence_question
    regexp::tests::test_range_quantifier_equivalence_star
    regexp::tests::test_range_quantifier_exact_one
    regexp::tests::test_range_quantifier_exact_zero
    regexp::tests::test_range_quantifier_larger_values
    regexp::tests::test_range_quantifier_with_dot
    regexp::tests::test_range_quantifier_with_group
    regexp::tests::test_regexp_has_plus_star_returns_false
    regexp::tests::test_shell_cache_instantiate_epsilon_remap
    regexp::tests::test_shell_caching_cache_key
    regexp::tests::test_shell_caching_independent_categories
    regexp::tests::test_shell_caching_negated_independent
    regexp::tests::test_shell_caching_nfa_correctness
    regexp::tests::test_shell_caching_xml_escape_cache_keys
    regexp::tests::test_shell_instantiation_with_epsilons
    regexp::tests::test_star_matches_empty
    regexp::tests::test_star_matches_empty_miri_friendly
    regexp::tests::test_toxic_stack_arena
    regexp::tests::test_xml_escapes_nfa
    regexp::tests::test_zero_quantifier
    tests_core::test_arena_stats_workloads
    tests_core::test_condition_cost_ordering
    tests_core::test_default_limits_allow_normal_patterns
    tests_core::test_multi_condition_pattern_fields
    tests_operators::test_exact_added_before_lookahead_on_same_field
    tests_operators::test_lookahead_with_exact_on_same_field
    tests_operators::test_lookaround_buffer_reuse_no_stale_state
    tests_operators::test_lookaround_buffer_reuse_no_stale_state_miri_friendly
    tests_operators::test_lookaround_multiple_conditions_no_cross_contamination
    tests_operators::test_lookaround_multiple_conditions_no_cross_contamination_miri_friendly
    tests_operators::test_lookaround_pattern_add_to_quamina
    tests_operators::test_lookaround_pattern_parsing
    tests_operators::test_lookaround_primary_match
    tests_operators::test_lookaround_transformation
    tests_operators::test_lookbehind_match
    tests_operators::test_negative_lookahead_match
    tests_operators::test_negative_lookbehind_match
    tests_operators::test_nwb_start_nonword
    tests_operators::test_nwb_underscore_is_word_char
    tests_operators::test_nwb_word_to_word
    tests_operators::test_positive_lookahead_match
    tests_operators::test_regex_alternation
    tests_operators::test_regex_character_class
    tests_operators::test_regex_match
    tests_operators::test_regex_various_patterns
    tests_operators::test_regex_with_escape
    tests_operators::test_regexp_end2end
    tests_operators::test_regexp_simple_optional
    tests_operators::test_singleton_hit_and_multi_condition_hit_same_value
    tests_operators::test_wb_digit_to_space
    tests_operators::test_wb_end_non_word_char
    tests_operators::test_wb_end_word_char
    tests_operators::test_wb_middle_nonword_to_word
    tests_operators::test_wb_middle_word_to_nonword
    tests_operators::test_wb_optional_quantifier
    tests_operators::test_wb_plus_quantifier
    tests_operators::test_wb_range_quantifier
    tests_operators::test_wb_start_non_word_char
    tests_operators::test_wb_start_word_char
    tests_operators::test_wb_utf8_emoji_boundary
    tests_operators::test_wb_utf8_multibyte
    tests_operators::test_wb_utf8_nonword_to_word
    tests_operators::test_wb_whole_word_at_end
    tests_operators::test_wb_whole_word_at_start
    tests_operators::test_wb_whole_word_match
    tests_operators::test_wb_whole_word_no_match
    tests_operators::test_wb_whole_word_only
    tests_operators::test_wb_with_char_class
    tests_operators::test_wb_with_dot
    tests_stress::test_exercise_matching_comprehensive
    tests_stress::test_pathological_correctness
    tests_stress::test_pathological_correctness_miri_friendly

test result: FAILED. 517 passed; 135 failed; 1 ignored; 0 measured; 0 filtered out; finished in 6.99s

error: test failed, to rerun pass `-p quamina --lib`

*** result: Failure(101)
