
*** src/flatten_json.rs:258:9: replace FlattenContext<'a, '_>::read_object -> Result<(), FlattenError> with Ok(())

*** mutation diff:
--- src/flatten_json.rs
+++ replace FlattenContext<'a, '_>::read_object -> Result<(), FlattenError> with Ok(())
@@ -250,219 +250,17 @@
                 return Err(self.error("not a JSON object"));
             }
         }
     }
 
     /// Read a JSON object, recursing into nested objects as needed.
     fn read_object(&mut self, tree: &SegmentsTree) -> Result<(), FlattenError> {
         // index points at {
-        self.step()?;
-
-        let mut fields_count = tree.fields_count();
-        let mut nodes_count = tree.nodes_count();
-
-        // Snapshot array trail for object member fields
-        let array_trail: ArrayTrailVec = if self.skipping == 0 {
-            self.array_trail.clone()
-        } else {
-            ArrayTrailVec::new()
-        };
-
-        // These are written in ObjectState::InObject (when we read a `"key"`) and
-        // consumed later in ObjectState::MemberValue (when we parse the value).
-        // Rust can't prove the state-machine ordering, so we must initialize them
-        // here — but the initial values are never actually read.
-        #[allow(unused_assignments)]
-        let mut member_name: MemberName<'a> = MemberName::Borrowed(&[]);
-        #[allow(unused_assignments)]
-        let mut member_is_used = false;
-        let mut member_entry: Option<&SegmentEntry> = None;
-        let mut state = ObjectState::InObject;
-
-        loop {
-            // Early termination: all needed fields found
-            if nodes_count == 0 && fields_count == 0 {
-                if tree.is_root() {
-                    return Err(FlattenError::EarlyStop);
-                } else {
-                    return self.leave_object();
-                }
-            }
-
-            let ch = self.ch();
-
-            match state {
-                ObjectState::InObject => {
-                    if is_whitespace(ch) {
-                        // skip
-                    } else if ch == b'"' {
-                        member_name = self.read_member_name()?;
-                        // Single fused lookup replaces separate is_segment_used + get + path_arc_for_segment
-                        member_entry = if self.skipping == 0 {
-                            tree.lookup(member_name.as_bytes())
-                        } else {
-                            None
-                        };
-                        member_is_used = member_entry.is_some();
-                        state = ObjectState::SeekingColon;
-                    } else if ch == b'}' {
-                        return Ok(());
-                    } else {
-                        return Err(FlattenError::Error(self.error(&format!(
-                            "illegal character '{}' in JSON object",
-                            ch as char
-                        ))));
-                    }
-                }
-
-                ObjectState::SeekingColon => {
-                    if is_whitespace(ch) {
-                        // skip
-                    } else if ch == b':' {
-                        state = ObjectState::MemberValue;
-                    } else {
-                        return Err(FlattenError::Error(self.error(&format!(
-                            "illegal character '{}' while looking for colon",
-                            ch as char
-                        ))));
-                    }
-                }
-
-                ObjectState::MemberValue => {
-                    // Skip whitespace before value
-                    let mut ch = ch;
-                    while is_whitespace(ch) {
-                        self.step()?;
-                        ch = self.ch();
-                    }
-
-                    let mut val: Option<FieldValue<'a>> = None;
-                    let mut is_number = false;
-                    let mut is_leaf = false;
-
-                    match ch {
-                        b'"' => {
-                            if self.skipping > 0 || !member_is_used {
-                                self.skip_string_value()?;
-                            } else {
-                                val = Some(self.read_string_value()?);
-                            }
-                            is_leaf = true;
-                        }
-                        b't' => {
-                            self.read_literal(b"true")?;
-                            if self.skipping == 0 && member_is_used {
-                                val = Some(FieldValue::Borrowed(b"true"));
-                            }
-                            is_leaf = true;
-                        }
-                        b'f' => {
-                            self.read_literal(b"false")?;
-                            if self.skipping == 0 && member_is_used {
-                                val = Some(FieldValue::Borrowed(b"false"));
-                            }
-                            is_leaf = true;
-                        }
-                        b'n' => {
-                            self.read_literal(b"null")?;
-                            if self.skipping == 0 && member_is_used {
-                                val = Some(FieldValue::Borrowed(b"null"));
-                            }
-                            is_leaf = true;
-                        }
-                        b'-' | b'0'..=b'9' => {
-                            let num_val = self.read_number()?;
-                            if self.skipping == 0 && member_is_used {
-                                val = Some(num_val);
-                                is_number = true;
-                            }
-                            is_leaf = true;
-                        }
-                        b'[' => {
-                            if !member_is_used {
-                                self.skipping += 1;
-                            }
-
-                            if self.skipping > 0 {
-                                self.skip_block(b'[', b']')?;
-                            } else {
-                                let array_tree =
-                                    member_entry.and_then(|e| e.node()).unwrap_or(tree);
-                                let path = member_entry.and_then(|e| e.field()).cloned();
-                                self.read_array(path, array_tree)?;
-                            }
-
-                            if !member_is_used {
-                                self.skipping -= 1;
-                            }
-                        }
-                        b'{' => {
-                            if !member_is_used {
-                                self.skipping += 1;
-                            }
-
-                            if self.skipping > 0 {
-                                self.skip_block(b'{', b'}')?;
-                            } else if let Some(child_tree) = member_entry.and_then(|e| e.node()) {
-                                nodes_count = nodes_count.saturating_sub(1);
-                                self.read_object(child_tree)?;
-                            } else {
-                                // No child tree - skip the block
-                                self.skip_block(b'{', b'}')?;
-                            }
-
-                            if !member_is_used {
-                                self.skipping -= 1;
-                            }
-                        }
-                        _ => {
-                            return Err(FlattenError::Error(self.error(&format!(
-                                "illegal character '{}' after field name",
-                                ch as char
-                            ))));
-                        }
-                    }
-
-                    if is_leaf {
-                        if let Some(v) = val {
-                            if member_is_used {
-                                if let Some(path) = member_entry.and_then(|e| e.field()).cloned() {
-                                    self.push_field(Field {
-                                        path,
-                                        val: v,
-                                        array_trail: array_trail.clone(),
-                                        is_number,
-                                    });
-                                    fields_count = fields_count.saturating_sub(1);
-                                }
-                            }
-                        }
-                    }
-
-                    state = ObjectState::AfterValue;
-                }
-
-                ObjectState::AfterValue => {
-                    if is_whitespace(ch) {
-                        // skip
-                    } else if ch == b',' {
-                        state = ObjectState::InObject;
-                    } else if ch == b'}' {
-                        return Ok(());
-                    } else {
-                        return Err(FlattenError::Error(
-                            self.error(&format!("illegal character '{}' in object", ch as char)),
-                        ));
-                    }
-                }
-            }
-
-            self.step()?;
-        }
+        Ok(()) /* ~ changed by cargo-mutants ~ */
     }
 
     /// Read a JSON array, recursing into elements as needed.
     fn read_array(
         &mut self,
         path: Option<PathArc>,
         tree: &SegmentsTree,
     ) -> Result<(), FlattenError> {


*** /Users/rishibaldawa/.rustup/toolchains/stable-aarch64-apple-darwin/bin/cargo test --no-run --profile=mutants --verbose --package=quamina@0.4.3
       Fresh cfg-if v1.0.4
       Fresh unicode-ident v1.0.22
       Fresh memchr v2.7.6
       Fresh find-msvc-tools v0.1.9
       Fresh autocfg v1.5.0
       Fresh proc-macro2 v1.0.105
       Fresh shlex v1.3.0
       Fresh smallvec v1.15.1
       Fresh adler2 v2.0.1
       Fresh quote v1.0.43
       Fresh libc v0.2.180
       Fresh serde_core v1.0.228
       Fresh crossbeam-utils v0.8.21
       Fresh cc v1.2.55
       Fresh zmij v1.0.15
       Fresh itoa v1.0.17
       Fresh scopeguard v1.2.0
       Fresh either v1.15.0
       Fresh simd-adler32 v0.3.8
       Fresh aho-corasick v1.1.4
       Fresh syn v2.0.114
       Fresh crossbeam-epoch v0.9.18
       Fresh lock_api v0.4.14
       Fresh miniz_oxide v0.8.9
       Fresh parking_lot_core v0.9.12
       Fresh serde_json v1.0.149
       Fresh anstyle v1.0.13
       Fresh gimli v0.32.3
       Fresh plotters-backend v0.3.7
       Fresh rand_core v0.10.0
       Fresh zerocopy-derive v0.8.33
       Fresh serde_derive v1.0.228
       Fresh crossbeam-deque v0.8.6
       Fresh clap_lex v0.7.7
       Fresh regex-syntax v0.8.8
       Fresh ciborium-io v0.2.2
       Fresh plotters-svg v0.3.7
       Fresh object v0.37.3
       Fresh addr2line v0.25.1
       Fresh parking_lot v0.12.5
       Fresh rustversion v1.0.22
       Fresh num-traits v0.2.19
       Fresh zerocopy v0.8.33
       Fresh serde v1.0.228
       Fresh clap_builder v4.5.54
       Fresh regex-automata v0.4.13
       Fresh rayon-core v1.13.0
       Fresh itertools v0.13.0
       Fresh cast v0.3.0
       Fresh same-file v1.0.6
       Fresh rustc-demangle v0.1.27
       Fresh arc-swap v1.8.0
       Fresh alloca v0.4.0
       Fresh plotters v0.3.7
       Fresh getrandom v0.4.1
       Fresh crc32fast v1.5.0
       Fresh half v2.7.1
       Fresh rayon v1.11.0
       Fresh walkdir v2.5.0
       Fresh tinytemplate v1.2.1
       Fresh backtrace v0.3.76
       Fresh criterion-plot v0.8.1
       Fresh regex v1.12.2
       Fresh clap v4.5.54
       Fresh chacha20 v0.10.0
       Fresh page_size v0.6.0
       Fresh anes v0.1.6
       Fresh oorandom v11.1.5
       Fresh mintex v0.1.4
       Fresh rustc-hash v2.1.1
       Fresh ciborium-ll v0.2.2
       Fresh fast-float2 v0.2.3
       Fresh lazy_static v1.5.0
       Fresh thousands v0.2.0
       Fresh rustc-hash v1.1.0
       Fresh cargo-husky v1.5.0
       Fresh rand v0.10.0
       Fresh flate2 v1.1.8
       Fresh ciborium v0.2.2
       Fresh dhat v0.3.3
       Dirty quamina v0.4.3 (/private/var/folders/zq/scmzs54x2md07_wwgys92v840000gn/T/cargo-mutants-quamina-rs-SYx2RG.tmp): the file `src/flatten_json.rs` has changed (1773795747.869132520s, 1m 2s after last build at 1773795685.979339330s)
   Compiling quamina v0.4.3 (/private/var/folders/zq/scmzs54x2md07_wwgys92v840000gn/T/cargo-mutants-quamina-rs-SYx2RG.tmp)
       Fresh criterion v0.8.1
     Running `/Users/rishibaldawa/.rustup/toolchains/stable-aarch64-apple-darwin/bin/rustc --crate-name quamina --edition=2021 src/lib.rs --error-format=json --json=diagnostic-rendered-ansi,artifacts,future-incompat --emit=dep-info,link -C embed-bitcode=no '--warn=clippy::perf' '--warn=clippy::use_self' '--warn=clippy::unused_peekable' --warn=unsafe_code --warn=unexpected_cfgs '--warn=clippy::undocumented_unsafe_blocks' '--warn=clippy::transmute_ptr_to_ptr' '--warn=clippy::redundant_clone' '--warn=clippy::or_fun_call' '--warn=clippy::equatable_if_let' '--warn=clippy::derive_partial_eq_without_eq' '--warn=clippy::branches_sharing_code' --check-cfg 'cfg(kani)' --test --check-cfg 'cfg(docsrs,test)' --check-cfg 'cfg(feature, values("dhat-heap"))' -C metadata=8daadff97ac78112 -C extra-filename=-137b7d067facf300 --out-dir /private/var/folders/zq/scmzs54x2md07_wwgys92v840000gn/T/cargo-mutants-quamina-rs-SYx2RG.tmp/target/mutants/deps -C incremental=/private/var/folders/zq/scmzs54x2md07_wwgys92v840000gn/T/cargo-mutants-quamina-rs-SYx2RG.tmp/target/mutants/incremental -C strip=debuginfo -L dependency=/private/var/folders/zq/scmzs54x2md07_wwgys92v840000gn/T/cargo-mutants-quamina-rs-SYx2RG.tmp/target/mutants/deps --extern arc_swap=/private/var/folders/zq/scmzs54x2md07_wwgys92v840000gn/T/cargo-mutants-quamina-rs-SYx2RG.tmp/target/mutants/deps/libarc_swap-8dc94c7baf7d6503.rlib --extern cargo_husky=/private/var/folders/zq/scmzs54x2md07_wwgys92v840000gn/T/cargo-mutants-quamina-rs-SYx2RG.tmp/target/mutants/deps/libcargo_husky-959d622cb0e854bd.rlib --extern criterion=/private/var/folders/zq/scmzs54x2md07_wwgys92v840000gn/T/cargo-mutants-quamina-rs-SYx2RG.tmp/target/mutants/deps/libcriterion-5d01252276bfc921.rlib --extern dhat=/private/var/folders/zq/scmzs54x2md07_wwgys92v840000gn/T/cargo-mutants-quamina-rs-SYx2RG.tmp/target/mutants/deps/libdhat-be327f7d283e6040.rlib --extern fast_float2=/private/var/folders/zq/scmzs54x2md07_wwgys92v840000gn/T/cargo-mutants-quamina-rs-SYx2RG.tmp/target/mutants/deps/libfast_float2-ab4bcc5370fb9d9d.rlib --extern flate2=/private/var/folders/zq/scmzs54x2md07_wwgys92v840000gn/T/cargo-mutants-quamina-rs-SYx2RG.tmp/target/mutants/deps/libflate2-770fd3ea371cf479.rlib --extern memchr=/private/var/folders/zq/scmzs54x2md07_wwgys92v840000gn/T/cargo-mutants-quamina-rs-SYx2RG.tmp/target/mutants/deps/libmemchr-fad7cfa0ce919f3e.rlib --extern parking_lot=/private/var/folders/zq/scmzs54x2md07_wwgys92v840000gn/T/cargo-mutants-quamina-rs-SYx2RG.tmp/target/mutants/deps/libparking_lot-ea040230acb2cfe8.rlib --extern rand=/private/var/folders/zq/scmzs54x2md07_wwgys92v840000gn/T/cargo-mutants-quamina-rs-SYx2RG.tmp/target/mutants/deps/librand-d62286a2584f1923.rlib --extern regex=/private/var/folders/zq/scmzs54x2md07_wwgys92v840000gn/T/cargo-mutants-quamina-rs-SYx2RG.tmp/target/mutants/deps/libregex-143ef4a17e2e5f75.rlib --extern rustc_hash=/private/var/folders/zq/scmzs54x2md07_wwgys92v840000gn/T/cargo-mutants-quamina-rs-SYx2RG.tmp/target/mutants/deps/librustc_hash-475025c22853c846.rlib --extern smallvec=/private/var/folders/zq/scmzs54x2md07_wwgys92v840000gn/T/cargo-mutants-quamina-rs-SYx2RG.tmp/target/mutants/deps/libsmallvec-aef4c19c0cf1c118.rlib -L native=/private/var/folders/zq/scmzs54x2md07_wwgys92v840000gn/T/cargo-mutants-quamina-rs-SYx2RG.tmp/target/mutants/build/alloca-02cacc78a7329cb4/out`
     Running `/Users/rishibaldawa/.rustup/toolchains/stable-aarch64-apple-darwin/bin/rustc --crate-name quamina --edition=2021 src/lib.rs --error-format=json --json=diagnostic-rendered-ansi,artifacts,future-incompat --crate-type lib --emit=dep-info,metadata,link -C embed-bitcode=no '--warn=clippy::perf' '--warn=clippy::use_self' '--warn=clippy::unused_peekable' --warn=unsafe_code --warn=unexpected_cfgs '--warn=clippy::undocumented_unsafe_blocks' '--warn=clippy::transmute_ptr_to_ptr' '--warn=clippy::redundant_clone' '--warn=clippy::or_fun_call' '--warn=clippy::equatable_if_let' '--warn=clippy::derive_partial_eq_without_eq' '--warn=clippy::branches_sharing_code' --check-cfg 'cfg(kani)' --check-cfg 'cfg(docsrs,test)' --check-cfg 'cfg(feature, values("dhat-heap"))' -C metadata=7632b1bb87c843c6 -C extra-filename=-28509fa74a3a2eed --out-dir /private/var/folders/zq/scmzs54x2md07_wwgys92v840000gn/T/cargo-mutants-quamina-rs-SYx2RG.tmp/target/mutants/deps -C incremental=/private/var/folders/zq/scmzs54x2md07_wwgys92v840000gn/T/cargo-mutants-quamina-rs-SYx2RG.tmp/target/mutants/incremental -C strip=debuginfo -L dependency=/private/var/folders/zq/scmzs54x2md07_wwgys92v840000gn/T/cargo-mutants-quamina-rs-SYx2RG.tmp/target/mutants/deps --extern arc_swap=/private/var/folders/zq/scmzs54x2md07_wwgys92v840000gn/T/cargo-mutants-quamina-rs-SYx2RG.tmp/target/mutants/deps/libarc_swap-8dc94c7baf7d6503.rmeta --extern fast_float2=/private/var/folders/zq/scmzs54x2md07_wwgys92v840000gn/T/cargo-mutants-quamina-rs-SYx2RG.tmp/target/mutants/deps/libfast_float2-ab4bcc5370fb9d9d.rmeta --extern memchr=/private/var/folders/zq/scmzs54x2md07_wwgys92v840000gn/T/cargo-mutants-quamina-rs-SYx2RG.tmp/target/mutants/deps/libmemchr-fad7cfa0ce919f3e.rmeta --extern parking_lot=/private/var/folders/zq/scmzs54x2md07_wwgys92v840000gn/T/cargo-mutants-quamina-rs-SYx2RG.tmp/target/mutants/deps/libparking_lot-ea040230acb2cfe8.rmeta --extern rustc_hash=/private/var/folders/zq/scmzs54x2md07_wwgys92v840000gn/T/cargo-mutants-quamina-rs-SYx2RG.tmp/target/mutants/deps/librustc_hash-475025c22853c846.rmeta --extern smallvec=/private/var/folders/zq/scmzs54x2md07_wwgys92v840000gn/T/cargo-mutants-quamina-rs-SYx2RG.tmp/target/mutants/deps/libsmallvec-aef4c19c0cf1c118.rmeta`
warning: unused import: `SegmentEntry`
  --> src/flatten_json.rs:16:28
   |
16 | use crate::segments_tree::{SegmentEntry, SegmentsTree};
   |                            ^^^^^^^^^^^^
   |
   = note: `#[warn(unused_imports)]` (part of `#[warn(unused)]`) on by default

warning: unused variable: `tree`
   --> src/flatten_json.rs:256:31
    |
256 |     fn read_object(&mut self, tree: &SegmentsTree) -> Result<(), FlattenError> {
    |                               ^^^^ help: if this is intentional, prefix it with an underscore: `_tree`
    |
    = note: `#[warn(unused_variables)]` (part of `#[warn(unused)]`) on by default

warning: enum `MemberName` is never used
  --> src/flatten_json.rs:88:6
   |
88 | enum MemberName<'a> {
   |      ^^^^^^^^^^
   |
   = note: `#[warn(dead_code)]` (part of `#[warn(unused)]`) on by default

warning: method `as_bytes` is never used
  --> src/flatten_json.rs:94:8
   |
93 | impl MemberName<'_> {
   | ------------------- method in this implementation
94 |     fn as_bytes(&self) -> &[u8] {
   |        ^^^^^^^^

warning: fields `fields`, `skipping`, `array_trail`, and `array_count` are never read
   --> src/flatten_json.rs:198:5
    |
193 | struct FlattenContext<'a, 'b> {
    |        -------------- fields in this struct
...
198 |     fields: &'b mut Vec<Field<'static>>,
    |     ^^^^^^
199 |     skipping: i32,
    |     ^^^^^^^^
200 |     array_trail: &'b mut ArrayTrailVec,
    |     ^^^^^^^^^^^
201 |     array_count: i32,
    |     ^^^^^^^^^^^

warning: method `push_field` is never used
   --> src/flatten_json.rs:207:8
    |
204 | impl<'a> FlattenContext<'a, '_> {
    | ------------------------------- method in this implementation
...
207 |     fn push_field(&mut self, field: Field<'a>) {
    |        ^^^^^^^^^^

warning: multiple methods are never used
   --> src/flatten_json.rs:262:8
    |
216 | impl<'a> FlattenContext<'a, '_> {
    | ------------------------------- methods in this implementation
...
262 |     fn read_array(
    |        ^^^^^^^^^^
...
383 |     fn leave_object(&mut self) -> Result<(), FlattenError> {
    |        ^^^^^^^^^^^^
...
401 |     fn skip_block(&mut self, open: u8, close: u8) -> Result<(), FlattenError> {
    |        ^^^^^^^^^^
...
426 |     fn skip_string_value(&mut self) -> Result<(), FlattenError> {
    |        ^^^^^^^^^^^^^^^^^
...
453 |     fn read_member_name(&mut self) -> Result<MemberName<'a>, FlattenError> {
    |        ^^^^^^^^^^^^^^^^
...
478 |     fn read_member_name_with_escapes(
    |        ^^^^^^^^^^^^^^^^^^^^^^^^^^^^^
...
557 |     fn read_string_value(&mut self) -> Result<FieldValue<'a>, FlattenError> {
    |        ^^^^^^^^^^^^^^^^^
...
580 |     fn read_string_with_escapes(
    |        ^^^^^^^^^^^^^^^^^^^^^^^^
...
660 |     fn read_hex_4(&mut self) -> Result<u32, FlattenError> {
    |        ^^^^^^^^^^
...
684 |     fn read_number(&mut self) -> Result<FieldValue<'a>, FlattenError> {
    |        ^^^^^^^^^^^
...
747 |     fn read_literal(&mut self, expected: &[u8]) -> Result<(), FlattenError> {
    |        ^^^^^^^^^^^^
...
766 |     fn step(&mut self) -> Result<(), FlattenError> {
    |        ^^^^
...
776 |     fn enter_array(&mut self) {
    |        ^^^^^^^^^^^
...
785 |     fn leave_array(&mut self) {
    |        ^^^^^^^^^^^
...
790 |     fn step_array_element(&mut self) {
    |        ^^^^^^^^^^^^^^^^^^

warning: enum `ObjectState` is never used
   --> src/flatten_json.rs:818:6
    |
818 | enum ObjectState {
    |      ^^^^^^^^^^^

warning: enum `ArrayState` is never used
   --> src/flatten_json.rs:826:6
    |
826 | enum ArrayState {
    |      ^^^^^^^^^^

warning: variant `EarlyStop` is never constructed
   --> src/flatten_json.rs:832:5
    |
831 | enum FlattenError {
    |      ------------ variant in this enum
832 |     EarlyStop,
    |     ^^^^^^^^^

warning: `quamina` (lib) generated 10 warnings (run `cargo fix --lib -p quamina` to apply 2 suggestions)
     Running `/Users/rishibaldawa/.rustup/toolchains/stable-aarch64-apple-darwin/bin/rustc --crate-name smoke --edition=2021 examples/smoke.rs --error-format=json --json=diagnostic-rendered-ansi,artifacts,future-incompat --crate-type bin --emit=dep-info,link -C embed-bitcode=no '--warn=clippy::perf' '--warn=clippy::use_self' '--warn=clippy::unused_peekable' --warn=unsafe_code --warn=unexpected_cfgs '--warn=clippy::undocumented_unsafe_blocks' '--warn=clippy::transmute_ptr_to_ptr' '--warn=clippy::redundant_clone' '--warn=clippy::or_fun_call' '--warn=clippy::equatable_if_let' '--warn=clippy::derive_partial_eq_without_eq' '--warn=clippy::branches_sharing_code' --check-cfg 'cfg(kani)' --check-cfg 'cfg(docsrs,test)' --check-cfg 'cfg(feature, values("dhat-heap"))' -C metadata=9e01bfaade60c5a3 -C extra-filename=-4836a85ebcf42562 --out-dir /private/var/folders/zq/scmzs54x2md07_wwgys92v840000gn/T/cargo-mutants-quamina-rs-SYx2RG.tmp/target/mutants/examples -C incremental=/private/var/folders/zq/scmzs54x2md07_wwgys92v840000gn/T/cargo-mutants-quamina-rs-SYx2RG.tmp/target/mutants/incremental -C strip=debuginfo -L dependency=/private/var/folders/zq/scmzs54x2md07_wwgys92v840000gn/T/cargo-mutants-quamina-rs-SYx2RG.tmp/target/mutants/deps --extern arc_swap=/private/var/folders/zq/scmzs54x2md07_wwgys92v840000gn/T/cargo-mutants-quamina-rs-SYx2RG.tmp/target/mutants/deps/libarc_swap-8dc94c7baf7d6503.rlib --extern cargo_husky=/private/var/folders/zq/scmzs54x2md07_wwgys92v840000gn/T/cargo-mutants-quamina-rs-SYx2RG.tmp/target/mutants/deps/libcargo_husky-959d622cb0e854bd.rlib --extern criterion=/private/var/folders/zq/scmzs54x2md07_wwgys92v840000gn/T/cargo-mutants-quamina-rs-SYx2RG.tmp/target/mutants/deps/libcriterion-5d01252276bfc921.rlib --extern dhat=/private/var/folders/zq/scmzs54x2md07_wwgys92v840000gn/T/cargo-mutants-quamina-rs-SYx2RG.tmp/target/mutants/deps/libdhat-be327f7d283e6040.rlib --extern fast_float2=/private/var/folders/zq/scmzs54x2md07_wwgys92v840000gn/T/cargo-mutants-quamina-rs-SYx2RG.tmp/target/mutants/deps/libfast_float2-ab4bcc5370fb9d9d.rlib --extern flate2=/private/var/folders/zq/scmzs54x2md07_wwgys92v840000gn/T/cargo-mutants-quamina-rs-SYx2RG.tmp/target/mutants/deps/libflate2-770fd3ea371cf479.rlib --extern memchr=/private/var/folders/zq/scmzs54x2md07_wwgys92v840000gn/T/cargo-mutants-quamina-rs-SYx2RG.tmp/target/mutants/deps/libmemchr-fad7cfa0ce919f3e.rlib --extern parking_lot=/private/var/folders/zq/scmzs54x2md07_wwgys92v840000gn/T/cargo-mutants-quamina-rs-SYx2RG.tmp/target/mutants/deps/libparking_lot-ea040230acb2cfe8.rlib --extern quamina=/private/var/folders/zq/scmzs54x2md07_wwgys92v840000gn/T/cargo-mutants-quamina-rs-SYx2RG.tmp/target/mutants/deps/libquamina-28509fa74a3a2eed.rlib --extern rand=/private/var/folders/zq/scmzs54x2md07_wwgys92v840000gn/T/cargo-mutants-quamina-rs-SYx2RG.tmp/target/mutants/deps/librand-d62286a2584f1923.rlib --extern regex=/private/var/folders/zq/scmzs54x2md07_wwgys92v840000gn/T/cargo-mutants-quamina-rs-SYx2RG.tmp/target/mutants/deps/libregex-143ef4a17e2e5f75.rlib --extern rustc_hash=/private/var/folders/zq/scmzs54x2md07_wwgys92v840000gn/T/cargo-mutants-quamina-rs-SYx2RG.tmp/target/mutants/deps/librustc_hash-475025c22853c846.rlib --extern smallvec=/private/var/folders/zq/scmzs54x2md07_wwgys92v840000gn/T/cargo-mutants-quamina-rs-SYx2RG.tmp/target/mutants/deps/libsmallvec-aef4c19c0cf1c118.rlib -L native=/private/var/folders/zq/scmzs54x2md07_wwgys92v840000gn/T/cargo-mutants-quamina-rs-SYx2RG.tmp/target/mutants/build/alloca-02cacc78a7329cb4/out`
     Running `/Users/rishibaldawa/.rustup/toolchains/stable-aarch64-apple-darwin/bin/rustc --crate-name profile_shellstyle --edition=2021 examples/profile_shellstyle.rs --error-format=json --json=diagnostic-rendered-ansi,artifacts,future-incompat --crate-type bin --emit=dep-info,link -C embed-bitcode=no '--warn=clippy::perf' '--warn=clippy::use_self' '--warn=clippy::unused_peekable' --warn=unsafe_code --warn=unexpected_cfgs '--warn=clippy::undocumented_unsafe_blocks' '--warn=clippy::transmute_ptr_to_ptr' '--warn=clippy::redundant_clone' '--warn=clippy::or_fun_call' '--warn=clippy::equatable_if_let' '--warn=clippy::derive_partial_eq_without_eq' '--warn=clippy::branches_sharing_code' --check-cfg 'cfg(kani)' --check-cfg 'cfg(docsrs,test)' --check-cfg 'cfg(feature, values("dhat-heap"))' -C metadata=b090ced4cf867fae -C extra-filename=-f05994167a64dd15 --out-dir /private/var/folders/zq/scmzs54x2md07_wwgys92v840000gn/T/cargo-mutants-quamina-rs-SYx2RG.tmp/target/mutants/examples -C incremental=/private/var/folders/zq/scmzs54x2md07_wwgys92v840000gn/T/cargo-mutants-quamina-rs-SYx2RG.tmp/target/mutants/incremental -C strip=debuginfo -L dependency=/private/var/folders/zq/scmzs54x2md07_wwgys92v840000gn/T/cargo-mutants-quamina-rs-SYx2RG.tmp/target/mutants/deps --extern arc_swap=/private/var/folders/zq/scmzs54x2md07_wwgys92v840000gn/T/cargo-mutants-quamina-rs-SYx2RG.tmp/target/mutants/deps/libarc_swap-8dc94c7baf7d6503.rlib --extern cargo_husky=/private/var/folders/zq/scmzs54x2md07_wwgys92v840000gn/T/cargo-mutants-quamina-rs-SYx2RG.tmp/target/mutants/deps/libcargo_husky-959d622cb0e854bd.rlib --extern criterion=/private/var/folders/zq/scmzs54x2md07_wwgys92v840000gn/T/cargo-mutants-quamina-rs-SYx2RG.tmp/target/mutants/deps/libcriterion-5d01252276bfc921.rlib --extern dhat=/private/var/folders/zq/scmzs54x2md07_wwgys92v840000gn/T/cargo-mutants-quamina-rs-SYx2RG.tmp/target/mutants/deps/libdhat-be327f7d283e6040.rlib --extern fast_float2=/private/var/folders/zq/scmzs54x2md07_wwgys92v840000gn/T/cargo-mutants-quamina-rs-SYx2RG.tmp/target/mutants/deps/libfast_float2-ab4bcc5370fb9d9d.rlib --extern flate2=/private/var/folders/zq/scmzs54x2md07_wwgys92v840000gn/T/cargo-mutants-quamina-rs-SYx2RG.tmp/target/mutants/deps/libflate2-770fd3ea371cf479.rlib --extern memchr=/private/var/folders/zq/scmzs54x2md07_wwgys92v840000gn/T/cargo-mutants-quamina-rs-SYx2RG.tmp/target/mutants/deps/libmemchr-fad7cfa0ce919f3e.rlib --extern parking_lot=/private/var/folders/zq/scmzs54x2md07_wwgys92v840000gn/T/cargo-mutants-quamina-rs-SYx2RG.tmp/target/mutants/deps/libparking_lot-ea040230acb2cfe8.rlib --extern quamina=/private/var/folders/zq/scmzs54x2md07_wwgys92v840000gn/T/cargo-mutants-quamina-rs-SYx2RG.tmp/target/mutants/deps/libquamina-28509fa74a3a2eed.rlib --extern rand=/private/var/folders/zq/scmzs54x2md07_wwgys92v840000gn/T/cargo-mutants-quamina-rs-SYx2RG.tmp/target/mutants/deps/librand-d62286a2584f1923.rlib --extern regex=/private/var/folders/zq/scmzs54x2md07_wwgys92v840000gn/T/cargo-mutants-quamina-rs-SYx2RG.tmp/target/mutants/deps/libregex-143ef4a17e2e5f75.rlib --extern rustc_hash=/private/var/folders/zq/scmzs54x2md07_wwgys92v840000gn/T/cargo-mutants-quamina-rs-SYx2RG.tmp/target/mutants/deps/librustc_hash-475025c22853c846.rlib --extern smallvec=/private/var/folders/zq/scmzs54x2md07_wwgys92v840000gn/T/cargo-mutants-quamina-rs-SYx2RG.tmp/target/mutants/deps/libsmallvec-aef4c19c0cf1c118.rlib -L native=/private/var/folders/zq/scmzs54x2md07_wwgys92v840000gn/T/cargo-mutants-quamina-rs-SYx2RG.tmp/target/mutants/build/alloca-02cacc78a7329cb4/out`
     Running `/Users/rishibaldawa/.rustup/toolchains/stable-aarch64-apple-darwin/bin/rustc --crate-name profile_citylots --edition=2021 examples/profile_citylots.rs --error-format=json --json=diagnostic-rendered-ansi,artifacts,future-incompat --crate-type bin --emit=dep-info,link -C embed-bitcode=no '--warn=clippy::perf' '--warn=clippy::use_self' '--warn=clippy::unused_peekable' --warn=unsafe_code --warn=unexpected_cfgs '--warn=clippy::undocumented_unsafe_blocks' '--warn=clippy::transmute_ptr_to_ptr' '--warn=clippy::redundant_clone' '--warn=clippy::or_fun_call' '--warn=clippy::equatable_if_let' '--warn=clippy::derive_partial_eq_without_eq' '--warn=clippy::branches_sharing_code' --check-cfg 'cfg(kani)' --check-cfg 'cfg(docsrs,test)' --check-cfg 'cfg(feature, values("dhat-heap"))' -C metadata=981009bbc3295b3e -C extra-filename=-86163ab00eefc0b6 --out-dir /private/var/folders/zq/scmzs54x2md07_wwgys92v840000gn/T/cargo-mutants-quamina-rs-SYx2RG.tmp/target/mutants/examples -C incremental=/private/var/folders/zq/scmzs54x2md07_wwgys92v840000gn/T/cargo-mutants-quamina-rs-SYx2RG.tmp/target/mutants/incremental -C strip=debuginfo -L dependency=/private/var/folders/zq/scmzs54x2md07_wwgys92v840000gn/T/cargo-mutants-quamina-rs-SYx2RG.tmp/target/mutants/deps --extern arc_swap=/private/var/folders/zq/scmzs54x2md07_wwgys92v840000gn/T/cargo-mutants-quamina-rs-SYx2RG.tmp/target/mutants/deps/libarc_swap-8dc94c7baf7d6503.rlib --extern cargo_husky=/private/var/folders/zq/scmzs54x2md07_wwgys92v840000gn/T/cargo-mutants-quamina-rs-SYx2RG.tmp/target/mutants/deps/libcargo_husky-959d622cb0e854bd.rlib --extern criterion=/private/var/folders/zq/scmzs54x2md07_wwgys92v840000gn/T/cargo-mutants-quamina-rs-SYx2RG.tmp/target/mutants/deps/libcriterion-5d01252276bfc921.rlib --extern dhat=/private/var/folders/zq/scmzs54x2md07_wwgys92v840000gn/T/cargo-mutants-quamina-rs-SYx2RG.tmp/target/mutants/deps/libdhat-be327f7d283e6040.rlib --extern fast_float2=/private/var/folders/zq/scmzs54x2md07_wwgys92v840000gn/T/cargo-mutants-quamina-rs-SYx2RG.tmp/target/mutants/deps/libfast_float2-ab4bcc5370fb9d9d.rlib --extern flate2=/private/var/folders/zq/scmzs54x2md07_wwgys92v840000gn/T/cargo-mutants-quamina-rs-SYx2RG.tmp/target/mutants/deps/libflate2-770fd3ea371cf479.rlib --extern memchr=/private/var/folders/zq/scmzs54x2md07_wwgys92v840000gn/T/cargo-mutants-quamina-rs-SYx2RG.tmp/target/mutants/deps/libmemchr-fad7cfa0ce919f3e.rlib --extern parking_lot=/private/var/folders/zq/scmzs54x2md07_wwgys92v840000gn/T/cargo-mutants-quamina-rs-SYx2RG.tmp/target/mutants/deps/libparking_lot-ea040230acb2cfe8.rlib --extern quamina=/private/var/folders/zq/scmzs54x2md07_wwgys92v840000gn/T/cargo-mutants-quamina-rs-SYx2RG.tmp/target/mutants/deps/libquamina-28509fa74a3a2eed.rlib --extern rand=/private/var/folders/zq/scmzs54x2md07_wwgys92v840000gn/T/cargo-mutants-quamina-rs-SYx2RG.tmp/target/mutants/deps/librand-d62286a2584f1923.rlib --extern regex=/private/var/folders/zq/scmzs54x2md07_wwgys92v840000gn/T/cargo-mutants-quamina-rs-SYx2RG.tmp/target/mutants/deps/libregex-143ef4a17e2e5f75.rlib --extern rustc_hash=/private/var/folders/zq/scmzs54x2md07_wwgys92v840000gn/T/cargo-mutants-quamina-rs-SYx2RG.tmp/target/mutants/deps/librustc_hash-475025c22853c846.rlib --extern smallvec=/private/var/folders/zq/scmzs54x2md07_wwgys92v840000gn/T/cargo-mutants-quamina-rs-SYx2RG.tmp/target/mutants/deps/libsmallvec-aef4c19c0cf1c118.rlib -L native=/private/var/folders/zq/scmzs54x2md07_wwgys92v840000gn/T/cargo-mutants-quamina-rs-SYx2RG.tmp/target/mutants/build/alloca-02cacc78a7329cb4/out`
     Running `/Users/rishibaldawa/.rustup/toolchains/stable-aarch64-apple-darwin/bin/rustc --crate-name profile_pathological --edition=2021 examples/profile_pathological.rs --error-format=json --json=diagnostic-rendered-ansi,artifacts,future-incompat --crate-type bin --emit=dep-info,link -C embed-bitcode=no '--warn=clippy::perf' '--warn=clippy::use_self' '--warn=clippy::unused_peekable' --warn=unsafe_code --warn=unexpected_cfgs '--warn=clippy::undocumented_unsafe_blocks' '--warn=clippy::transmute_ptr_to_ptr' '--warn=clippy::redundant_clone' '--warn=clippy::or_fun_call' '--warn=clippy::equatable_if_let' '--warn=clippy::derive_partial_eq_without_eq' '--warn=clippy::branches_sharing_code' --check-cfg 'cfg(kani)' --check-cfg 'cfg(docsrs,test)' --check-cfg 'cfg(feature, values("dhat-heap"))' -C metadata=4ab4091f48300c18 -C extra-filename=-6843d868e4b50205 --out-dir /private/var/folders/zq/scmzs54x2md07_wwgys92v840000gn/T/cargo-mutants-quamina-rs-SYx2RG.tmp/target/mutants/examples -C incremental=/private/var/folders/zq/scmzs54x2md07_wwgys92v840000gn/T/cargo-mutants-quamina-rs-SYx2RG.tmp/target/mutants/incremental -C strip=debuginfo -L dependency=/private/var/folders/zq/scmzs54x2md07_wwgys92v840000gn/T/cargo-mutants-quamina-rs-SYx2RG.tmp/target/mutants/deps --extern arc_swap=/private/var/folders/zq/scmzs54x2md07_wwgys92v840000gn/T/cargo-mutants-quamina-rs-SYx2RG.tmp/target/mutants/deps/libarc_swap-8dc94c7baf7d6503.rlib --extern cargo_husky=/private/var/folders/zq/scmzs54x2md07_wwgys92v840000gn/T/cargo-mutants-quamina-rs-SYx2RG.tmp/target/mutants/deps/libcargo_husky-959d622cb0e854bd.rlib --extern criterion=/private/var/folders/zq/scmzs54x2md07_wwgys92v840000gn/T/cargo-mutants-quamina-rs-SYx2RG.tmp/target/mutants/deps/libcriterion-5d01252276bfc921.rlib --extern dhat=/private/var/folders/zq/scmzs54x2md07_wwgys92v840000gn/T/cargo-mutants-quamina-rs-SYx2RG.tmp/target/mutants/deps/libdhat-be327f7d283e6040.rlib --extern fast_float2=/private/var/folders/zq/scmzs54x2md07_wwgys92v840000gn/T/cargo-mutants-quamina-rs-SYx2RG.tmp/target/mutants/deps/libfast_float2-ab4bcc5370fb9d9d.rlib --extern flate2=/private/var/folders/zq/scmzs54x2md07_wwgys92v840000gn/T/cargo-mutants-quamina-rs-SYx2RG.tmp/target/mutants/deps/libflate2-770fd3ea371cf479.rlib --extern memchr=/private/var/folders/zq/scmzs54x2md07_wwgys92v840000gn/T/cargo-mutants-quamina-rs-SYx2RG.tmp/target/mutants/deps/libmemchr-fad7cfa0ce919f3e.rlib --extern parking_lot=/private/var/folders/zq/scmzs54x2md07_wwgys92v840000gn/T/cargo-mutants-quamina-rs-SYx2RG.tmp/target/mutants/deps/libparking_lot-ea040230acb2cfe8.rlib --extern quamina=/private/var/folders/zq/scmzs54x2md07_wwgys92v840000gn/T/cargo-mutants-quamina-rs-SYx2RG.tmp/target/mutants/deps/libquamina-28509fa74a3a2eed.rlib --extern rand=/private/var/folders/zq/scmzs54x2md07_wwgys92v840000gn/T/cargo-mutants-quamina-rs-SYx2RG.tmp/target/mutants/deps/librand-d62286a2584f1923.rlib --extern regex=/private/var/folders/zq/scmzs54x2md07_wwgys92v840000gn/T/cargo-mutants-quamina-rs-SYx2RG.tmp/target/mutants/deps/libregex-143ef4a17e2e5f75.rlib --extern rustc_hash=/private/var/folders/zq/scmzs54x2md07_wwgys92v840000gn/T/cargo-mutants-quamina-rs-SYx2RG.tmp/target/mutants/deps/librustc_hash-475025c22853c846.rlib --extern smallvec=/private/var/folders/zq/scmzs54x2md07_wwgys92v840000gn/T/cargo-mutants-quamina-rs-SYx2RG.tmp/target/mutants/deps/libsmallvec-aef4c19c0cf1c118.rlib -L native=/private/var/folders/zq/scmzs54x2md07_wwgys92v840000gn/T/cargo-mutants-quamina-rs-SYx2RG.tmp/target/mutants/build/alloca-02cacc78a7329cb4/out`
warning: `quamina` (lib test) generated 10 warnings (10 duplicates)
    Finished `mutants` profile [unoptimized] target(s) in 1.13s
  Executable `/private/var/folders/zq/scmzs54x2md07_wwgys92v840000gn/T/cargo-mutants-quamina-rs-SYx2RG.tmp/target/mutants/deps/quamina-137b7d067facf300`

*** result: Success

*** /Users/rishibaldawa/.rustup/toolchains/stable-aarch64-apple-darwin/bin/cargo test --profile=mutants --verbose --package=quamina@0.4.3 --all-targets
       Fresh cfg-if v1.0.4
       Fresh unicode-ident v1.0.22
       Fresh memchr v2.7.6
       Fresh shlex v1.3.0
       Fresh find-msvc-tools v0.1.9
       Fresh autocfg v1.5.0
       Fresh cc v1.2.55
       Fresh either v1.15.0
       Fresh proc-macro2 v1.0.105
       Fresh libc v0.2.180
       Fresh serde_core v1.0.228
       Fresh crossbeam-utils v0.8.21
       Fresh zmij v1.0.15
       Fresh adler2 v2.0.1
       Fresh scopeguard v1.2.0
       Fresh simd-adler32 v0.3.8
       Fresh itoa v1.0.17
       Fresh smallvec v1.15.1
       Fresh quote v1.0.43
       Fresh crossbeam-epoch v0.9.18
       Fresh parking_lot_core v0.9.12
       Fresh miniz_oxide v0.8.9
       Fresh lock_api v0.4.14
       Fresh serde_json v1.0.149
       Fresh aho-corasick v1.1.4
       Fresh regex-syntax v0.8.8
       Fresh rand_core v0.10.0
       Fresh clap_lex v0.7.7
       Fresh plotters-backend v0.3.7
       Fresh gimli v0.32.3
       Fresh syn v2.0.114
       Fresh crossbeam-deque v0.8.6
       Fresh ciborium-io v0.2.2
       Fresh anstyle v1.0.13
       Fresh plotters-svg v0.3.7
       Fresh parking_lot v0.12.5
       Fresh regex-automata v0.4.13
       Fresh addr2line v0.25.1
       Fresh rustversion v1.0.22
       Fresh object v0.37.3
       Fresh num-traits v0.2.19
       Fresh itertools v0.13.0
       Fresh zerocopy-derive v0.8.33
       Fresh serde_derive v1.0.228
       Fresh rayon-core v1.13.0
       Fresh clap_builder v4.5.54
       Fresh rustc-demangle v0.1.27
       Fresh cast v0.3.0
       Fresh same-file v1.0.6
       Fresh crc32fast v1.5.0
       Fresh alloca v0.4.0
       Fresh arc-swap v1.8.0
       Fresh plotters v0.3.7
       Fresh regex v1.12.2
       Fresh getrandom v0.4.1
       Fresh chacha20 v0.10.0
       Fresh serde v1.0.228
       Fresh zerocopy v0.8.33
       Fresh rayon v1.11.0
       Fresh clap v4.5.54
       Fresh criterion-plot v0.8.1
       Fresh walkdir v2.5.0
       Fresh backtrace v0.3.76
       Fresh page_size v0.6.0
       Fresh thousands v0.2.0
       Fresh anes v0.1.6
       Fresh mintex v0.1.4
       Fresh fast-float2 v0.2.3
       Fresh oorandom v11.1.5
       Fresh rustc-hash v1.1.0
       Fresh half v2.7.1
       Fresh tinytemplate v1.2.1
       Fresh rustc-hash v2.1.1
       Fresh lazy_static v1.5.0
       Fresh cargo-husky v1.5.0
       Fresh rand v0.10.0
       Fresh flate2 v1.1.8
       Fresh ciborium-ll v0.2.2
       Fresh dhat v0.3.3
warning: unused import: `SegmentEntry`
  --> src/flatten_json.rs:16:28
   |
16 | use crate::segments_tree::{SegmentEntry, SegmentsTree};
   |                            ^^^^^^^^^^^^
   |
   = note: `#[warn(unused_imports)]` (part of `#[warn(unused)]`) on by default

warning: unused variable: `tree`
   --> src/flatten_json.rs:256:31
    |
256 |     fn read_object(&mut self, tree: &SegmentsTree) -> Result<(), FlattenError> {
    |                               ^^^^ help: if this is intentional, prefix it with an underscore: `_tree`
    |
    = note: `#[warn(unused_variables)]` (part of `#[warn(unused)]`) on by default

warning: enum `MemberName` is never used
  --> src/flatten_json.rs:88:6
   |
88 | enum MemberName<'a> {
   |      ^^^^^^^^^^
   |
   = note: `#[warn(dead_code)]` (part of `#[warn(unused)]`) on by default

warning: method `as_bytes` is never used
  --> src/flatten_json.rs:94:8
   |
93 | impl MemberName<'_> {
   | ------------------- method in this implementation
94 |     fn as_bytes(&self) -> &[u8] {
   |        ^^^^^^^^

warning: fields `fields`, `skipping`, `array_trail`, and `array_count` are never read
   --> src/flatten_json.rs:198:5
    |
193 | struct FlattenContext<'a, 'b> {
    |        -------------- fields in this struct
...
198 |     fields: &'b mut Vec<Field<'static>>,
    |     ^^^^^^
199 |     skipping: i32,
    |     ^^^^^^^^
200 |     array_trail: &'b mut ArrayTrailVec,
    |     ^^^^^^^^^^^
201 |     array_count: i32,
    |     ^^^^^^^^^^^

warning: method `push_field` is never used
   --> src/flatten_json.rs:207:8
    |
204 | impl<'a> FlattenContext<'a, '_> {
    | ------------------------------- method in this implementation
...
207 |     fn push_field(&mut self, field: Field<'a>) {
    |        ^^^^^^^^^^

warning: multiple methods are never used
   --> src/flatten_json.rs:262:8
    |
216 | impl<'a> FlattenContext<'a, '_> {
    | ------------------------------- methods in this implementation
...
262 |     fn read_array(
    |        ^^^^^^^^^^
...
383 |     fn leave_object(&mut self) -> Result<(), FlattenError> {
    |        ^^^^^^^^^^^^
...
401 |     fn skip_block(&mut self, open: u8, close: u8) -> Result<(), FlattenError> {
    |        ^^^^^^^^^^
...
426 |     fn skip_string_value(&mut self) -> Result<(), FlattenError> {
    |        ^^^^^^^^^^^^^^^^^
...
453 |     fn read_member_name(&mut self) -> Result<MemberName<'a>, FlattenError> {
    |        ^^^^^^^^^^^^^^^^
...
478 |     fn read_member_name_with_escapes(
    |        ^^^^^^^^^^^^^^^^^^^^^^^^^^^^^
...
557 |     fn read_string_value(&mut self) -> Result<FieldValue<'a>, FlattenError> {
    |        ^^^^^^^^^^^^^^^^^
...
580 |     fn read_string_with_escapes(
    |        ^^^^^^^^^^^^^^^^^^^^^^^^
...
660 |     fn read_hex_4(&mut self) -> Result<u32, FlattenError> {
    |        ^^^^^^^^^^
...
684 |     fn read_number(&mut self) -> Result<FieldValue<'a>, FlattenError> {
    |        ^^^^^^^^^^^
...
747 |     fn read_literal(&mut self, expected: &[u8]) -> Result<(), FlattenError> {
    |        ^^^^^^^^^^^^
...
766 |     fn step(&mut self) -> Result<(), FlattenError> {
    |        ^^^^
...
776 |     fn enter_array(&mut self) {
    |        ^^^^^^^^^^^
...
785 |     fn leave_array(&mut self) {
    |        ^^^^^^^^^^^
...
790 |     fn step_array_element(&mut self) {
    |        ^^^^^^^^^^^^^^^^^^

warning: enum `ObjectState` is never used
   --> src/flatten_json.rs:818:6
    |
818 | enum ObjectState {
    |      ^^^^^^^^^^^

warning: enum `ArrayState` is never used
   --> src/flatten_json.rs:826:6
    |
826 | enum ArrayState {
    |      ^^^^^^^^^^

warning: variant `EarlyStop` is never constructed
   --> src/flatten_json.rs:832:5
    |
831 | enum FlattenError {
    |      ------------ variant in this enum
832 |     EarlyStop,
    |     ^^^^^^^^^

warning: `quamina` (lib) generated 10 warnings (run `cargo fix --lib -p quamina` to apply 2 suggestions)
       Fresh ciborium v0.2.2
       Fresh criterion v0.8.1
       Dirty quamina v0.4.3 (/private/var/folders/zq/scmzs54x2md07_wwgys92v840000gn/T/cargo-mutants-quamina-rs-SYx2RG.tmp): the dependency quamina was rebuilt (1773795748.347964881s, 1m 1s after last build at 1773795687.483431165s)
   Compiling quamina v0.4.3 (/private/var/folders/zq/scmzs54x2md07_wwgys92v840000gn/T/cargo-mutants-quamina-rs-SYx2RG.tmp)
     Running `/Users/rishibaldawa/.rustup/toolchains/stable-aarch64-apple-darwin/bin/rustc --crate-name matching --edition=2021 benches/matching.rs --error-format=json --json=diagnostic-rendered-ansi,artifacts,future-incompat --emit=dep-info,link -C embed-bitcode=no '--warn=clippy::perf' '--warn=clippy::use_self' '--warn=clippy::unused_peekable' --warn=unsafe_code --warn=unexpected_cfgs '--warn=clippy::undocumented_unsafe_blocks' '--warn=clippy::transmute_ptr_to_ptr' '--warn=clippy::redundant_clone' '--warn=clippy::or_fun_call' '--warn=clippy::equatable_if_let' '--warn=clippy::derive_partial_eq_without_eq' '--warn=clippy::branches_sharing_code' --check-cfg 'cfg(kani)' --cfg test --check-cfg 'cfg(docsrs,test)' --check-cfg 'cfg(feature, values("dhat-heap"))' -C metadata=36a5dd4bf24a2904 -C extra-filename=-55f5e7b21be2df53 --out-dir /private/var/folders/zq/scmzs54x2md07_wwgys92v840000gn/T/cargo-mutants-quamina-rs-SYx2RG.tmp/target/mutants/deps -C incremental=/private/var/folders/zq/scmzs54x2md07_wwgys92v840000gn/T/cargo-mutants-quamina-rs-SYx2RG.tmp/target/mutants/incremental -C strip=debuginfo -L dependency=/private/var/folders/zq/scmzs54x2md07_wwgys92v840000gn/T/cargo-mutants-quamina-rs-SYx2RG.tmp/target/mutants/deps --extern arc_swap=/private/var/folders/zq/scmzs54x2md07_wwgys92v840000gn/T/cargo-mutants-quamina-rs-SYx2RG.tmp/target/mutants/deps/libarc_swap-8dc94c7baf7d6503.rlib --extern cargo_husky=/private/var/folders/zq/scmzs54x2md07_wwgys92v840000gn/T/cargo-mutants-quamina-rs-SYx2RG.tmp/target/mutants/deps/libcargo_husky-959d622cb0e854bd.rlib --extern criterion=/private/var/folders/zq/scmzs54x2md07_wwgys92v840000gn/T/cargo-mutants-quamina-rs-SYx2RG.tmp/target/mutants/deps/libcriterion-5d01252276bfc921.rlib --extern dhat=/private/var/folders/zq/scmzs54x2md07_wwgys92v840000gn/T/cargo-mutants-quamina-rs-SYx2RG.tmp/target/mutants/deps/libdhat-be327f7d283e6040.rlib --extern fast_float2=/private/var/folders/zq/scmzs54x2md07_wwgys92v840000gn/T/cargo-mutants-quamina-rs-SYx2RG.tmp/target/mutants/deps/libfast_float2-ab4bcc5370fb9d9d.rlib --extern flate2=/private/var/folders/zq/scmzs54x2md07_wwgys92v840000gn/T/cargo-mutants-quamina-rs-SYx2RG.tmp/target/mutants/deps/libflate2-770fd3ea371cf479.rlib --extern memchr=/private/var/folders/zq/scmzs54x2md07_wwgys92v840000gn/T/cargo-mutants-quamina-rs-SYx2RG.tmp/target/mutants/deps/libmemchr-fad7cfa0ce919f3e.rlib --extern parking_lot=/private/var/folders/zq/scmzs54x2md07_wwgys92v840000gn/T/cargo-mutants-quamina-rs-SYx2RG.tmp/target/mutants/deps/libparking_lot-ea040230acb2cfe8.rlib --extern quamina=/private/var/folders/zq/scmzs54x2md07_wwgys92v840000gn/T/cargo-mutants-quamina-rs-SYx2RG.tmp/target/mutants/deps/libquamina-28509fa74a3a2eed.rlib --extern rand=/private/var/folders/zq/scmzs54x2md07_wwgys92v840000gn/T/cargo-mutants-quamina-rs-SYx2RG.tmp/target/mutants/deps/librand-d62286a2584f1923.rlib --extern regex=/private/var/folders/zq/scmzs54x2md07_wwgys92v840000gn/T/cargo-mutants-quamina-rs-SYx2RG.tmp/target/mutants/deps/libregex-143ef4a17e2e5f75.rlib --extern rustc_hash=/private/var/folders/zq/scmzs54x2md07_wwgys92v840000gn/T/cargo-mutants-quamina-rs-SYx2RG.tmp/target/mutants/deps/librustc_hash-475025c22853c846.rlib --extern smallvec=/private/var/folders/zq/scmzs54x2md07_wwgys92v840000gn/T/cargo-mutants-quamina-rs-SYx2RG.tmp/target/mutants/deps/libsmallvec-aef4c19c0cf1c118.rlib -L native=/private/var/folders/zq/scmzs54x2md07_wwgys92v840000gn/T/cargo-mutants-quamina-rs-SYx2RG.tmp/target/mutants/build/alloca-02cacc78a7329cb4/out`
     Running `/Users/rishibaldawa/.rustup/toolchains/stable-aarch64-apple-darwin/bin/rustc --crate-name smoke --edition=2021 examples/smoke.rs --error-format=json --json=diagnostic-rendered-ansi,artifacts,future-incompat --emit=dep-info,link -C embed-bitcode=no '--warn=clippy::perf' '--warn=clippy::use_self' '--warn=clippy::unused_peekable' --warn=unsafe_code --warn=unexpected_cfgs '--warn=clippy::undocumented_unsafe_blocks' '--warn=clippy::transmute_ptr_to_ptr' '--warn=clippy::redundant_clone' '--warn=clippy::or_fun_call' '--warn=clippy::equatable_if_let' '--warn=clippy::derive_partial_eq_without_eq' '--warn=clippy::branches_sharing_code' --check-cfg 'cfg(kani)' --test --check-cfg 'cfg(docsrs,test)' --check-cfg 'cfg(feature, values("dhat-heap"))' -C metadata=0024f46443f80b14 -C extra-filename=-b622ae32677953bb --out-dir /private/var/folders/zq/scmzs54x2md07_wwgys92v840000gn/T/cargo-mutants-quamina-rs-SYx2RG.tmp/target/mutants/examples -C incremental=/private/var/folders/zq/scmzs54x2md07_wwgys92v840000gn/T/cargo-mutants-quamina-rs-SYx2RG.tmp/target/mutants/incremental -C strip=debuginfo -L dependency=/private/var/folders/zq/scmzs54x2md07_wwgys92v840000gn/T/cargo-mutants-quamina-rs-SYx2RG.tmp/target/mutants/deps --extern arc_swap=/private/var/folders/zq/scmzs54x2md07_wwgys92v840000gn/T/cargo-mutants-quamina-rs-SYx2RG.tmp/target/mutants/deps/libarc_swap-8dc94c7baf7d6503.rlib --extern cargo_husky=/private/var/folders/zq/scmzs54x2md07_wwgys92v840000gn/T/cargo-mutants-quamina-rs-SYx2RG.tmp/target/mutants/deps/libcargo_husky-959d622cb0e854bd.rlib --extern criterion=/private/var/folders/zq/scmzs54x2md07_wwgys92v840000gn/T/cargo-mutants-quamina-rs-SYx2RG.tmp/target/mutants/deps/libcriterion-5d01252276bfc921.rlib --extern dhat=/private/var/folders/zq/scmzs54x2md07_wwgys92v840000gn/T/cargo-mutants-quamina-rs-SYx2RG.tmp/target/mutants/deps/libdhat-be327f7d283e6040.rlib --extern fast_float2=/private/var/folders/zq/scmzs54x2md07_wwgys92v840000gn/T/cargo-mutants-quamina-rs-SYx2RG.tmp/target/mutants/deps/libfast_float2-ab4bcc5370fb9d9d.rlib --extern flate2=/private/var/folders/zq/scmzs54x2md07_wwgys92v840000gn/T/cargo-mutants-quamina-rs-SYx2RG.tmp/target/mutants/deps/libflate2-770fd3ea371cf479.rlib --extern memchr=/private/var/folders/zq/scmzs54x2md07_wwgys92v840000gn/T/cargo-mutants-quamina-rs-SYx2RG.tmp/target/mutants/deps/libmemchr-fad7cfa0ce919f3e.rlib --extern parking_lot=/private/var/folders/zq/scmzs54x2md07_wwgys92v840000gn/T/cargo-mutants-quamina-rs-SYx2RG.tmp/target/mutants/deps/libparking_lot-ea040230acb2cfe8.rlib --extern quamina=/private/var/folders/zq/scmzs54x2md07_wwgys92v840000gn/T/cargo-mutants-quamina-rs-SYx2RG.tmp/target/mutants/deps/libquamina-28509fa74a3a2eed.rlib --extern rand=/private/var/folders/zq/scmzs54x2md07_wwgys92v840000gn/T/cargo-mutants-quamina-rs-SYx2RG.tmp/target/mutants/deps/librand-d62286a2584f1923.rlib --extern regex=/private/var/folders/zq/scmzs54x2md07_wwgys92v840000gn/T/cargo-mutants-quamina-rs-SYx2RG.tmp/target/mutants/deps/libregex-143ef4a17e2e5f75.rlib --extern rustc_hash=/private/var/folders/zq/scmzs54x2md07_wwgys92v840000gn/T/cargo-mutants-quamina-rs-SYx2RG.tmp/target/mutants/deps/librustc_hash-475025c22853c846.rlib --extern smallvec=/private/var/folders/zq/scmzs54x2md07_wwgys92v840000gn/T/cargo-mutants-quamina-rs-SYx2RG.tmp/target/mutants/deps/libsmallvec-aef4c19c0cf1c118.rlib -L native=/private/var/folders/zq/scmzs54x2md07_wwgys92v840000gn/T/cargo-mutants-quamina-rs-SYx2RG.tmp/target/mutants/build/alloca-02cacc78a7329cb4/out`
     Running `/Users/rishibaldawa/.rustup/toolchains/stable-aarch64-apple-darwin/bin/rustc --crate-name profile_citylots --edition=2021 examples/profile_citylots.rs --error-format=json --json=diagnostic-rendered-ansi,artifacts,future-incompat --emit=dep-info,link -C embed-bitcode=no '--warn=clippy::perf' '--warn=clippy::use_self' '--warn=clippy::unused_peekable' --warn=unsafe_code --warn=unexpected_cfgs '--warn=clippy::undocumented_unsafe_blocks' '--warn=clippy::transmute_ptr_to_ptr' '--warn=clippy::redundant_clone' '--warn=clippy::or_fun_call' '--warn=clippy::equatable_if_let' '--warn=clippy::derive_partial_eq_without_eq' '--warn=clippy::branches_sharing_code' --check-cfg 'cfg(kani)' --test --check-cfg 'cfg(docsrs,test)' --check-cfg 'cfg(feature, values("dhat-heap"))' -C metadata=9379508d92a0fd03 -C extra-filename=-f551dbd7e79bed79 --out-dir /private/var/folders/zq/scmzs54x2md07_wwgys92v840000gn/T/cargo-mutants-quamina-rs-SYx2RG.tmp/target/mutants/examples -C incremental=/private/var/folders/zq/scmzs54x2md07_wwgys92v840000gn/T/cargo-mutants-quamina-rs-SYx2RG.tmp/target/mutants/incremental -C strip=debuginfo -L dependency=/private/var/folders/zq/scmzs54x2md07_wwgys92v840000gn/T/cargo-mutants-quamina-rs-SYx2RG.tmp/target/mutants/deps --extern arc_swap=/private/var/folders/zq/scmzs54x2md07_wwgys92v840000gn/T/cargo-mutants-quamina-rs-SYx2RG.tmp/target/mutants/deps/libarc_swap-8dc94c7baf7d6503.rlib --extern cargo_husky=/private/var/folders/zq/scmzs54x2md07_wwgys92v840000gn/T/cargo-mutants-quamina-rs-SYx2RG.tmp/target/mutants/deps/libcargo_husky-959d622cb0e854bd.rlib --extern criterion=/private/var/folders/zq/scmzs54x2md07_wwgys92v840000gn/T/cargo-mutants-quamina-rs-SYx2RG.tmp/target/mutants/deps/libcriterion-5d01252276bfc921.rlib --extern dhat=/private/var/folders/zq/scmzs54x2md07_wwgys92v840000gn/T/cargo-mutants-quamina-rs-SYx2RG.tmp/target/mutants/deps/libdhat-be327f7d283e6040.rlib --extern fast_float2=/private/var/folders/zq/scmzs54x2md07_wwgys92v840000gn/T/cargo-mutants-quamina-rs-SYx2RG.tmp/target/mutants/deps/libfast_float2-ab4bcc5370fb9d9d.rlib --extern flate2=/private/var/folders/zq/scmzs54x2md07_wwgys92v840000gn/T/cargo-mutants-quamina-rs-SYx2RG.tmp/target/mutants/deps/libflate2-770fd3ea371cf479.rlib --extern memchr=/private/var/folders/zq/scmzs54x2md07_wwgys92v840000gn/T/cargo-mutants-quamina-rs-SYx2RG.tmp/target/mutants/deps/libmemchr-fad7cfa0ce919f3e.rlib --extern parking_lot=/private/var/folders/zq/scmzs54x2md07_wwgys92v840000gn/T/cargo-mutants-quamina-rs-SYx2RG.tmp/target/mutants/deps/libparking_lot-ea040230acb2cfe8.rlib --extern quamina=/private/var/folders/zq/scmzs54x2md07_wwgys92v840000gn/T/cargo-mutants-quamina-rs-SYx2RG.tmp/target/mutants/deps/libquamina-28509fa74a3a2eed.rlib --extern rand=/private/var/folders/zq/scmzs54x2md07_wwgys92v840000gn/T/cargo-mutants-quamina-rs-SYx2RG.tmp/target/mutants/deps/librand-d62286a2584f1923.rlib --extern regex=/private/var/folders/zq/scmzs54x2md07_wwgys92v840000gn/T/cargo-mutants-quamina-rs-SYx2RG.tmp/target/mutants/deps/libregex-143ef4a17e2e5f75.rlib --extern rustc_hash=/private/var/folders/zq/scmzs54x2md07_wwgys92v840000gn/T/cargo-mutants-quamina-rs-SYx2RG.tmp/target/mutants/deps/librustc_hash-475025c22853c846.rlib --extern smallvec=/private/var/folders/zq/scmzs54x2md07_wwgys92v840000gn/T/cargo-mutants-quamina-rs-SYx2RG.tmp/target/mutants/deps/libsmallvec-aef4c19c0cf1c118.rlib -L native=/private/var/folders/zq/scmzs54x2md07_wwgys92v840000gn/T/cargo-mutants-quamina-rs-SYx2RG.tmp/target/mutants/build/alloca-02cacc78a7329cb4/out`
warning: `quamina` (lib test) generated 10 warnings (10 duplicates)
     Running `/Users/rishibaldawa/.rustup/toolchains/stable-aarch64-apple-darwin/bin/rustc --crate-name memory --edition=2021 benches/memory.rs --error-format=json --json=diagnostic-rendered-ansi,artifacts,future-incompat --emit=dep-info,link -C embed-bitcode=no '--warn=clippy::perf' '--warn=clippy::use_self' '--warn=clippy::unused_peekable' --warn=unsafe_code --warn=unexpected_cfgs '--warn=clippy::undocumented_unsafe_blocks' '--warn=clippy::transmute_ptr_to_ptr' '--warn=clippy::redundant_clone' '--warn=clippy::or_fun_call' '--warn=clippy::equatable_if_let' '--warn=clippy::derive_partial_eq_without_eq' '--warn=clippy::branches_sharing_code' --check-cfg 'cfg(kani)' --cfg test --check-cfg 'cfg(docsrs,test)' --check-cfg 'cfg(feature, values("dhat-heap"))' -C metadata=e43666ab1d726ea7 -C extra-filename=-94c7cd016dd302fd --out-dir /private/var/folders/zq/scmzs54x2md07_wwgys92v840000gn/T/cargo-mutants-quamina-rs-SYx2RG.tmp/target/mutants/deps -C incremental=/private/var/folders/zq/scmzs54x2md07_wwgys92v840000gn/T/cargo-mutants-quamina-rs-SYx2RG.tmp/target/mutants/incremental -C strip=debuginfo -L dependency=/private/var/folders/zq/scmzs54x2md07_wwgys92v840000gn/T/cargo-mutants-quamina-rs-SYx2RG.tmp/target/mutants/deps --extern arc_swap=/private/var/folders/zq/scmzs54x2md07_wwgys92v840000gn/T/cargo-mutants-quamina-rs-SYx2RG.tmp/target/mutants/deps/libarc_swap-8dc94c7baf7d6503.rlib --extern cargo_husky=/private/var/folders/zq/scmzs54x2md07_wwgys92v840000gn/T/cargo-mutants-quamina-rs-SYx2RG.tmp/target/mutants/deps/libcargo_husky-959d622cb0e854bd.rlib --extern criterion=/private/var/folders/zq/scmzs54x2md07_wwgys92v840000gn/T/cargo-mutants-quamina-rs-SYx2RG.tmp/target/mutants/deps/libcriterion-5d01252276bfc921.rlib --extern dhat=/private/var/folders/zq/scmzs54x2md07_wwgys92v840000gn/T/cargo-mutants-quamina-rs-SYx2RG.tmp/target/mutants/deps/libdhat-be327f7d283e6040.rlib --extern fast_float2=/private/var/folders/zq/scmzs54x2md07_wwgys92v840000gn/T/cargo-mutants-quamina-rs-SYx2RG.tmp/target/mutants/deps/libfast_float2-ab4bcc5370fb9d9d.rlib --extern flate2=/private/var/folders/zq/scmzs54x2md07_wwgys92v840000gn/T/cargo-mutants-quamina-rs-SYx2RG.tmp/target/mutants/deps/libflate2-770fd3ea371cf479.rlib --extern memchr=/private/var/folders/zq/scmzs54x2md07_wwgys92v840000gn/T/cargo-mutants-quamina-rs-SYx2RG.tmp/target/mutants/deps/libmemchr-fad7cfa0ce919f3e.rlib --extern parking_lot=/private/var/folders/zq/scmzs54x2md07_wwgys92v840000gn/T/cargo-mutants-quamina-rs-SYx2RG.tmp/target/mutants/deps/libparking_lot-ea040230acb2cfe8.rlib --extern quamina=/private/var/folders/zq/scmzs54x2md07_wwgys92v840000gn/T/cargo-mutants-quamina-rs-SYx2RG.tmp/target/mutants/deps/libquamina-28509fa74a3a2eed.rlib --extern rand=/private/var/folders/zq/scmzs54x2md07_wwgys92v840000gn/T/cargo-mutants-quamina-rs-SYx2RG.tmp/target/mutants/deps/librand-d62286a2584f1923.rlib --extern regex=/private/var/folders/zq/scmzs54x2md07_wwgys92v840000gn/T/cargo-mutants-quamina-rs-SYx2RG.tmp/target/mutants/deps/libregex-143ef4a17e2e5f75.rlib --extern rustc_hash=/private/var/folders/zq/scmzs54x2md07_wwgys92v840000gn/T/cargo-mutants-quamina-rs-SYx2RG.tmp/target/mutants/deps/librustc_hash-475025c22853c846.rlib --extern smallvec=/private/var/folders/zq/scmzs54x2md07_wwgys92v840000gn/T/cargo-mutants-quamina-rs-SYx2RG.tmp/target/mutants/deps/libsmallvec-aef4c19c0cf1c118.rlib -L native=/private/var/folders/zq/scmzs54x2md07_wwgys92v840000gn/T/cargo-mutants-quamina-rs-SYx2RG.tmp/target/mutants/build/alloca-02cacc78a7329cb4/out`
     Running `/Users/rishibaldawa/.rustup/toolchains/stable-aarch64-apple-darwin/bin/rustc --crate-name profile_pathological --edition=2021 examples/profile_pathological.rs --error-format=json --json=diagnostic-rendered-ansi,artifacts,future-incompat --emit=dep-info,link -C embed-bitcode=no '--warn=clippy::perf' '--warn=clippy::use_self' '--warn=clippy::unused_peekable' --warn=unsafe_code --warn=unexpected_cfgs '--warn=clippy::undocumented_unsafe_blocks' '--warn=clippy::transmute_ptr_to_ptr' '--warn=clippy::redundant_clone' '--warn=clippy::or_fun_call' '--warn=clippy::equatable_if_let' '--warn=clippy::derive_partial_eq_without_eq' '--warn=clippy::branches_sharing_code' --check-cfg 'cfg(kani)' --test --check-cfg 'cfg(docsrs,test)' --check-cfg 'cfg(feature, values("dhat-heap"))' -C metadata=593a33a3a5e44193 -C extra-filename=-dd244cd3e6984c6e --out-dir /private/var/folders/zq/scmzs54x2md07_wwgys92v840000gn/T/cargo-mutants-quamina-rs-SYx2RG.tmp/target/mutants/examples -C incremental=/private/var/folders/zq/scmzs54x2md07_wwgys92v840000gn/T/cargo-mutants-quamina-rs-SYx2RG.tmp/target/mutants/incremental -C strip=debuginfo -L dependency=/private/var/folders/zq/scmzs54x2md07_wwgys92v840000gn/T/cargo-mutants-quamina-rs-SYx2RG.tmp/target/mutants/deps --extern arc_swap=/private/var/folders/zq/scmzs54x2md07_wwgys92v840000gn/T/cargo-mutants-quamina-rs-SYx2RG.tmp/target/mutants/deps/libarc_swap-8dc94c7baf7d6503.rlib --extern cargo_husky=/private/var/folders/zq/scmzs54x2md07_wwgys92v840000gn/T/cargo-mutants-quamina-rs-SYx2RG.tmp/target/mutants/deps/libcargo_husky-959d622cb0e854bd.rlib --extern criterion=/private/var/folders/zq/scmzs54x2md07_wwgys92v840000gn/T/cargo-mutants-quamina-rs-SYx2RG.tmp/target/mutants/deps/libcriterion-5d01252276bfc921.rlib --extern dhat=/private/var/folders/zq/scmzs54x2md07_wwgys92v840000gn/T/cargo-mutants-quamina-rs-SYx2RG.tmp/target/mutants/deps/libdhat-be327f7d283e6040.rlib --extern fast_float2=/private/var/folders/zq/scmzs54x2md07_wwgys92v840000gn/T/cargo-mutants-quamina-rs-SYx2RG.tmp/target/mutants/deps/libfast_float2-ab4bcc5370fb9d9d.rlib --extern flate2=/private/var/folders/zq/scmzs54x2md07_wwgys92v840000gn/T/cargo-mutants-quamina-rs-SYx2RG.tmp/target/mutants/deps/libflate2-770fd3ea371cf479.rlib --extern memchr=/private/var/folders/zq/scmzs54x2md07_wwgys92v840000gn/T/cargo-mutants-quamina-rs-SYx2RG.tmp/target/mutants/deps/libmemchr-fad7cfa0ce919f3e.rlib --extern parking_lot=/private/var/folders/zq/scmzs54x2md07_wwgys92v840000gn/T/cargo-mutants-quamina-rs-SYx2RG.tmp/target/mutants/deps/libparking_lot-ea040230acb2cfe8.rlib --extern quamina=/private/var/folders/zq/scmzs54x2md07_wwgys92v840000gn/T/cargo-mutants-quamina-rs-SYx2RG.tmp/target/mutants/deps/libquamina-28509fa74a3a2eed.rlib --extern rand=/private/var/folders/zq/scmzs54x2md07_wwgys92v840000gn/T/cargo-mutants-quamina-rs-SYx2RG.tmp/target/mutants/deps/librand-d62286a2584f1923.rlib --extern regex=/private/var/folders/zq/scmzs54x2md07_wwgys92v840000gn/T/cargo-mutants-quamina-rs-SYx2RG.tmp/target/mutants/deps/libregex-143ef4a17e2e5f75.rlib --extern rustc_hash=/private/var/folders/zq/scmzs54x2md07_wwgys92v840000gn/T/cargo-mutants-quamina-rs-SYx2RG.tmp/target/mutants/deps/librustc_hash-475025c22853c846.rlib --extern smallvec=/private/var/folders/zq/scmzs54x2md07_wwgys92v840000gn/T/cargo-mutants-quamina-rs-SYx2RG.tmp/target/mutants/deps/libsmallvec-aef4c19c0cf1c118.rlib -L native=/private/var/folders/zq/scmzs54x2md07_wwgys92v840000gn/T/cargo-mutants-quamina-rs-SYx2RG.tmp/target/mutants/build/alloca-02cacc78a7329cb4/out`
     Running `/Users/rishibaldawa/.rustup/toolchains/stable-aarch64-apple-darwin/bin/rustc --crate-name profile_shellstyle --edition=2021 examples/profile_shellstyle.rs --error-format=json --json=diagnostic-rendered-ansi,artifacts,future-incompat --emit=dep-info,link -C embed-bitcode=no '--warn=clippy::perf' '--warn=clippy::use_self' '--warn=clippy::unused_peekable' --warn=unsafe_code --warn=unexpected_cfgs '--warn=clippy::undocumented_unsafe_blocks' '--warn=clippy::transmute_ptr_to_ptr' '--warn=clippy::redundant_clone' '--warn=clippy::or_fun_call' '--warn=clippy::equatable_if_let' '--warn=clippy::derive_partial_eq_without_eq' '--warn=clippy::branches_sharing_code' --check-cfg 'cfg(kani)' --test --check-cfg 'cfg(docsrs,test)' --check-cfg 'cfg(feature, values("dhat-heap"))' -C metadata=e4f3c5f0c26b0914 -C extra-filename=-6aaf8d9505430e71 --out-dir /private/var/folders/zq/scmzs54x2md07_wwgys92v840000gn/T/cargo-mutants-quamina-rs-SYx2RG.tmp/target/mutants/examples -C incremental=/private/var/folders/zq/scmzs54x2md07_wwgys92v840000gn/T/cargo-mutants-quamina-rs-SYx2RG.tmp/target/mutants/incremental -C strip=debuginfo -L dependency=/private/var/folders/zq/scmzs54x2md07_wwgys92v840000gn/T/cargo-mutants-quamina-rs-SYx2RG.tmp/target/mutants/deps --extern arc_swap=/private/var/folders/zq/scmzs54x2md07_wwgys92v840000gn/T/cargo-mutants-quamina-rs-SYx2RG.tmp/target/mutants/deps/libarc_swap-8dc94c7baf7d6503.rlib --extern cargo_husky=/private/var/folders/zq/scmzs54x2md07_wwgys92v840000gn/T/cargo-mutants-quamina-rs-SYx2RG.tmp/target/mutants/deps/libcargo_husky-959d622cb0e854bd.rlib --extern criterion=/private/var/folders/zq/scmzs54x2md07_wwgys92v840000gn/T/cargo-mutants-quamina-rs-SYx2RG.tmp/target/mutants/deps/libcriterion-5d01252276bfc921.rlib --extern dhat=/private/var/folders/zq/scmzs54x2md07_wwgys92v840000gn/T/cargo-mutants-quamina-rs-SYx2RG.tmp/target/mutants/deps/libdhat-be327f7d283e6040.rlib --extern fast_float2=/private/var/folders/zq/scmzs54x2md07_wwgys92v840000gn/T/cargo-mutants-quamina-rs-SYx2RG.tmp/target/mutants/deps/libfast_float2-ab4bcc5370fb9d9d.rlib --extern flate2=/private/var/folders/zq/scmzs54x2md07_wwgys92v840000gn/T/cargo-mutants-quamina-rs-SYx2RG.tmp/target/mutants/deps/libflate2-770fd3ea371cf479.rlib --extern memchr=/private/var/folders/zq/scmzs54x2md07_wwgys92v840000gn/T/cargo-mutants-quamina-rs-SYx2RG.tmp/target/mutants/deps/libmemchr-fad7cfa0ce919f3e.rlib --extern parking_lot=/private/var/folders/zq/scmzs54x2md07_wwgys92v840000gn/T/cargo-mutants-quamina-rs-SYx2RG.tmp/target/mutants/deps/libparking_lot-ea040230acb2cfe8.rlib --extern quamina=/private/var/folders/zq/scmzs54x2md07_wwgys92v840000gn/T/cargo-mutants-quamina-rs-SYx2RG.tmp/target/mutants/deps/libquamina-28509fa74a3a2eed.rlib --extern rand=/private/var/folders/zq/scmzs54x2md07_wwgys92v840000gn/T/cargo-mutants-quamina-rs-SYx2RG.tmp/target/mutants/deps/librand-d62286a2584f1923.rlib --extern regex=/private/var/folders/zq/scmzs54x2md07_wwgys92v840000gn/T/cargo-mutants-quamina-rs-SYx2RG.tmp/target/mutants/deps/libregex-143ef4a17e2e5f75.rlib --extern rustc_hash=/private/var/folders/zq/scmzs54x2md07_wwgys92v840000gn/T/cargo-mutants-quamina-rs-SYx2RG.tmp/target/mutants/deps/librustc_hash-475025c22853c846.rlib --extern smallvec=/private/var/folders/zq/scmzs54x2md07_wwgys92v840000gn/T/cargo-mutants-quamina-rs-SYx2RG.tmp/target/mutants/deps/libsmallvec-aef4c19c0cf1c118.rlib -L native=/private/var/folders/zq/scmzs54x2md07_wwgys92v840000gn/T/cargo-mutants-quamina-rs-SYx2RG.tmp/target/mutants/build/alloca-02cacc78a7329cb4/out`
     Running `/Users/rishibaldawa/.rustup/toolchains/stable-aarch64-apple-darwin/bin/rustc --crate-name bulk_10k --edition=2021 benches/bulk_10k.rs --error-format=json --json=diagnostic-rendered-ansi,artifacts,future-incompat --emit=dep-info,link -C embed-bitcode=no '--warn=clippy::perf' '--warn=clippy::use_self' '--warn=clippy::unused_peekable' --warn=unsafe_code --warn=unexpected_cfgs '--warn=clippy::undocumented_unsafe_blocks' '--warn=clippy::transmute_ptr_to_ptr' '--warn=clippy::redundant_clone' '--warn=clippy::or_fun_call' '--warn=clippy::equatable_if_let' '--warn=clippy::derive_partial_eq_without_eq' '--warn=clippy::branches_sharing_code' --check-cfg 'cfg(kani)' --cfg test --check-cfg 'cfg(docsrs,test)' --check-cfg 'cfg(feature, values("dhat-heap"))' -C metadata=9f5b1c8138038d52 -C extra-filename=-c55937e16f51c58a --out-dir /private/var/folders/zq/scmzs54x2md07_wwgys92v840000gn/T/cargo-mutants-quamina-rs-SYx2RG.tmp/target/mutants/deps -C incremental=/private/var/folders/zq/scmzs54x2md07_wwgys92v840000gn/T/cargo-mutants-quamina-rs-SYx2RG.tmp/target/mutants/incremental -C strip=debuginfo -L dependency=/private/var/folders/zq/scmzs54x2md07_wwgys92v840000gn/T/cargo-mutants-quamina-rs-SYx2RG.tmp/target/mutants/deps --extern arc_swap=/private/var/folders/zq/scmzs54x2md07_wwgys92v840000gn/T/cargo-mutants-quamina-rs-SYx2RG.tmp/target/mutants/deps/libarc_swap-8dc94c7baf7d6503.rlib --extern cargo_husky=/private/var/folders/zq/scmzs54x2md07_wwgys92v840000gn/T/cargo-mutants-quamina-rs-SYx2RG.tmp/target/mutants/deps/libcargo_husky-959d622cb0e854bd.rlib --extern criterion=/private/var/folders/zq/scmzs54x2md07_wwgys92v840000gn/T/cargo-mutants-quamina-rs-SYx2RG.tmp/target/mutants/deps/libcriterion-5d01252276bfc921.rlib --extern dhat=/private/var/folders/zq/scmzs54x2md07_wwgys92v840000gn/T/cargo-mutants-quamina-rs-SYx2RG.tmp/target/mutants/deps/libdhat-be327f7d283e6040.rlib --extern fast_float2=/private/var/folders/zq/scmzs54x2md07_wwgys92v840000gn/T/cargo-mutants-quamina-rs-SYx2RG.tmp/target/mutants/deps/libfast_float2-ab4bcc5370fb9d9d.rlib --extern flate2=/private/var/folders/zq/scmzs54x2md07_wwgys92v840000gn/T/cargo-mutants-quamina-rs-SYx2RG.tmp/target/mutants/deps/libflate2-770fd3ea371cf479.rlib --extern memchr=/private/var/folders/zq/scmzs54x2md07_wwgys92v840000gn/T/cargo-mutants-quamina-rs-SYx2RG.tmp/target/mutants/deps/libmemchr-fad7cfa0ce919f3e.rlib --extern parking_lot=/private/var/folders/zq/scmzs54x2md07_wwgys92v840000gn/T/cargo-mutants-quamina-rs-SYx2RG.tmp/target/mutants/deps/libparking_lot-ea040230acb2cfe8.rlib --extern quamina=/private/var/folders/zq/scmzs54x2md07_wwgys92v840000gn/T/cargo-mutants-quamina-rs-SYx2RG.tmp/target/mutants/deps/libquamina-28509fa74a3a2eed.rlib --extern rand=/private/var/folders/zq/scmzs54x2md07_wwgys92v840000gn/T/cargo-mutants-quamina-rs-SYx2RG.tmp/target/mutants/deps/librand-d62286a2584f1923.rlib --extern regex=/private/var/folders/zq/scmzs54x2md07_wwgys92v840000gn/T/cargo-mutants-quamina-rs-SYx2RG.tmp/target/mutants/deps/libregex-143ef4a17e2e5f75.rlib --extern rustc_hash=/private/var/folders/zq/scmzs54x2md07_wwgys92v840000gn/T/cargo-mutants-quamina-rs-SYx2RG.tmp/target/mutants/deps/librustc_hash-475025c22853c846.rlib --extern smallvec=/private/var/folders/zq/scmzs54x2md07_wwgys92v840000gn/T/cargo-mutants-quamina-rs-SYx2RG.tmp/target/mutants/deps/libsmallvec-aef4c19c0cf1c118.rlib -L native=/private/var/folders/zq/scmzs54x2md07_wwgys92v840000gn/T/cargo-mutants-quamina-rs-SYx2RG.tmp/target/mutants/build/alloca-02cacc78a7329cb4/out`
    Finished `mutants` profile [unoptimized] target(s) in 0.82s
     Running `/private/var/folders/zq/scmzs54x2md07_wwgys92v840000gn/T/cargo-mutants-quamina-rs-SYx2RG.tmp/target/mutants/deps/quamina-137b7d067facf300`

running 651 tests
test automaton::arena::cidr_arena_tests::test_cidr_arena_fa_ipv4_range ... ok
test automaton::arena::cidr_arena_tests::test_cidr_arena_fa_merge ... ok
test automaton::arena::anything_but_arena_tests::test_anything_but_arena_fa_empty_excluded ... ok
test automaton::arena::merge_tests::test_merge_multiple_arenas_associative ... ok
test automaton::arena::cidr_arena_tests::test_cidr_arena_fa_ipv4_exact ... ok
test automaton::arena::anything_but_arena_tests::test_anything_but_arena_fa_multiple_values ... ok
test automaton::arena::anything_but_arena_tests::test_anything_but_arena_fa_common_prefix ... ok
test automaton::arena::merge_tests::test_merge_multi_byte_sequences ... ok
test automaton::arena::anything_but_arena_tests::test_anything_but_arena_fa_merge ... ok
test automaton::arena::cidr_arena_tests::test_cidr_arena_fa_ipv6_basic ... ok
test automaton::arena::merge_tests::test_merge_empty_arenas ... ok
test automaton::arena::merge_tests::test_merge_one_empty_arena ... ok
test automaton::arena::anything_but_arena_tests::test_anything_but_arena_fa_single_value ... ok
test automaton::arena::merge_tests::test_merge_preserves_field_transitions ... ok
test automaton::arena::merge_tests::test_merge_overlapping_transitions ... ok
test automaton::arena::merge_tests::test_merge_single_transition ... ok
test automaton::arena::monocase_arena_tests::test_monocase_arena_fa_single_char ... ok
test automaton::arena::monocase_arena_tests::test_monocase_arena_fa_mixed_ascii ... ok
test automaton::arena::monocase_arena_tests::test_monocase_arena_fa_greek_sigma ... ok
test automaton::arena::monocase_arena_tests::test_monocase_arena_fa_basic_ascii ... ok
test automaton::arena::monocase_arena_tests::test_monocase_arena_fa_three_chars ... ok
test automaton::arena::monocase_arena_tests::test_monocase_arena_fa_two_chars ... ok
test automaton::arena::nfa_merge_tests::test_merge_arena_nfas_empty_cases ... ok
test automaton::arena::nfa_merge_tests::test_merge_arena_both_have_spinouts ... ok
test automaton::arena::monocase_arena_tests::test_monocase_arena_fa_empty ... ok
test automaton::arena::nfa_merge_tests::test_flatten_epsilon_targets_on_repeated_merge ... ok
test automaton::arena::cidr_arena_tests::test_cidr_arena_fa_ipv4_24 ... ok
test automaton::arena::nfa_merge_tests::test_merge_arena_preserves_cycles ... ok
test automaton::arena::monocase_arena_tests::test_monocase_arena_fa_no_case_chars ... ok
test automaton::arena::monocase_arena_tests::test_monocase_arena_fa_merge ... ok
test automaton::arena::nfa_merge_tests::test_merge_arena_shellstyle_patterns ... ok
test automaton::arena::nfa_merge_tests::test_merge_arena_with_epsilons ... ok
test automaton::arena::numeric_arena_tests::test_numeric_arena_fa_edge_cases ... ok
test automaton::arena::numeric_arena_tests::test_numeric_arena_fa_float_values ... ok
test automaton::arena::nfa_merge_tests::test_merge_arena_with_spinout ... ok
test automaton::arena::numeric_arena_tests::test_numeric_greater_arena_fa_basic ... ok
test automaton::arena::numeric_arena_tests::test_numeric_greater_arena_fa_exclusive ... ok
test automaton::arena::numeric_arena_tests::test_numeric_arena_fa_merge ... ok
test automaton::arena::numeric_arena_tests::test_numeric_less_arena_fa_basic ... ok
test automaton::arena::numeric_arena_tests::test_numeric_less_arena_fa_exclusive ... ok
test automaton::arena::numeric_arena_tests::test_numeric_range_arena_fa_exclusive_bounds ... ok
test automaton::arena::numeric_arena_tests::test_numeric_arena_fa_ordering_preserved ... ok
test automaton::arena::numeric_arena_tests::test_numeric_range_arena_fa_two_sided ... ok
test automaton::arena::prefix_arena_tests::test_prefix_arena_fa_basic ... ok
test automaton::arena::prefix_arena_tests::test_prefix_arena_fa_empty_prefix ... ok
test automaton::arena::prefix_arena_tests::test_prefix_arena_fa_single_char ... ok
test automaton::arena::prefix_arena_tests::test_prefix_arena_fa_utf8 ... ok
test automaton::arena::prefix_arena_tests::test_prefix_arena_fa_merge ... ok
test automaton::arena::shellstyle_arena_tests::test_shellstyle_arena_fa_no_wildcard ... ok
test automaton::arena::shellstyle_arena_tests::test_shellstyle_arena_fa_infix_wildcard ... ok
test automaton::arena::shellstyle_arena_tests::test_shellstyle_arena_fa_only_wildcard ... ok
test automaton::arena::shellstyle_arena_tests::test_shellstyle_arena_fa_five_star ... ok
test automaton::arena::shellstyle_arena_tests::test_shellstyle_arena_fa_double_wildcard ... ok
test automaton::arena::string_arena_tests::test_string_arena_fa_basic ... ok
test automaton::arena::shellstyle_arena_tests::test_shellstyle_arena_fa_suffix_wildcard ... ok
test automaton::arena::shellstyle_arena_tests::test_shellstyle_arena_fa_prefix_wildcard ... ok
test automaton::arena::string_arena_tests::test_string_arena_fa_empty_string ... ok
test automaton::arena::shellstyle_arena_tests::test_shellstyle_arena_fa_merge ... ok
test automaton::arena::shellstyle_arena_tests::test_shellstyle_arena_fa_foo_bar_multi_star ... ok
test automaton::arena::string_arena_tests::test_string_arena_fa_merge ... ok
test automaton::arena::shellstyle_arena_tests::test_shellstyle_arena_fa_eight_star ... ok
test automaton::arena::string_arena_tests::test_string_arena_fa_single_char ... ok
test automaton::arena::string_arena_tests::test_string_arena_fa_utf8 ... ok
test automaton::arena::tests::test_arena_alloc ... ok
test automaton::arena::tests::test_arena_cyclic_reference ... ok
test automaton::arena::tests::test_arena_small_table_pack ... ok
test automaton::arena::tests::test_arena_state_count_vs_chain ... ok
test automaton::arena::tests::test_arena_stats_empty ... ok
test automaton::arena::tests::test_arena_stats_basic ... ok
test automaton::arena::tests::test_ascii_fast_path_acceleration ... ok
test automaton::arena::tests::test_dfa_lookup_matches_smalltable_dstep ... ok
test automaton::arena::tests::test_state_id_none ... ok
test automaton::arena::string_arena_tests::test_string_arena_fa_merge_common_prefix ... ok
test automaton::arena::tests::test_nested_quantifier_dedup ... ok
test automaton::arena::tests::test_traverse_arena_nfa_simple ... ok
test automaton::arena::tests::test_try_accelerate_arena ... ok
test automaton::arena::tests::test_traverse_arena_nfa_plus_cyclic ... ok
test automaton::arena::tests::test_traverse_arena_nfa_star_cyclic ... ok
test automaton::arena::wildcard_arena_tests::test_wildcard_arena_fa_basic ... ok
test automaton::arena::wildcard_arena_tests::test_wildcard_arena_fa_escape_backslash ... ok
test automaton::arena::wildcard_arena_tests::test_wildcard_arena_fa_escape_star ... ok
test automaton::arena::wildcard_arena_tests::test_wildcard_arena_fa_no_escape ... ok
test automaton::arena::wildcard_arena_tests::test_wildcard_arena_fa_escape_with_wildcard ... ok
test automaton::arena::wildcard_arena_tests::test_wildcard_arena_fa_star_at_end_with_escape ... ok
test automaton::arena::wildcard_arena_tests::test_wildcard_arena_fa_merge ... ok
test automaton::mutable_matcher::tests::test_add_string_transition_basic ... ok
test automaton::mutable_matcher::tests::test_add_prefix_transition ... ok
test automaton::mutable_matcher::tests::test_add_numeric_transition ... ok
test automaton::mutable_matcher::tests::test_add_string_transition_singleton_opt ... ok
test automaton::mutable_matcher::tests::test_add_numeric_has_numbers_flag ... ok
test automaton::mutable_matcher::tests::test_add_string_transitions_bulk ... ok
test automaton::mutable_matcher::tests::test_add_suffix_multiple_patterns ... ok
test automaton::mutable_matcher::tests::test_add_suffix_transition ... ok
test automaton::mutable_matcher::tests::test_add_prefix_multiple_patterns ... ok
test automaton::mutable_matcher::tests::test_add_wildcard_transition ... ok
test automaton::mutable_matcher::tests::test_arena_migration_anything_but ... ok
test automaton::mutable_matcher::tests::test_arena_migration_monocase ... ok
test automaton::mutable_matcher::tests::test_arena_migration_numeric_range ... ok
test automaton::mutable_matcher::tests::test_arena_migration_prefix ... ok
test automaton::mutable_matcher::tests::test_arena_migration_shellstyle ... ok
test automaton::mutable_matcher::tests::test_arena_migration_core_matcher_all_types ... ok
test automaton::mutable_matcher::tests::test_arena_migration_mixed_patterns ... ok
test automaton::mutable_matcher::tests::test_arena_migration_string_single ... ok
test automaton::mutable_matcher::tests::test_arena_migration_string_multiple ... ok
test automaton::mutable_matcher::tests::test_budget_enforcement_via_matching ... ok
test automaton::mutable_matcher::tests::test_check_budget_via_patterns ... ok
test automaton::mutable_matcher::tests::test_arena_migration_wildcard_escape ... ok
test automaton::mutable_matcher::tests::test_core_matcher_array_trail_conflict ... ok
test automaton::mutable_matcher::tests::test_core_matcher_direct_array_trail_conflict ... ok
test automaton::mutable_matcher::tests::test_core_matcher_direct_exists_false ... ok
test automaton::mutable_matcher::tests::test_check_budget_boundary_condition ... ok
test automaton::mutable_matcher::tests::test_core_matcher_direct_multi_field ... ok
test automaton::mutable_matcher::tests::test_core_matcher_exists_true_no_self_match_owned ... ok
test automaton::mutable_matcher::tests::test_core_matcher_exists_true_no_self_match_direct ... ok
test automaton::mutable_matcher::tests::test_core_matcher_exists_true_no_self_match_ref ... ok
test automaton::mutable_matcher::tests::test_core_matcher_multi_field_owned ... ok
test automaton::mutable_matcher::tests::test_core_matcher_no_self_match_direct ... ok
test automaton::mutable_matcher::tests::test_core_matcher_no_self_match_owned ... ok
test automaton::mutable_matcher::tests::test_core_matcher_no_self_match_ref ... ok
test automaton::mutable_matcher::tests::test_core_matcher_ref_array_trail_conflict ... ok
test automaton::mutable_matcher::tests::test_core_matcher_ref_exists_false ... ok
test automaton::mutable_matcher::tests::test_core_matcher_ref_multi_field ... ok
test automaton::mutable_matcher::tests::test_core_matcher_direct_with_arena_regexp ... ok
test automaton::mutable_matcher::tests::test_match_set_dedup ... ok
test automaton::mutable_matcher::tests::test_core_matcher_with_arena_regexp ... ok
test automaton::mutable_matcher::tests::test_take_singleton_idempotent ... ok
test automaton::mutable_matcher::tests::test_quote_wrap_via_wildcard ... ok
test automaton::mutable_matcher::tests::test_quote_wrap_via_shellstyle ... ok
test automaton::tests::test_arena_small_table_step ... ok
test automaton::mutable_matcher::tests::test_merge_into_main_arena_via_patterns ... ok
test automaton::sparse_set::tests::test_sparse_set_basic ... ok
test automaton::mutable_matcher::tests::test_value_matcher_regexp_without_plus ... ok
test automaton::mutable_matcher::tests::test_value_matcher_regexp_with_plus ... ok
test automaton::sparse_set::tests::test_sparse_set_clear ... ok
test automaton::sparse_set::tests::test_sparse_set_resize ... ok
test automaton::sparse_set::tests::test_sparse_set_insertion_order ... ok
test automaton::tests::test_arena_small_table_with_mappings ... ok
test automaton::tests::test_arena_nfa_bufs_clear_observable_through_matching ... ok
test automaton::tests::test_core_matcher_exists_false ... ok
test automaton::mutable_matcher::tests::test_singleton_to_arena_transition ... ok
test automaton::tests::test_automaton_value_matcher_shellstyle_single ... ok
test automaton::tests::test_automaton_value_matcher_prefix ... ok
test automaton::tests::test_automaton_value_matcher_shellstyle_multiple ... ok
test automaton::tests::test_core_matcher_exists_true ... ok
test automaton::tests::test_automaton_value_matcher_mixed ... ok
test automaton::tests::test_core_matcher_multi_field_and ... ok
test automaton::tests::test_core_matcher_multi_field_partial_no_match ... ok
test automaton::tests::test_automaton_value_matcher_string ... ok
test automaton::mutable_matcher::tests::test_arena_migration_cidr_v4 ... ok
test automaton::tests::test_core_matcher_single_field_no_match ... ok
test automaton::tests::test_core_matcher_single_field_exact ... ok
test automaton::tests::test_field_matcher_with_match_id_stores_id ... ok
test automaton::tests::test_core_matcher_multiple_patterns ... ok
test automaton::tests::test_field_matcher_with_match_id_vs_default ... ok
test automaton::tests::test_nfa_buffers_clear ... ok
test automaton::tests::test_core_matcher_or_within_field ... ok
test automaton::tests::test_sparse_set_capacity_returns_correct_value ... ok
test automaton::tests::test_sparse_set_clear_is_effective ... ok
test automaton::tests::test_sparse_set_contains_after_multiple_inserts ... ok
test automaton::tests::test_sparse_set_contains_correctness ... ok
test automaton::tests::test_sparse_set_contains_cross_check ... ok
test automaton::tests::test_sparse_set_contains_rejects_uninserted_id ... ok
test automaton::tests::test_sparse_set_contains_single_element ... ok
test automaton::tests::test_sparse_set_fill_to_capacity ... ok
test automaton::tests::test_sparse_set_insert_after_clear_correctness ... ok
test automaton::tests::test_sparse_set_insert_increments_len ... ok
test automaton::tests::test_sparse_set_insert_return_value ... ok
test automaton::tests::test_sparse_set_no_stale_entries_after_clear ... ok
test automaton::tests::test_sparse_set_non_zero_ids_only ... ok
test automaton::tests::test_thread_safe_core_matcher_exists_false ... ok
test automaton::tests::test_thread_safe_core_matcher_exists_true ... ok
test automaton::tests::test_thread_safe_core_matcher_send_sync ... ok
test automaton::tests::test_thread_safe_core_matcher_no_match ... ok
test automaton::mutable_matcher::tests::test_merge_into_main_arena_boundary ... ok
test automaton::tests::test_thread_safe_core_matcher_single_field ... ok
test automaton::thread_safe::tests::test_add_pattern_exists_true ... ok
test automaton::tests::test_thread_safe_core_matcher_multiple_patterns ... ok
test automaton::thread_safe::tests::test_add_pattern_max_states_limit ... ok
test automaton::thread_safe::tests::test_arena_stats_non_zero ... ok
test automaton::thread_safe::tests::test_matches_for_fields_ref_exists_false ... ok
test automaton::thread_safe::tests::test_matches_for_fields_array_trail_conflict ... ok
test automaton::thread_safe::tests::test_automaton_value_matcher_prefix_match ... ok
test automaton::thread_safe::tests::test_matches_for_fields_ref_exists_false_with_value ... ok
test automaton::thread_safe::tests::test_thread_safe_core_matcher_basic ... ok
test automaton::thread_safe::tests::test_automaton_value_matcher_multi_count ... ok
test automaton::thread_safe::tests::test_tsm_exists_false_direct ... ok
test automaton::thread_safe::tests::test_automaton_value_matcher_string_match ... ok
test automaton::thread_safe::tests::test_tsm_exists_true_no_self_match_direct ... ok
test automaton::thread_safe::tests::test_tsm_exists_true_no_self_match_owned ... ok
test automaton::thread_safe::tests::test_automaton_value_matcher_shellstyle_match ... ok
test automaton::thread_safe::tests::test_tsm_exists_true_no_self_match_ref ... ok
test automaton::thread_safe::tests::test_tsm_multi_field_direct ... ok
test automaton::thread_safe::tests::test_tsm_multi_field_owned ... ok
test automaton::thread_safe::tests::test_tsm_multi_field_ref ... ok
test automaton::thread_safe::tests::test_tsm_no_self_match_direct ... ok
test automaton::thread_safe::tests::test_tsm_no_self_match_owned ... ok
test automaton::thread_safe::tests::transitions_size_must_stay_compact ... ok
test automaton::thread_safe::tests::test_tsm_no_self_match_ref ... ok
test case_folding::tests::test_ascii_case_folding ... ok
test case_folding::tests::test_case_folding_bidirectional ... ok
test case_folding::tests::test_old_hungarian_case_folding ... ok
test case_folding::tests::test_unicode_case_folding ... ok
test flatten_json::tests::test_error_invalid_json_structure ... ok
test flatten_json::tests::test_error_invalid_nested_object ... ok
test flatten_json::tests::test_error_invalid_value ... ok
test flatten_json::tests::test_error_skipping_never_ending_string ... ok
test flatten_json::tests::test_error_truncated_array ... ok
test flatten_json::tests::test_early_termination ... FAILED
test flatten_json::tests::test_array_simple ... FAILED
test flatten_json::tests::test_empty_object ... FAILED
test flatten_json::tests::test_error_truncated_string ... ok
test flatten_json::tests::test_error_truncated_object ... FAILED
test flatten_json::tests::test_escape_sequences ... FAILED
test flatten_json::tests::test_nested_object ... FAILED
test flatten_json::tests::test_number_value ... FAILED
test flatten_json::tests::test_simple_object ... FAILED
test flatten_json::tests::test_skip_array ... FAILED
test flatten_json::tests::test_skip_nested_object ... FAILED
test flatten_json::tests::test_skips_unused_fields ... FAILED
test flatten_json::tests::test_state_reuse ... FAILED
test flattener::tests::test_owned_field ... ok
test flatten_json::tests::test_unicode_escape ... FAILED
test flattener::tests::test_segments_tree_tracker_impl ... ok
test numbits::tests::test_bad_numbers ... ok
test numbits::tests::test_byte_variants ... ok
test numbits::tests::test_encoding_with_zero_numbits ... ok
test numbits::tests::test_float_variants ... ok
test numbits::tests::test_numbits_ordering_property ... ok
test numbits::tests::test_q_number_length ... ok
test numbits::tests::test_q_number_stack_is_empty_synthetic ... ok
test numbits::tests::test_ordering_random_miri_friendly ... ok
test numbits::tests::test_q_number_stack_len_matches_slice ... ok
test numbits::tests::test_q_number_stack_length ... ok
test numbits::tests::test_q_number_variants_equivalence ... ok
test numbits::tests::test_q_number_variants_random ... ok
test numbits::tests::test_wildly_varying_numbers_are_comparable ... ok
test numbits::tests::test_zero_handling ... ok
test regexp::parser::tests::test_detect_ascii_negated_bytes_mixed ... ok
test regexp::parser::tests::test_detect_ascii_negated_bytes_multiple_chars ... ok
test regexp::parser::tests::test_detect_ascii_negated_bytes_non_ascii ... ok
test regexp::parser::tests::test_detect_ascii_negated_bytes_range ... ok
test regexp::parser::tests::test_detect_ascii_negated_bytes_single_char ... ok
test regexp::parser::tests::test_detect_ascii_negated_bytes_too_many ... ok
test regexp::parser::tests::test_parse_negated_char_class_stores_ascii_bytes ... ok
test regexp::parser::tests::test_parse_negated_quote_class ... ok
test regexp::parser::tests::test_parse_negated_slash_class ... ok
test regexp::parser::tests::test_parse_negated_unicode_class_no_ascii_bytes ... ok
test regexp::parser::tests::test_parse_non_negated_class_no_ascii_bytes ... ok
test regexp::parser::tests::test_wb_dot_star_expansion ... ok
test regexp::parser::tests::test_wb_impossible_boundary_empty_tree ... ok
test regexp::parser::tests::test_wb_middle_boundary_expansion ... ok
test regexp::parser::tests::test_wb_parse_boundary_marker ... ok
test regexp::tests::test_arena_nfa_plus_simple ... ok
test regexp::tests::test_backreferences_not_supported ... ok
test regexp::tests::test_arena_nfa_email_pattern ... ok
test regexp::tests::test_invert_rune_range ... ok
test regexp::tests::test_clear_fa_shell_cache_works ... ok
test regexp::tests::test_lookaround_atom_properties ... ok
test regexp::tests::test_multi_char_escapes_in_class ... ok
test regexp::tests::test_multi_char_escapes_parse ... ok
test regexp::tests::test_multi_char_escape_with_quantifier ... ok
test regexp::tests::test_multi_char_escapes_nfa ... ok
test regexp::tests::test_nfa_empty_pattern ... ok
test regexp::tests::test_nfa_plus_quantifier ... ok
test regexp::tests::test_nfa_range_exact ... ok
test regexp::tests::test_nfa_positive_class_miri_friendly ... ok
test regexp::tests::test_nfa_range_bounded ... ok
test regexp::tests::test_nfa_simple_singleton ... ok
test regexp::tests::test_nfa_range_zero_min ... ok
test regexp::tests::test_arena_nfa_star_plus_miri_friendly ... ok
test regexp::tests::test_nfa_range_with_class ... ok
test regexp::tests::test_parse_alternation ... ok
test regexp::tests::test_nfa_star_quantifier ... ok
test regexp::tests::test_parse_char_class ... ok
test regexp::tests::test_parse_char_class_subtraction ... ok
test regexp::tests::test_parse_char_class_subtraction_alternation ... ok
test regexp::tests::test_parse_char_class_subtraction_depth_limit ... ok
test regexp::tests::test_parse_char_class_subtraction_negated_inner ... ok
test regexp::tests::test_parse_char_class_subtraction_negated_subtract ... ok
test regexp::tests::test_parse_char_class_subtraction_nested ... ok
test regexp::tests::test_parse_char_class_subtraction_no_overlap ... ok
test regexp::tests::test_parse_char_class_subtraction_single_chars_before_bracket ... ok
test regexp::tests::test_parse_char_class_subtraction_single_result ... ok
test regexp::tests::test_parse_char_class_subtraction_with_negated_outer ... ok
test regexp::tests::test_parse_char_range ... ok
test regexp::tests::test_parse_dot ... ok
test regexp::tests::test_parse_empty ... ok
test regexp::tests::test_parse_group ... ok
test regexp::tests::test_parse_invalid_unclosed_bracket ... ok
test regexp::tests::test_parse_lazy_quantifiers ... ok
test regexp::tests::test_parse_lookaround_supported ... ok
test regexp::tests::test_parse_negated_class ... ok
test regexp::tests::test_parse_nested_lookaround_rejected ... ok
test regexp::tests::test_parse_non_capturing_group ... ok
test regexp::tests::test_parse_non_capturing_nested ... ok
test regexp::tests::test_parse_optional ... ok
test regexp::tests::test_parse_plus ... ok
test regexp::tests::test_parse_range_quantifier ... ok
test regexp::tests::test_parse_simple ... ok
test regexp::tests::test_parse_star ... ok
test regexp::tests::test_parse_unsupported_group_extension ... ok
test regexp::tests::test_parse_variable_length_lookbehind_rejected ... ok
test regexp::tests::test_range_quantifier_equivalence_plus ... ok
test regexp::tests::test_range_quantifier_equivalence_question ... ok
test regexp::tests::test_range_quantifier_equivalence_miri_friendly ... ok
test regexp::tests::test_range_quantifier_equivalence_star ... ok
test regexp::tests::test_range_quantifier_exact_one ... ok
test regexp::tests::test_range_quantifier_exact_zero ... ok
test regexp::tests::test_range_quantifier_parse_errors ... ok
test regexp::tests::test_regexp_has_plus_star_returns_false ... ok
test regexp::tests::test_range_quantifier_larger_values ... ok
test regexp::tests::test_range_quantifier_with_group ... ok
test regexp::tests::test_range_quantifier_with_dot ... ok
test regexp::tests::test_shell_caching_cache_key ... ok
test regexp::tests::test_shell_caching_xml_escape_cache_keys ... ok
test regexp::tests::test_simplify_rune_range ... ok
test regexp::tests::test_shell_instantiation_with_epsilons ... ok
test regexp::tests::test_star_matches_empty ... ok
test regexp::tests::test_star_matches_empty_miri_friendly ... ok
test regexp::tests::test_subtract_rune_range_complete_overlap ... ok
test regexp::tests::test_subtract_rune_range_basic ... ok
test regexp::tests::test_subtract_rune_range_multiple_holes ... ok
test regexp::tests::test_subtract_rune_range_empty_subtract ... ok
test regexp::tests::test_subtract_rune_range_no_overlap ... ok
test regexp::tests::test_subtract_rune_range_prefix_removal ... ok
test regexp::tests::test_subtract_rune_range_suffix_removal ... ok
test regexp::tests::test_toxic_stack_arena ... ok
test regexp::tests::test_zero_quantifier ... ok
test segments_tree::tests::test_both_field_and_node ... ok
test segments_tree::tests::test_duplicate_add ... ok
test segments_tree::tests::test_is_root ... ok
test segments_tree::tests::test_multiple_paths ... ok
test segments_tree::tests::test_nested_path ... ok
test segments_tree::tests::test_node_then_field ... ok
test segments_tree::tests::test_path_arc_for_segment ... ok
test segments_tree::tests::test_single_field ... ok
test tests_core::test_arena_budget_enforced_on_repeated_exact_strings ... ok
test tests_core::test_and_across_fields ... FAILED
test tests_core::test_arena_budget_custom ... ok
test tests_core::test_arena_budget_exceeded ... ok
test tests_core::test_arena_error_includes_bytes ... ok
test tests_core::test_array_cross_element_matching ... FAILED
test tests_core::test_array_cross_element_comprehensive ... FAILED
test tests_core::test_arena_budget_sufficient ... ok
test tests_core::test_auto_rebuild_disabled_miri_friendly ... FAILED
test tests_core::test_auto_rebuild_disabled ... FAILED
test tests_core::test_array_element_matching ... FAILED
test tests_core::test_bad_pattern_error_handling ... ok
test tests_core::test_bad_event_error_handling ... FAILED
test tests_core::test_boolean_match ... FAILED
test tests_core::test_builder_basic ... ok
test tests_core::test_builder_default ... ok
test tests_core::test_builder_combined_options ... FAILED
test tests_core::test_builder_generic_type ... FAILED
test tests_core::test_builder_with_auto_rebuild ... ok
test tests_core::test_builder_with_arena_byte_budget_is_applied ... ok
test numbits::tests::test_ordering_random ... ok
test tests_core::test_builder_with_flattener_blocks_second_call ... ok
test tests_core::test_builder_with_auto_rebuild_is_applied ... ok
test tests_core::test_builder_with_invalid_media_type ... ok
test tests_core::test_builder_with_flattener_is_used ... ok
test tests_core::test_builder_with_max_fields_per_pattern_is_applied ... ok
test tests_core::test_builder_with_max_pattern_depth_is_applied ... ok
test tests_core::test_builder_with_max_states_per_pattern_is_applied ... ok
test tests_core::test_builder_with_media_type_json ... ok
test tests_core::test_builder_with_media_type_sets_validated_flag ... ok
test tests_core::test_condition_cost_ordering ... ok
test tests_core::test_clone_preserves_arena_budget ... ok
test tests_core::test_clone_for_snapshot ... FAILED
test tests_core::test_contains_pattern_after_delete ... ok
test tests_core::test_count_matches ... FAILED
test tests_core::test_custom_flattener_basic ... ok
test tests_core::test_contains_pattern_basic ... ok
test tests_core::test_custom_flattener_no_match ... ok
test tests_core::test_custom_flattener_clone ... ok
test tests_core::test_deeply_nested ... FAILED
test tests_core::test_custom_flattener_with_numbers ... ok
test tests_core::test_delete_already_deleted_pattern_is_noop ... ok
test tests_core::test_delete_nonexistent_pattern_is_noop ... ok
test tests_core::test_delete_multi_pattern_id_removes_all ... FAILED
test tests_core::test_depth_error_includes_path ... ok
test tests_core::test_empty_matcher_returns_no_matches ... FAILED
test tests_core::test_delete_patterns ... FAILED
test tests_core::test_errors_return_pattern_too_complex_variant ... ok
test tests_core::test_exact_match ... FAILED
test tests_core::test_exists_false ... FAILED
test tests_core::test_exists_true ... FAILED
test tests_core::test_default_limits_allow_normal_patterns_miri_friendly ... ok
test tests_core::test_field_count_error_includes_count ... ok
test tests_core::test_exists_with_empty_array ... FAILED
test tests_core::test_flatten_only_returns_field_count ... FAILED
test tests_core::test_field_name_ordering_with_exists ... FAILED
test tests_core::test_flatten_only_single_field ... FAILED
test tests_core::test_flatten_only_untracked_fields_ignored ... FAILED
test tests_core::test_has_matches ... FAILED
test tests_core::test_idempotent_add_and_delete ... FAILED
test tests_core::test_invalid_json_events ... ok
test tests_core::test_invalid_pattern_handling ... ok
test tests_core::test_invalid_pattern_validation ... ok
test tests_core::test_json_flattener_through_trait ... FAILED
test tests_core::test_list_pattern_ids_basic ... ok
test tests_core::test_list_pattern_ids_excludes_deleted ... ok
test tests_core::test_matcher_correct_after_rejected_pattern ... FAILED
test tests_core::test_arena_stats_workloads ... FAILED
test tests_core::test_mixed_string_and_number_patterns_same_digits ... FAILED
test tests_core::test_mixed_number_and_string_in_same_value_array ... FAILED
test tests_core::test_multi_condition_pattern_fields ... ok
test tests_core::test_multiple_patterns_same_id ... FAILED
test tests_core::test_nested_object_pattern ... FAILED
test tests_core::test_no_match ... FAILED
test tests_core::test_numbits_boundary_values ... ok
test tests_core::test_null_match ... FAILED
test tests_core::test_numeric_match ... FAILED
test tests_core::test_numeric_variant_matching ... FAILED
test tests_core::test_numeric_pattern_should_not_match_string_event ... FAILED
test tests_core::test_or_within_field ... FAILED
test tests_core::test_pattern_count_and_clear ... ok
test tests_core::test_pattern_depth_custom_limit ... ok
test tests_core::test_pattern_depth_shallow_ok ... ok
test tests_core::test_pattern_depth_exceeds_limit ... ok
test tests_core::test_pattern_fields_at_limit_miri_friendly ... ok
test tests_core::test_pattern_fields_custom_limit ... ok
test tests_core::test_pattern_depth_at_limit ... ok
test tests_core::test_pruner_stats ... FAILED
test tests_core::test_pruner_stats_clone ... ok
test tests_core::test_pruner_stats_clone_preserves_values ... ok
test tests_core::test_pattern_fields_exceeds_limit ... ok
test tests_core::test_pruner_stats_unit_add_and_read ... ok
test tests_core::test_rebuild_after_delete ... FAILED
test tests_core::test_rebuild_zero_filtered_denominator ... FAILED
test tests_core::test_send_sync ... ok
test tests_core::test_same_pattern_id_multiple_value_types ... FAILED
test tests_core::test_pattern_fields_at_limit ... ok
test tests_core::test_should_rebuild_boundary ... ok
test tests_core::test_should_rebuild_boundary_cases ... ok
test tests_core::test_numbits_to_qnumber_utf8 ... ok
test tests_core::test_should_rebuild_threshold ... FAILED
test tests_core::test_with_flattener_cannot_be_set_twice ... ok
test tests_core::test_state_limit_default_allows_normal_patterns ... FAILED
test tests_core::test_string_number_type_distinction ... FAILED
test tests_core::test_with_flattener_conflicts_with_media_type ... ok
test tests_core::test_zero_budget_panics - should panic ... ok
test tests_core::test_zero_depth_panics - should panic ... ok
test tests_core::test_zero_fields_panics - should panic ... ok
test tests_core::test_state_limit_exceeded ... ok
test tests_core::test_zero_states_panics - should panic ... ok
test tests_operators::test_anything_but ... FAILED
test tests_operators::test_anything_but_numeric ... FAILED
test tests_operators::test_anything_but_numeric_array ... FAILED
test tests_operators::test_anything_but_numeric_float ... FAILED
test tests_operators::test_anything_but_numeric_single ... FAILED
test tests_operators::test_anything_but_prefix_relationship ... FAILED
test tests_operators::test_anything_but_single_string ... FAILED
test tests_operators::test_anything_but_validation ... ok
test tests_core::test_default_limits_allow_normal_patterns ... ok
test tests_operators::test_anything_but_with_overlapping_exclusions ... FAILED
test tests_operators::test_cidr_invalid_patterns ... ok
test tests_operators::test_anything_but_wordle_words ... FAILED
test tests_operators::test_anything_but_with_shellstyle ... FAILED
test tests_operators::test_cidr_ipv4_prefix_mask_boundary ... FAILED
test tests_operators::test_anything_but_with_exact_match ... FAILED
test tests_operators::test_cidr_ipv6_basic ... FAILED
test tests_operators::test_cidr_ipv6_group_limit ... FAILED
test tests_operators::test_cidr_ipv6_double_colon_variations ... FAILED
test tests_operators::test_cidr_ipv4_basic ... FAILED
test tests_operators::test_cidr_ipv6_invalid_formats ... ok
test tests_operators::test_cidr_ipv6_shorthand ... FAILED
test tests_operators::test_cidr_ipv4_prefix_various_lengths ... FAILED
test tests_operators::test_empty_regex_matches_empty_string ... FAILED
test tests_operators::test_equals_ignore_case ... FAILED
test tests_operators::test_equals_ignore_case_length_boundaries ... FAILED
test tests_operators::test_equals_ignore_case_multiple_patterns ... FAILED
test tests_operators::test_equals_ignore_case_unicode ... FAILED
test tests_operators::test_cidr_non_ip_values ... FAILED
test tests_operators::test_exact_added_before_lookahead_on_same_field ... FAILED
test tests_operators::test_cidr_miri_lightweight ... FAILED
test tests_operators::test_equals_ignore_case_with_exact_match ... FAILED
test tests_operators::test_json_all_escape_sequences ... FAILED
test tests_operators::test_cidr_with_other_matchers ... FAILED
test tests_operators::test_json_escape_sequences ... FAILED
test tests_operators::test_exists_false_ordering ... FAILED
test tests_operators::test_lookaround_buffer_reuse_no_stale_state ... FAILED
test tests_operators::test_lookahead_with_exact_on_same_field ... FAILED
test tests_operators::test_lookaround_buffer_reuse_no_stale_state_miri_friendly ... FAILED
test tests_operators::test_lookaround_multiple_conditions_no_cross_contamination ... FAILED
test tests_operators::test_lookaround_multiple_conditions_no_cross_contamination_miri_friendly ... FAILED
test tests_operators::test_lookaround_pattern_parsing ... ok
test tests_operators::test_lookaround_pattern_add_to_quamina ... ok
test tests_operators::test_lookaround_primary_match ... FAILED
test tests_operators::test_lookaround_rejected_patterns ... ok
test tests_operators::test_lookbehind_match ... FAILED
test tests_operators::test_negative_lookahead_match ... FAILED
test tests_operators::test_multiple_shellstyle_same_field ... FAILED
test tests_operators::test_lookaround_transformation ... FAILED
test tests_operators::test_negative_lookbehind_match ... FAILED
test tests_operators::test_multiple_overlapping_shellstyle_patterns ... FAILED
test tests_operators::test_numeric_equals ... FAILED
test tests_operators::test_numeric_greater_than ... FAILED
test tests_operators::test_nested_transmap_safety_miri_friendly ... FAILED
test tests_operators::test_numeric_range ... FAILED
test tests_operators::test_numeric_scientific_notation ... FAILED
test tests_operators::test_nwb_start_word_err ... ok
test tests_operators::test_nwb_start_nonword ... FAILED
test tests_operators::test_nwb_underscore_is_word_char ... FAILED
test tests_operators::test_nwb_word_to_nonword_err ... ok
test tests_operators::test_nested_transmap_safety ... FAILED
test tests_operators::test_nwb_word_to_word ... FAILED
test tests_operators::test_overlapping_exact_match_patterns ... FAILED
test tests_operators::test_prefix_match ... FAILED
test tests_operators::test_overlapping_shellstyle_nesting_miri_friendly ... FAILED
test tests_operators::test_regex_alternation ... FAILED
test tests_operators::test_positive_lookahead_match ... FAILED
test tests_operators::test_regex_character_class ... FAILED
test tests_operators::test_regex_match ... FAILED
test tests_operators::test_regex_various_patterns ... FAILED
test tests_operators::test_regexp_end2end ... FAILED
test tests_operators::test_regexp_samples_exist ... ok
test tests_operators::test_regex_with_escape ... FAILED
test tests_operators::test_regexp_simple_optional ... FAILED
test tests_operators::test_shellstyle_complex_wildcards ... FAILED
test tests_operators::test_overlapping_shellstyle_nesting ... FAILED
test tests_operators::test_shellstyle_contains ... FAILED
test tests_operators::test_shellstyle_contains_negative ... FAILED
test tests_operators::test_shellstyle_double_wildcard ... FAILED
test tests_operators::test_shellstyle_double_wildcard_variations ... FAILED
test tests_operators::test_shellstyle_infix ... FAILED
test tests_operators::test_shellstyle_long_case ... FAILED
test tests_operators::test_shellstyle_multiple_wildcards ... FAILED
test tests_operators::test_shellstyle_prefix ... FAILED
test tests_operators::test_shellstyle_duplicate_pattern ... FAILED
test tests_operators::test_shellstyle_prefix_negative ... FAILED
test tests_operators::test_shellstyle_repeated_sequences ... FAILED
test tests_operators::test_shellstyle_suffix ... FAILED
test tests_operators::test_shellstyle_ruler_negative_cases ... FAILED
test tests_operators::test_shellstyle_suffix_merged_bug ... FAILED
test tests_operators::test_shellstyle_suffix_negative ... FAILED
test tests_operators::test_shellstyle_subset_overlap_same_field ... FAILED
test tests_operators::test_shellstyle_suffix_with_space ... FAILED
test tests_operators::test_shellstyle_zero_length_prefix ... FAILED
test tests_operators::test_suffix ... FAILED
test tests_operators::test_singleton_hit_and_multi_condition_hit_same_value ... FAILED
test tests_operators::test_unicode_escape_emoji ... FAILED
test tests_operators::test_unicode_escape_in_event ... FAILED
test tests_operators::test_wb_digit_to_space ... FAILED
test tests_operators::test_three_level_nesting_miri_friendly ... FAILED
test tests_operators::test_wb_end_non_word_char ... FAILED
test tests_operators::test_wb_end_word_char ... FAILED
test tests_operators::test_three_level_nesting ... FAILED
test tests_operators::test_wb_middle_nonword_to_word ... FAILED
test tests_operators::test_wb_middle_word_to_word_err ... ok
test tests_operators::test_wb_middle_word_to_nonword ... FAILED
test regexp::tests::test_shell_caching_independent_categories ... ok
test tests_operators::test_wb_optional_quantifier ... FAILED
test tests_operators::test_wb_plus_quantifier ... FAILED
test regexp::tests::test_shell_cache_instantiate_epsilon_remap ... ok
test tests_operators::test_wb_range_quantifier ... FAILED
test tests_operators::test_wb_start_non_word_char ... FAILED
test tests_operators::test_wb_underscore_is_word_char ... ok
test tests_operators::test_wb_start_word_char ... FAILED
test tests_operators::test_wb_utf8_multibyte ... FAILED
test tests_operators::test_wb_utf8_emoji_boundary ... FAILED
test tests_operators::test_wb_utf8_nonword_to_word ... FAILED
test tests_operators::test_wb_whole_word_at_end ... FAILED
test tests_operators::test_wb_with_char_class ... FAILED
test tests_operators::test_wb_with_dot ... FAILED
test tests_operators::test_wildcard_comprehensive ... FAILED
test tests_operators::test_wb_whole_word_match ... FAILED
test tests_operators::test_wb_whole_word_at_start ... FAILED
test tests_operators::test_wb_whole_word_no_match ... FAILED
test tests_operators::test_wildcard_contains ... FAILED
test regexp::tests::test_shell_caching_nfa_correctness ... ok
test tests_operators::test_wb_whole_word_only ... FAILED
test tests_operators::test_wildcard_escape_backslash_star ... FAILED
test tests_operators::test_wildcard_escape_backslash ... FAILED
test tests_operators::test_wildcard_escape_backslash_wildcard ... FAILED
test tests_operators::test_wildcard_escape_star ... FAILED
test tests_operators::test_wildcard_escape_sequences_comprehensive ... FAILED
test tests_operators::test_wildcard_invalid_patterns ... ok
test tests_operators::test_wildcard_invalid_escape_sequences ... ok
test tests_operators::test_wildcard_matches_empty_string ... FAILED
test tests_operators::test_wildcard_multi_patterns_basic ... FAILED
test tests_operators::test_wildcard_multi_patterns_infix_exact ... FAILED
test tests_operators::test_wildcard_multi_patterns_infix_exact2 ... FAILED
test tests_operators::test_wildcard_multi_patterns_double_exact ... FAILED
test tests_operators::test_wildcard_multi_patterns_double_exact2 ... FAILED
test tests_operators::test_wildcard_multi_patterns_complex1 ... FAILED
test tests_operators::test_wildcard_multi_patterns_infix_pair ... FAILED
test tests_operators::test_wildcard_multi_patterns_prefix_exact ... FAILED
test tests_operators::test_wildcard_multi_patterns_overlap2 ... FAILED
test tests_operators::test_wildcard_multi_patterns_complex2 ... FAILED
test tests_operators::test_wildcard_multi_patterns_prefix_suffix ... FAILED
test tests_operators::test_wildcard_multi_patterns_prefix_pair ... FAILED
test tests_operators::test_wildcard_multi_patterns_suffix_double2 ... FAILED
test tests_operators::test_wildcard_multi_patterns_overlap1 ... FAILED
test tests_operators::test_wildcard_multi_patterns_suffix_exact ... FAILED
test tests_operators::test_wildcard_multi_patterns_suffix_exact2 ... FAILED
test tests_operators::test_wildcard_multi_patterns_suffix_double ... FAILED
test tests_operators::test_wildcard_multi_patterns_suffix_infix2 ... FAILED
test tests_operators::test_wildcard_multi_patterns_suffix_infix ... FAILED
test tests_operators::test_wildcard_suffix ... FAILED
test tests_operators::test_wildcard_syntax_errors ... ok
test tests_operators::test_wildcard_prefix ... FAILED
test tests_operators::test_wildcard_multi_patterns_prefix_suffix2 ... FAILED
test tests_operators::test_wildcard_multi_patterns_suffix_pair ... FAILED
test tests_operators::test_wildcard_unicode_strings ... FAILED
test tests_stress::test_arc_field_matcher_sharing ... FAILED
test tests_stress::test_arc_concurrent_read_write ... FAILED
test tests_stress::test_break_500_limit ... ignored
test tests_stress::test_arc_snapshot_isolation ... FAILED
test tests_operators::test_wildcard_multi_patterns_zero_expansion ... FAILED
test tests_stress::test_concurrent_miri_friendly ... FAILED
test tests_stress::test_exercise_matching_comprehensive ... FAILED
test tests_stress::test_concurrent_citylots_stress ... FAILED
test tests_stress::test_arc_pattern_lifecycle ... FAILED
test tests_stress::test_invalid_utf8_dot_rejection ... ok
test tests_stress::test_exercise_matching_miri_friendly ... FAILED
test tests_stress::test_bulk_add_correctness ... FAILED
test tests_stress::test_json_escape_all_eight ... FAILED
test tests_stress::test_memory_cleanup_miri_friendly ... FAILED
test tests_stress::test_multiple_patterns_same_id_comprehensive ... FAILED
test tests_stress::test_numbits_ordering_through_range ... FAILED
test tests_stress::test_numbits_through_numeric_matching ... FAILED
test tests_stress::test_multiple_shellstyle_citylots_patterns ... FAILED
test tests_stress::test_arc_memory_cleanup ... FAILED
test tests_stress::test_stress_citylots2_operators ... ok
test tests_stress::test_pathological_correctness_miri_friendly ... FAILED
test tests_operators::test_cidr_ipv4_various_prefixes ... FAILED
test tests_stress::test_unicode_escape_mixed_codepoints ... FAILED
test tests_stress::test_unicode_escape_multiple_emojis ... FAILED
test tests_stress::test_unicode_escape_standard_escapes ... FAILED
test tests_stress::test_unicode_field_names ... FAILED
test tests_stress::test_unicode_field_names_surrogate_pairs ... FAILED
test tests_stress::test_unicode_member_names ... FAILED
test tests_stress::test_utf16_surrogate_pairs ... FAILED
test unicode_categories::tests::test_ascii_in_ll ... ok
test unicode_categories::tests::test_ascii_in_lu ... ok
test unicode_categories::tests::test_block_lookup ... ok
test unicode_categories::tests::test_category_lookup ... ok
test unicode_categories::tests::test_digit_in_nd ... ok
test tests_stress::test_pathological_correctness ... FAILED
test tests_stress::test_pattern_insertion_scales_linearly ... FAILED
test regexp::tests::test_negated_unicode_char_no_ascii_fast_path ... ok
test regexp::tests::test_negated_class_nfa ... ok
test regexp::tests::test_negated_single_char_ascii_fast_path ... ok
test regexp::tests::test_shell_caching_negated_independent ... ok
test regexp::tests::test_negated_category_star_edge_cases ... ok
test regexp::tests::test_xml_escapes_nfa ... ok
test tests_stress::test_stress_fuzz_strings ... FAILED
test tests_stress::test_stress_fuzz_numbers ... FAILED
test tests_stress::test_concurrent_update_during_matching ... FAILED
test tests_operators::test_regexp_validity ... ok

failures:

---- flatten_json::tests::test_early_termination stdout ----

thread 'flatten_json::tests::test_early_termination' (3309599) panicked at src/flatten_json.rs:938:50:
called `Result::unwrap()` on an `Err` value: InvalidJson("at line 1 col 1: garbage char '\"' after top-level object")

---- flatten_json::tests::test_array_simple stdout ----

thread 'flatten_json::tests::test_array_simple' (3309598) panicked at src/flatten_json.rs:923:50:
called `Result::unwrap()` on an `Err` value: InvalidJson("at line 1 col 1: garbage char '\"' after top-level object")
note: run with `RUST_BACKTRACE=1` environment variable to display a backtrace

---- flatten_json::tests::test_empty_object stdout ----

thread 'flatten_json::tests::test_empty_object' (3309600) panicked at src/flatten_json.rs:972:50:
called `Result::unwrap()` on an `Err` value: InvalidJson("at line 1 col 1: garbage char '}' after top-level object")

---- flatten_json::tests::test_error_truncated_object stdout ----

thread 'flatten_json::tests::test_error_truncated_object' (3309606) panicked at src/flatten_json.rs:1041:13:
Should reject truncated JSON: {

---- flatten_json::tests::test_escape_sequences stdout ----

thread 'flatten_json::tests::test_escape_sequences' (3309608) panicked at src/flatten_json.rs:949:50:
called `Result::unwrap()` on an `Err` value: InvalidJson("at line 1 col 1: garbage char '\"' after top-level object")

---- flatten_json::tests::test_nested_object stdout ----

thread 'flatten_json::tests::test_nested_object' (3309609) panicked at src/flatten_json.rs:887:50:
called `Result::unwrap()` on an `Err` value: InvalidJson("at line 1 col 1: garbage char '\"' after top-level object")

---- flatten_json::tests::test_number_value stdout ----

thread 'flatten_json::tests::test_number_value' (3309610) panicked at src/flatten_json.rs:911:50:
called `Result::unwrap()` on an `Err` value: InvalidJson("at line 1 col 1: garbage char '\"' after top-level object")

---- flatten_json::tests::test_simple_object stdout ----

thread 'flatten_json::tests::test_simple_object' (3309611) panicked at src/flatten_json.rs:875:50:
called `Result::unwrap()` on an `Err` value: InvalidJson("at line 1 col 1: garbage char '\"' after top-level object")

---- flatten_json::tests::test_skip_array stdout ----

thread 'flatten_json::tests::test_skip_array' (3309612) panicked at src/flatten_json.rs:993:50:
called `Result::unwrap()` on an `Err` value: InvalidJson("at line 1 col 1: garbage char '\"' after top-level object")

---- flatten_json::tests::test_skip_nested_object stdout ----

thread 'flatten_json::tests::test_skip_nested_object' (3309613) panicked at src/flatten_json.rs:982:50:
called `Result::unwrap()` on an `Err` value: InvalidJson("at line 1 col 1: garbage char '\"' after top-level object")

---- flatten_json::tests::test_skips_unused_fields stdout ----

thread 'flatten_json::tests::test_skips_unused_fields' (3309614) panicked at src/flatten_json.rs:899:50:
called `Result::unwrap()` on an `Err` value: InvalidJson("at line 1 col 1: garbage char '\"' after top-level object")

---- flatten_json::tests::test_state_reuse stdout ----

thread 'flatten_json::tests::test_state_reuse' (3309615) panicked at src/flatten_json.rs:1009:56:
called `Result::unwrap()` on an `Err` value: InvalidJson("at line 1 col 1: garbage char '\"' after top-level object")

---- flatten_json::tests::test_unicode_escape stdout ----

thread 'flatten_json::tests::test_unicode_escape' (3309616) panicked at src/flatten_json.rs:961:50:
called `Result::unwrap()` on an `Err` value: InvalidJson("at line 1 col 1: garbage char '\"' after top-level object")

---- tests_core::test_and_across_fields stdout ----

thread 'tests_core::test_and_across_fields' (3309743) panicked at src/tests_core.rs:272:5:
called `Result::unwrap()` on an `Err` value: InvalidJson("at line 1 col 1: garbage char '\"' after top-level object")

---- tests_core::test_array_cross_element_matching stdout ----

thread 'tests_core::test_array_cross_element_matching' (3309751) panicked at src/tests_core.rs:193:5:
called `Result::unwrap()` on an `Err` value: InvalidJson("at line 1 col 1: garbage char '\"' after top-level object")

---- tests_core::test_array_cross_element_comprehensive stdout ----

thread 'tests_core::test_array_cross_element_comprehensive' (3309750) panicked at src/tests_core.rs:230:5:
called `Result::unwrap()` on an `Err` value: InvalidJson("at line 2 col 9: garbage char '\"' after top-level object")

---- tests_core::test_auto_rebuild_disabled_miri_friendly stdout ----

thread 'tests_core::test_auto_rebuild_disabled_miri_friendly' (3309754) panicked at src/tests_core.rs:549:44:
called `Result::unwrap()` on an `Err` value: InvalidJson("at line 1 col 1: garbage char '\"' after top-level object")

---- tests_core::test_auto_rebuild_disabled stdout ----

thread 'tests_core::test_auto_rebuild_disabled' (3309753) panicked at src/tests_core.rs:524:44:
called `Result::unwrap()` on an `Err` value: InvalidJson("at line 1 col 1: garbage char '\"' after top-level object")

---- tests_core::test_array_element_matching stdout ----

thread 'tests_core::test_array_element_matching' (3309752) panicked at src/tests_core.rs:169:5:
called `Result::unwrap()` on an `Err` value: InvalidJson("at line 1 col 1: garbage char '\"' after top-level object")

---- tests_core::test_bad_event_error_handling stdout ----

thread 'tests_core::test_bad_event_error_handling' (3309755) panicked at src/tests_core.rs:722:5:
assertion failed: q.matches_for_event(b"{").is_err()

---- tests_core::test_boolean_match stdout ----

thread 'tests_core::test_boolean_match' (3309757) panicked at src/tests_core.rs:65:5:
called `Result::unwrap()` on an `Err` value: InvalidJson("at line 1 col 1: garbage char '\"' after top-level object")

---- tests_core::test_builder_combined_options stdout ----

thread 'tests_core::test_builder_combined_options' (3309759) panicked at src/tests_core.rs:813:10:
called `Result::unwrap()` on an `Err` value: InvalidJson("at line 1 col 1: garbage char '\"' after top-level object")

---- tests_core::test_builder_generic_type stdout ----

thread 'tests_core::test_builder_generic_type' (3309761) panicked at src/tests_core.rs:830:65:
called `Result::unwrap()` on an `Err` value: InvalidJson("at line 1 col 1: garbage char '\"' after top-level object")

---- tests_core::test_clone_for_snapshot stdout ----

thread 'tests_core::test_clone_for_snapshot' (3309773) panicked at src/tests_core.rs:573:5:
called `Result::unwrap()` on an `Err` value: InvalidJson("at line 1 col 1: garbage char '\"' after top-level object")

---- tests_core::test_count_matches stdout ----

thread 'tests_core::test_count_matches' (3309778) panicked at src/tests_core.rs:606:14:
called `Result::unwrap()` on an `Err` value: InvalidJson("at line 1 col 1: garbage char '\"' after top-level object")

---- tests_core::test_deeply_nested stdout ----

thread 'tests_core::test_deeply_nested' (3309783) panicked at src/tests_core.rs:155:5:
called `Result::unwrap()` on an `Err` value: InvalidJson("at line 1 col 1: garbage char '\"' after top-level object")

---- tests_core::test_delete_multi_pattern_id_removes_all stdout ----

thread 'tests_core::test_delete_multi_pattern_id_removes_all' (3309787) panicked at src/tests_core.rs:1552:5:
called `Result::unwrap()` on an `Err` value: InvalidJson("at line 1 col 1: garbage char '\"' after top-level object")

---- tests_core::test_empty_matcher_returns_no_matches stdout ----

thread 'tests_core::test_empty_matcher_returns_no_matches' (3309791) panicked at src/tests_core.rs:1499:5:
called `Result::unwrap()` on an `Err` value: InvalidJson("at line 1 col 1: garbage char '\"' after top-level object")

---- tests_core::test_delete_patterns stdout ----

thread 'tests_core::test_delete_patterns' (3309789) panicked at src/tests_core.rs:293:5:
called `Result::unwrap()` on an `Err` value: InvalidJson("at line 1 col 1: garbage char '\"' after top-level object")

---- tests_core::test_exact_match stdout ----

thread 'tests_core::test_exact_match' (3309793) panicked at src/tests_core.rs:25:5:
called `Result::unwrap()` on an `Err` value: InvalidJson("at line 1 col 1: garbage char '\"' after top-level object")

---- tests_core::test_exists_false stdout ----

thread 'tests_core::test_exists_false' (3309794) panicked at src/tests_core.rs:109:5:
called `Result::unwrap()` on an `Err` value: InvalidJson("at line 1 col 1: garbage char '\"' after top-level object")

---- tests_core::test_exists_true stdout ----

thread 'tests_core::test_exists_true' (3309795) panicked at src/tests_core.rs:92:5:
called `Result::unwrap()` on an `Err` value: InvalidJson("at line 1 col 1: garbage char '\"' after top-level object")

---- tests_core::test_exists_with_empty_array stdout ----

thread 'tests_core::test_exists_with_empty_array' (3309796) panicked at src/tests_core.rs:124:5:
called `Result::unwrap()` on an `Err` value: InvalidJson("at line 1 col 1: garbage char '\"' after top-level object")

---- tests_core::test_flatten_only_returns_field_count stdout ----

thread 'tests_core::test_flatten_only_returns_field_count' (3309799) panicked at src/tests_core.rs:2279:56:
called `Result::unwrap()` on an `Err` value: InvalidJson("at line 1 col 1: garbage char '\"' after top-level object")

---- tests_core::test_field_name_ordering_with_exists stdout ----

thread 'tests_core::test_field_name_ordering_with_exists' (3309798) panicked at src/tests_core.rs:1064:5:
called `Result::unwrap()` on an `Err` value: InvalidJson("at line 1 col 1: garbage char '\"' after top-level object")

---- tests_core::test_flatten_only_single_field stdout ----

thread 'tests_core::test_flatten_only_single_field' (3309800) panicked at src/tests_core.rs:2287:56:
called `Result::unwrap()` on an `Err` value: InvalidJson("at line 1 col 1: garbage char '\"' after top-level object")

---- tests_core::test_flatten_only_untracked_fields_ignored stdout ----

thread 'tests_core::test_flatten_only_untracked_fields_ignored' (3309801) panicked at src/tests_core.rs:2297:56:
called `Result::unwrap()` on an `Err` value: InvalidJson("at line 1 col 1: garbage char '\"' after top-level object")

---- tests_core::test_has_matches stdout ----

thread 'tests_core::test_has_matches' (3309802) panicked at src/tests_core.rs:590:65:
called `Result::unwrap()` on an `Err` value: InvalidJson("at line 1 col 1: garbage char '\"' after top-level object")

---- tests_core::test_idempotent_add_and_delete stdout ----

thread 'tests_core::test_idempotent_add_and_delete' (3309803) panicked at src/tests_core.rs:1521:5:
called `Result::unwrap()` on an `Err` value: InvalidJson("at line 1 col 1: garbage char '\"' after top-level object")

---- tests_core::test_json_flattener_through_trait stdout ----

thread 'tests_core::test_json_flattener_through_trait' (3309807) panicked at src/tests_core.rs:1010:10:
called `Result::unwrap()` on an `Err` value: InvalidJson("at line 1 col 1: garbage char '\"' after top-level object")

---- tests_core::test_matcher_correct_after_rejected_pattern stdout ----

thread 'tests_core::test_matcher_correct_after_rejected_pattern' (3309810) panicked at src/tests_core.rs:2125:5:
called `Result::unwrap()` on an `Err` value: InvalidJson("at line 1 col 1: garbage char '\"' after top-level object")

---- tests_core::test_arena_stats_workloads stdout ----

thread 'tests_core::test_arena_stats_workloads' (3309749) panicked at src/tests_core.rs:2779:54:
called `Result::unwrap()` on an `Err` value: InvalidJson("at line 1 col 1: garbage char '\"' after top-level object")

---- tests_core::test_mixed_string_and_number_patterns_same_digits stdout ----

thread 'tests_core::test_mixed_string_and_number_patterns_same_digits' (3309812) panicked at src/tests_core.rs:1419:5:
called `Result::unwrap()` on an `Err` value: InvalidJson("at line 1 col 1: garbage char '\"' after top-level object")

---- tests_core::test_mixed_number_and_string_in_same_value_array stdout ----

thread 'tests_core::test_mixed_number_and_string_in_same_value_array' (3309811) panicked at src/tests_core.rs:1442:5:
called `Result::unwrap()` on an `Err` value: InvalidJson("at line 1 col 1: garbage char '\"' after top-level object")

---- tests_core::test_multiple_patterns_same_id stdout ----

thread 'tests_core::test_multiple_patterns_same_id' (3309814) panicked at src/tests_core.rs:248:5:
called `Result::unwrap()` on an `Err` value: InvalidJson("at line 1 col 1: garbage char '\"' after top-level object")

---- tests_core::test_nested_object_pattern stdout ----

thread 'tests_core::test_nested_object_pattern' (3309815) panicked at src/tests_core.rs:143:5:
called `Result::unwrap()` on an `Err` value: InvalidJson("at line 1 col 1: garbage char '\"' after top-level object")

---- tests_core::test_no_match stdout ----

thread 'tests_core::test_no_match' (3309816) panicked at src/tests_core.rs:31:5:
called `Result::unwrap()` on an `Err` value: InvalidJson("at line 1 col 1: garbage char '\"' after top-level object")

---- tests_core::test_null_match stdout ----

thread 'tests_core::test_null_match' (3309817) panicked at src/tests_core.rs:76:5:
called `Result::unwrap()` on an `Err` value: InvalidJson("at line 1 col 1: garbage char '\"' after top-level object")

---- tests_core::test_numeric_match stdout ----

thread 'tests_core::test_numeric_match' (3309820) panicked at src/tests_core.rs:37:5:
called `Result::unwrap()` on an `Err` value: InvalidJson("at line 1 col 1: garbage char '\"' after top-level object")

---- tests_core::test_numeric_variant_matching stdout ----

thread 'tests_core::test_numeric_variant_matching' (3309822) panicked at src/tests_core.rs:58:9:
called `Result::unwrap()` on an `Err` value: InvalidJson("at line 1 col 1: garbage char '\"' after top-level object")

---- tests_core::test_numeric_pattern_should_not_match_string_event stdout ----

thread 'tests_core::test_numeric_pattern_should_not_match_string_event' (3309821) panicked at src/tests_core.rs:1398:5:
called `Result::unwrap()` on an `Err` value: InvalidJson("at line 1 col 1: garbage char '\"' after top-level object")

---- tests_core::test_or_within_field stdout ----

thread 'tests_core::test_or_within_field' (3309823) panicked at src/tests_core.rs:259:9:
called `Result::unwrap()` on an `Err` value: InvalidJson("at line 1 col 1: garbage char '\"' after top-level object")

---- tests_core::test_pruner_stats stdout ----

thread 'tests_core::test_pruner_stats' (3309833) panicked at src/tests_core.rs:351:10:
called `Result::unwrap()` on an `Err` value: InvalidJson("at line 1 col 1: garbage char '\"' after top-level object")

---- tests_core::test_rebuild_after_delete stdout ----

thread 'tests_core::test_rebuild_after_delete' (3309837) panicked at src/tests_core.rs:331:5:
called `Result::unwrap()` on an `Err` value: InvalidJson("at line 1 col 1: garbage char '\"' after top-level object")

---- tests_core::test_rebuild_zero_filtered_denominator stdout ----

thread 'tests_core::test_rebuild_zero_filtered_denominator' (3309838) panicked at src/tests_core.rs:736:5:
Should not panic with empty matcher

---- tests_core::test_same_pattern_id_multiple_value_types stdout ----

thread 'tests_core::test_same_pattern_id_multiple_value_types' (3309839) panicked at src/tests_core.rs:1025:5:
called `Result::unwrap()` on an `Err` value: InvalidJson("at line 1 col 1: garbage char '\"' after top-level object")

---- tests_core::test_should_rebuild_threshold stdout ----

thread 'tests_core::test_should_rebuild_threshold' (3309843) panicked at src/tests_core.rs:403:44:
called `Result::unwrap()` on an `Err` value: InvalidJson("at line 1 col 1: garbage char '\"' after top-level object")

---- tests_core::test_state_limit_default_allows_normal_patterns stdout ----

thread 'tests_core::test_state_limit_default_allows_normal_patterns' (3309844) panicked at src/tests_core.rs:2261:10:
called `Result::unwrap()` on an `Err` value: InvalidJson("at line 1 col 1: garbage char '\"' after top-level object")

---- tests_core::test_string_number_type_distinction stdout ----

thread 'tests_core::test_string_number_type_distinction' (3309846) panicked at src/tests_core.rs:1377:5:
called `Result::unwrap()` on an `Err` value: InvalidJson("at line 1 col 1: garbage char '\"' after top-level object")

---- tests_operators::test_anything_but stdout ----

thread 'tests_operators::test_anything_but' (3309853) panicked at src/tests_operators.rs:402:5:
called `Result::unwrap()` on an `Err` value: InvalidJson("at line 1 col 1: garbage char '\"' after top-level object")

---- tests_operators::test_anything_but_numeric stdout ----

thread 'tests_operators::test_anything_but_numeric' (3309854) panicked at src/tests_operators.rs:449:5:
called `Result::unwrap()` on an `Err` value: InvalidJson("at line 1 col 1: garbage char '\"' after top-level object")

---- tests_operators::test_anything_but_numeric_array stdout ----

thread 'tests_operators::test_anything_but_numeric_array' (3309855) panicked at src/tests_operators.rs:1333:5:
called `Result::unwrap()` on an `Err` value: InvalidJson("at line 1 col 1: garbage char '\"' after top-level object")

---- tests_operators::test_anything_but_numeric_float stdout ----

thread 'tests_operators::test_anything_but_numeric_float' (3309856) panicked at src/tests_operators.rs:1351:5:
called `Result::unwrap()` on an `Err` value: InvalidJson("at line 1 col 1: garbage char '\"' after top-level object")

---- tests_operators::test_anything_but_numeric_single stdout ----

thread 'tests_operators::test_anything_but_numeric_single' (3309857) panicked at src/tests_operators.rs:1312:5:
called `Result::unwrap()` on an `Err` value: InvalidJson("at line 1 col 1: garbage char '\"' after top-level object")

---- tests_operators::test_anything_but_prefix_relationship stdout ----

thread 'tests_operators::test_anything_but_prefix_relationship' (3309858) panicked at src/tests_operators.rs:462:5:
called `Result::unwrap()` on an `Err` value: InvalidJson("at line 1 col 1: garbage char '\"' after top-level object")

---- tests_operators::test_anything_but_single_string stdout ----

thread 'tests_operators::test_anything_but_single_string' (3309859) panicked at src/tests_operators.rs:442:5:
called `Result::unwrap()` on an `Err` value: InvalidJson("at line 1 col 1: garbage char '\"' after top-level object")

---- tests_operators::test_anything_but_with_overlapping_exclusions stdout ----

thread 'tests_operators::test_anything_but_with_overlapping_exclusions' (3309862) panicked at src/tests_operators.rs:1662:9:
called `Result::unwrap()` on an `Err` value: InvalidJson("at line 1 col 1: garbage char '\"' after top-level object")

---- tests_operators::test_anything_but_wordle_words stdout ----

thread 'tests_operators::test_anything_but_wordle_words' (3309864) panicked at src/tests_operators.rs:1700:61:
called `Result::unwrap()` on an `Err` value: InvalidJson("at line 1 col 1: garbage char '\"' after top-level object")

---- tests_operators::test_anything_but_with_shellstyle stdout ----

thread 'tests_operators::test_anything_but_with_shellstyle' (3309863) panicked at src/tests_operators.rs:1635:5:
called `Result::unwrap()` on an `Err` value: InvalidJson("at line 1 col 1: garbage char '\"' after top-level object")

---- tests_operators::test_cidr_ipv4_prefix_mask_boundary stdout ----

thread 'tests_operators::test_cidr_ipv4_prefix_mask_boundary' (3309867) panicked at src/tests_operators.rs:675:5:
called `Result::unwrap()` on an `Err` value: InvalidJson("at line 1 col 1: garbage char '\"' after top-level object")

---- tests_operators::test_anything_but_with_exact_match stdout ----

thread 'tests_operators::test_anything_but_with_exact_match' (3309861) panicked at src/tests_operators.rs:479:5:
called `Result::unwrap()` on an `Err` value: InvalidJson("at line 1 col 1: garbage char '\"' after top-level object")

---- tests_operators::test_cidr_ipv6_basic stdout ----

thread 'tests_operators::test_cidr_ipv6_basic' (3309870) panicked at src/tests_operators.rs:2952:5:
called `Result::unwrap()` on an `Err` value: InvalidJson("at line 1 col 1: garbage char '\"' after top-level object")

---- tests_operators::test_cidr_ipv6_group_limit stdout ----

thread 'tests_operators::test_cidr_ipv6_group_limit' (3309872) panicked at src/tests_operators.rs:767:5:
called `Result::unwrap()` on an `Err` value: InvalidJson("at line 1 col 1: garbage char '\"' after top-level object")

---- tests_operators::test_cidr_ipv6_double_colon_variations stdout ----

thread 'tests_operators::test_cidr_ipv6_double_colon_variations' (3309871) panicked at src/tests_operators.rs:746:9:
called `Result::unwrap()` on an `Err` value: InvalidJson("at line 1 col 1: garbage char '\"' after top-level object")

---- tests_operators::test_cidr_ipv4_basic stdout ----

thread 'tests_operators::test_cidr_ipv4_basic' (3309866) panicked at src/tests_operators.rs:627:5:
called `Result::unwrap()` on an `Err` value: InvalidJson("at line 1 col 1: garbage char '\"' after top-level object")

---- tests_operators::test_cidr_ipv6_shorthand stdout ----

thread 'tests_operators::test_cidr_ipv6_shorthand' (3309874) panicked at src/tests_operators.rs:2975:5:
called `Result::unwrap()` on an `Err` value: InvalidJson("at line 1 col 1: garbage char '\"' after top-level object")

---- tests_operators::test_cidr_ipv4_prefix_various_lengths stdout ----

thread 'tests_operators::test_cidr_ipv4_prefix_various_lengths' (3309868) panicked at src/tests_operators.rs:710:9:
called `Result::unwrap()` on an `Err` value: InvalidJson("at line 1 col 1: garbage char '\"' after top-level object")

---- tests_operators::test_empty_regex_matches_empty_string stdout ----

thread 'tests_operators::test_empty_regex_matches_empty_string' (3309878) panicked at src/tests_operators.rs:604:5:
called `Result::unwrap()` on an `Err` value: InvalidJson("at line 1 col 1: garbage char '\"' after top-level object")

---- tests_operators::test_equals_ignore_case stdout ----

thread 'tests_operators::test_equals_ignore_case' (3309879) panicked at src/tests_operators.rs:495:9:
called `Result::unwrap()` on an `Err` value: InvalidJson("at line 1 col 1: garbage char '\"' after top-level object")

---- tests_operators::test_equals_ignore_case_length_boundaries stdout ----

thread 'tests_operators::test_equals_ignore_case_length_boundaries' (3309880) panicked at src/tests_operators.rs:3301:5:
called `Result::unwrap()` on an `Err` value: InvalidJson("at line 1 col 1: garbage char '\"' after top-level object")

---- tests_operators::test_equals_ignore_case_multiple_patterns stdout ----

thread 'tests_operators::test_equals_ignore_case_multiple_patterns' (3309881) panicked at src/tests_operators.rs:507:5:
called `Result::unwrap()` on an `Err` value: InvalidJson("at line 1 col 1: garbage char '\"' after top-level object")

---- tests_operators::test_equals_ignore_case_unicode stdout ----

thread 'tests_operators::test_equals_ignore_case_unicode' (3309882) panicked at src/tests_operators.rs:514:5:
called `Result::unwrap()` on an `Err` value: InvalidJson("at line 1 col 1: garbage char '\"' after top-level object")

---- tests_operators::test_cidr_non_ip_values stdout ----

thread 'tests_operators::test_cidr_non_ip_values' (3309876) panicked at src/tests_operators.rs:2995:5:
called `Result::unwrap()` on an `Err` value: InvalidJson("at line 1 col 1: garbage char '\"' after top-level object")

---- tests_operators::test_exact_added_before_lookahead_on_same_field stdout ----

thread 'tests_operators::test_exact_added_before_lookahead_on_same_field' (3309884) panicked at src/tests_operators.rs:964:10:
called `Result::unwrap()` on an `Err` value: InvalidJson("at line 1 col 1: garbage char '\"' after top-level object")

---- tests_operators::test_cidr_miri_lightweight stdout ----

thread 'tests_operators::test_cidr_miri_lightweight' (3309875) panicked at src/tests_operators.rs:647:5:
called `Result::unwrap()` on an `Err` value: InvalidJson("at line 1 col 1: garbage char '\"' after top-level object")

---- tests_operators::test_equals_ignore_case_with_exact_match stdout ----

thread 'tests_operators::test_equals_ignore_case_with_exact_match' (3309883) panicked at src/tests_operators.rs:1369:5:
called `Result::unwrap()` on an `Err` value: InvalidJson("at line 1 col 1: garbage char '\"' after top-level object")

---- tests_operators::test_json_all_escape_sequences stdout ----

thread 'tests_operators::test_json_all_escape_sequences' (3309886) panicked at src/tests_operators.rs:2884:5:
called `Result::unwrap()` on an `Err` value: InvalidJson("at line 1 col 1: garbage char '\"' after top-level object")

---- tests_operators::test_cidr_with_other_matchers stdout ----

thread 'tests_operators::test_cidr_with_other_matchers' (3309877) panicked at src/tests_operators.rs:3023:5:
called `Result::unwrap()` on an `Err` value: InvalidJson("at line 1 col 1: garbage char '\"' after top-level object")

---- tests_operators::test_json_escape_sequences stdout ----

thread 'tests_operators::test_json_escape_sequences' (3309887) panicked at src/tests_operators.rs:1212:5:
called `Result::unwrap()` on an `Err` value: InvalidJson("at line 1 col 1: garbage char '\"' after top-level object")

---- tests_operators::test_exists_false_ordering stdout ----

thread 'tests_operators::test_exists_false_ordering' (3309885) panicked at src/tests_operators.rs:1260:61:
called `Result::unwrap()` on an `Err` value: InvalidJson("at line 1 col 1: garbage char '\"' after top-level object")

---- tests_operators::test_lookaround_buffer_reuse_no_stale_state stdout ----

thread 'tests_operators::test_lookaround_buffer_reuse_no_stale_state' (3309889) panicked at src/tests_operators.rs:3145:14:
called `Result::unwrap()` on an `Err` value: InvalidJson("at line 1 col 1: garbage char '\"' after top-level object")

---- tests_operators::test_lookahead_with_exact_on_same_field stdout ----

thread 'tests_operators::test_lookahead_with_exact_on_same_field' (3309888) panicked at src/tests_operators.rs:924:10:
called `Result::unwrap()` on an `Err` value: InvalidJson("at line 1 col 1: garbage char '\"' after top-level object")

---- tests_operators::test_lookaround_buffer_reuse_no_stale_state_miri_friendly stdout ----

thread 'tests_operators::test_lookaround_buffer_reuse_no_stale_state_miri_friendly' (3309890) panicked at src/tests_operators.rs:3218:10:
called `Result::unwrap()` on an `Err` value: InvalidJson("at line 1 col 1: garbage char '\"' after top-level object")

---- tests_operators::test_lookaround_multiple_conditions_no_cross_contamination stdout ----

thread 'tests_operators::test_lookaround_multiple_conditions_no_cross_contamination' (3309891) panicked at src/tests_operators.rs:3182:14:
called `Result::unwrap()` on an `Err` value: InvalidJson("at line 1 col 1: garbage char '\"' after top-level object")

---- tests_operators::test_lookaround_multiple_conditions_no_cross_contamination_miri_friendly stdout ----

thread 'tests_operators::test_lookaround_multiple_conditions_no_cross_contamination_miri_friendly' (3309892) panicked at src/tests_operators.rs:3248:10:
called `Result::unwrap()` on an `Err` value: InvalidJson("at line 1 col 1: garbage char '\"' after top-level object")

---- tests_operators::test_lookaround_primary_match stdout ----

thread 'tests_operators::test_lookaround_primary_match' (3309895) panicked at src/tests_operators.rs:3106:57:
called `Result::unwrap()` on an `Err` value: InvalidJson("at line 1 col 1: garbage char '\"' after top-level object")

---- tests_operators::test_lookbehind_match stdout ----

thread 'tests_operators::test_lookbehind_match' (3309898) panicked at src/tests_operators.rs:868:57:
called `Result::unwrap()` on an `Err` value: InvalidJson("at line 1 col 1: garbage char '\"' after top-level object")

---- tests_operators::test_negative_lookahead_match stdout ----

thread 'tests_operators::test_negative_lookahead_match' (3309901) panicked at src/tests_operators.rs:846:57:
called `Result::unwrap()` on an `Err` value: InvalidJson("at line 1 col 1: garbage char '\"' after top-level object")

---- tests_operators::test_multiple_shellstyle_same_field stdout ----

thread 'tests_operators::test_multiple_shellstyle_same_field' (3309900) panicked at src/tests_operators.rs:1609:5:
called `Result::unwrap()` on an `Err` value: InvalidJson("at line 1 col 1: garbage char '\"' after top-level object")

---- tests_operators::test_lookaround_transformation stdout ----

thread 'tests_operators::test_lookaround_transformation' (3309897) panicked at src/tests_operators.rs:3069:5:
called `Result::unwrap()` on an `Err` value: InvalidJson("at line 1 col 1: garbage char '\"' after top-level object")

---- tests_operators::test_negative_lookbehind_match stdout ----

thread 'tests_operators::test_negative_lookbehind_match' (3309902) panicked at src/tests_operators.rs:890:57:
called `Result::unwrap()` on an `Err` value: InvalidJson("at line 1 col 1: garbage char '\"' after top-level object")

---- tests_operators::test_multiple_overlapping_shellstyle_patterns stdout ----

thread 'tests_operators::test_multiple_overlapping_shellstyle_patterns' (3309899) panicked at src/tests_operators.rs:233:5:
called `Result::unwrap()` on an `Err` value: InvalidJson("at line 1 col 1: garbage char '\"' after top-level object")

---- tests_operators::test_numeric_equals stdout ----

thread 'tests_operators::test_numeric_equals' (3309905) panicked at src/tests_operators.rs:547:5:
called `Result::unwrap()` on an `Err` value: InvalidJson("at line 1 col 1: garbage char '\"' after top-level object")

---- tests_operators::test_numeric_greater_than stdout ----

thread 'tests_operators::test_numeric_greater_than' (3309906) panicked at src/tests_operators.rs:530:5:
called `Result::unwrap()` on an `Err` value: InvalidJson("at line 1 col 1: garbage char '\"' after top-level object")

---- tests_operators::test_nested_transmap_safety_miri_friendly stdout ----

thread 'tests_operators::test_nested_transmap_safety_miri_friendly' (3309904) panicked at src/tests_operators.rs:353:5:
called `Result::unwrap()` on an `Err` value: InvalidJson("at line 1 col 1: garbage char '\"' after top-level object")

---- tests_operators::test_numeric_range stdout ----

thread 'tests_operators::test_numeric_range' (3309907) panicked at src/tests_operators.rs:538:5:
called `Result::unwrap()` on an `Err` value: InvalidJson("at line 1 col 1: garbage char '\"' after top-level object")

---- tests_operators::test_numeric_scientific_notation stdout ----

thread 'tests_operators::test_numeric_scientific_notation' (3309908) panicked at src/tests_operators.rs:554:5:
called `Result::unwrap()` on an `Err` value: InvalidJson("at line 1 col 1: garbage char '\"' after top-level object")

---- tests_operators::test_nwb_start_nonword stdout ----

thread 'tests_operators::test_nwb_start_nonword' (3309909) panicked at src/tests_operators.rs:1075:5:
called `Result::unwrap()` on an `Err` value: InvalidJson("at line 1 col 1: garbage char '\"' after top-level object")

---- tests_operators::test_nwb_underscore_is_word_char stdout ----

thread 'tests_operators::test_nwb_underscore_is_word_char' (3309911) panicked at src/tests_operators.rs:1130:5:
called `Result::unwrap()` on an `Err` value: InvalidJson("at line 1 col 1: garbage char '\"' after top-level object")

---- tests_operators::test_nested_transmap_safety stdout ----

thread 'tests_operators::test_nested_transmap_safety' (3309903) panicked at src/tests_operators.rs:255:5:
called `Result::unwrap()` on an `Err` value: InvalidJson("at line 1 col 1: garbage char '\"' after top-level object")

---- tests_operators::test_nwb_word_to_word stdout ----

thread 'tests_operators::test_nwb_word_to_word' (3309913) panicked at src/tests_operators.rs:1059:5:
called `Result::unwrap()` on an `Err` value: InvalidJson("at line 1 col 1: garbage char '\"' after top-level object")

---- tests_operators::test_overlapping_exact_match_patterns stdout ----

thread 'tests_operators::test_overlapping_exact_match_patterns' (3309914) panicked at src/tests_operators.rs:1282:5:
called `Result::unwrap()` on an `Err` value: InvalidJson("at line 1 col 1: garbage char '\"' after top-level object")

---- tests_operators::test_prefix_match stdout ----

thread 'tests_operators::test_prefix_match' (3309918) panicked at src/tests_operators.rs:70:5:
called `Result::unwrap()` on an `Err` value: InvalidJson("at line 1 col 1: garbage char '\"' after top-level object")

---- tests_operators::test_overlapping_shellstyle_nesting_miri_friendly stdout ----

thread 'tests_operators::test_overlapping_shellstyle_nesting_miri_friendly' (3309916) panicked at src/tests_operators.rs:370:5:
called `Result::unwrap()` on an `Err` value: InvalidJson("at line 1 col 1: garbage char '\"' after top-level object")

---- tests_operators::test_regex_alternation stdout ----

thread 'tests_operators::test_regex_alternation' (3309919) panicked at src/tests_operators.rs:580:5:
called `Result::unwrap()` on an `Err` value: InvalidJson("at line 1 col 1: garbage char '\"' after top-level object")

---- tests_operators::test_positive_lookahead_match stdout ----

thread 'tests_operators::test_positive_lookahead_match' (3309917) panicked at src/tests_operators.rs:824:57:
called `Result::unwrap()` on an `Err` value: InvalidJson("at line 1 col 1: garbage char '\"' after top-level object")

---- tests_operators::test_regex_character_class stdout ----

thread 'tests_operators::test_regex_character_class' (3309920) panicked at src/tests_operators.rs:588:5:
called `Result::unwrap()` on an `Err` value: InvalidJson("at line 1 col 1: garbage char '\"' after top-level object")

---- tests_operators::test_regex_match stdout ----

thread 'tests_operators::test_regex_match' (3309921) panicked at src/tests_operators.rs:565:5:
called `Result::unwrap()` on an `Err` value: InvalidJson("at line 1 col 1: garbage char '\"' after top-level object")

---- tests_operators::test_regex_various_patterns stdout ----

thread 'tests_operators::test_regex_various_patterns' (3309922) panicked at src/tests_operators.rs:1406:13:
called `Result::unwrap()` on an `Err` value: InvalidJson("at line 1 col 1: garbage char '\"' after top-level object")

---- tests_operators::test_regexp_end2end stdout ----

thread 'tests_operators::test_regexp_end2end' (3309924) panicked at src/tests_operators.rs:1543:65:
called `Result::unwrap()` on an `Err` value: InvalidJson("at line 1 col 1: garbage char '\"' after top-level object")

---- tests_operators::test_regex_with_escape stdout ----

thread 'tests_operators::test_regex_with_escape' (3309923) panicked at src/tests_operators.rs:573:5:
called `Result::unwrap()` on an `Err` value: InvalidJson("at line 1 col 1: garbage char '\"' after top-level object")

---- tests_operators::test_regexp_simple_optional stdout ----

thread 'tests_operators::test_regexp_simple_optional' (3309926) panicked at src/tests_operators.rs:596:5:
called `Result::unwrap()` on an `Err` value: InvalidJson("at line 1 col 1: garbage char '\"' after top-level object")

---- tests_operators::test_shellstyle_complex_wildcards stdout ----

thread 'tests_operators::test_shellstyle_complex_wildcards' (3309928) panicked at src/tests_operators.rs:1801:13:
called `Result::unwrap()` on an `Err` value: InvalidJson("at line 1 col 1: garbage char '\"' after top-level object")

---- tests_operators::test_overlapping_shellstyle_nesting stdout ----

thread 'tests_operators::test_overlapping_shellstyle_nesting' (3309915) panicked at src/tests_operators.rs:295:5:
called `Result::unwrap()` on an `Err` value: InvalidJson("at line 1 col 1: garbage char '\"' after top-level object")

---- tests_operators::test_shellstyle_contains stdout ----

thread 'tests_operators::test_shellstyle_contains' (3309929) panicked at src/tests_operators.rs:219:9:
called `Result::unwrap()` on an `Err` value: InvalidJson("at line 1 col 1: garbage char '\"' after top-level object")

---- tests_operators::test_shellstyle_contains_negative stdout ----

thread 'tests_operators::test_shellstyle_contains_negative' (3309930) panicked at src/tests_operators.rs:2568:5:
called `Result::unwrap()` on an `Err` value: InvalidJson("at line 1 col 1: garbage char '\"' after top-level object")

---- tests_operators::test_shellstyle_double_wildcard stdout ----

thread 'tests_operators::test_shellstyle_double_wildcard' (3309931) panicked at src/tests_operators.rs:2446:5:
called `Result::unwrap()` on an `Err` value: InvalidJson("at line 1 col 1: garbage char '\"' after top-level object")

---- tests_operators::test_shellstyle_double_wildcard_variations stdout ----

thread 'tests_operators::test_shellstyle_double_wildcard_variations' (3309932) panicked at src/tests_operators.rs:2584:9:
called `Result::unwrap()` on an `Err` value: InvalidJson("at line 1 col 1: garbage char '\"' after top-level object")

---- tests_operators::test_shellstyle_infix stdout ----

thread 'tests_operators::test_shellstyle_infix' (3309934) panicked at src/tests_operators.rs:201:5:
called `Result::unwrap()` on an `Err` value: InvalidJson("at line 1 col 1: garbage char '\"' after top-level object")

---- tests_operators::test_shellstyle_long_case stdout ----

thread 'tests_operators::test_shellstyle_long_case' (3309935) panicked at src/tests_operators.rs:1594:9:
called `Result::unwrap()` on an `Err` value: InvalidJson("at line 1 col 1: garbage char '\"' after top-level object")

---- tests_operators::test_shellstyle_multiple_wildcards stdout ----

thread 'tests_operators::test_shellstyle_multiple_wildcards' (3309936) panicked at src/tests_operators.rs:208:5:
called `Result::unwrap()` on an `Err` value: InvalidJson("at line 1 col 1: garbage char '\"' after top-level object")

---- tests_operators::test_shellstyle_prefix stdout ----

thread 'tests_operators::test_shellstyle_prefix' (3309937) panicked at src/tests_operators.rs:194:5:
called `Result::unwrap()` on an `Err` value: InvalidJson("at line 1 col 1: garbage char '\"' after top-level object")

---- tests_operators::test_shellstyle_duplicate_pattern stdout ----

thread 'tests_operators::test_shellstyle_duplicate_pattern' (3309933) panicked at src/tests_operators.rs:2437:5:
called `Result::unwrap()` on an `Err` value: InvalidJson("at line 1 col 1: garbage char '\"' after top-level object")

---- tests_operators::test_shellstyle_prefix_negative stdout ----

thread 'tests_operators::test_shellstyle_prefix_negative' (3309938) panicked at src/tests_operators.rs:2552:5:
called `Result::unwrap()` on an `Err` value: InvalidJson("at line 1 col 1: garbage char '\"' after top-level object")

---- tests_operators::test_shellstyle_repeated_sequences stdout ----

thread 'tests_operators::test_shellstyle_repeated_sequences' (3309939) panicked at src/tests_operators.rs:1739:9:
called `Result::unwrap()` on an `Err` value: InvalidJson("at line 1 col 1: garbage char '\"' after top-level object")

---- tests_operators::test_shellstyle_suffix stdout ----

thread 'tests_operators::test_shellstyle_suffix' (3309942) panicked at src/tests_operators.rs:186:5:
called `Result::unwrap()` on an `Err` value: InvalidJson("at line 1 col 1: garbage char '\"' after top-level object")

---- tests_operators::test_shellstyle_ruler_negative_cases stdout ----

thread 'tests_operators::test_shellstyle_ruler_negative_cases' (3309940) panicked at src/tests_operators.rs:2483:9:
called `Result::unwrap()` on an `Err` value: InvalidJson("at line 1 col 1: garbage char '\"' after top-level object")

---- tests_operators::test_shellstyle_suffix_merged_bug stdout ----

thread 'tests_operators::test_shellstyle_suffix_merged_bug' (3309943) panicked at src/tests_operators.rs:1763:9:
called `Result::unwrap()` on an `Err` value: InvalidJson("at line 1 col 1: garbage char '\"' after top-level object")

---- tests_operators::test_shellstyle_suffix_negative stdout ----

thread 'tests_operators::test_shellstyle_suffix_negative' (3309944) panicked at src/tests_operators.rs:2560:5:
called `Result::unwrap()` on an `Err` value: InvalidJson("at line 1 col 1: garbage char '\"' after top-level object")

---- tests_operators::test_shellstyle_subset_overlap_same_field stdout ----

thread 'tests_operators::test_shellstyle_subset_overlap_same_field' (3309941) panicked at src/tests_operators.rs:3275:5:
called `Result::unwrap()` on an `Err` value: InvalidJson("at line 1 col 1: garbage char '\"' after top-level object")

---- tests_operators::test_shellstyle_suffix_with_space stdout ----

thread 'tests_operators::test_shellstyle_suffix_with_space' (3309945) panicked at src/tests_operators.rs:2533:5:
called `Result::unwrap()` on an `Err` value: InvalidJson("at line 1 col 1: garbage char '\"' after top-level object")

---- tests_operators::test_shellstyle_zero_length_prefix stdout ----

thread 'tests_operators::test_shellstyle_zero_length_prefix' (3309946) panicked at src/tests_operators.rs:2459:5:
called `Result::unwrap()` on an `Err` value: InvalidJson("at line 1 col 1: garbage char '\"' after top-level object")

---- tests_operators::test_suffix stdout ----

thread 'tests_operators::test_suffix' (3309948) panicked at src/tests_operators.rs:86:5:
called `Result::unwrap()` on an `Err` value: InvalidJson("at line 1 col 1: garbage char '\"' after top-level object")

---- tests_operators::test_singleton_hit_and_multi_condition_hit_same_value stdout ----

thread 'tests_operators::test_singleton_hit_and_multi_condition_hit_same_value' (3309947) panicked at src/tests_operators.rs:993:10:
called `Result::unwrap()` on an `Err` value: InvalidJson("at line 1 col 1: garbage char '\"' after top-level object")

---- tests_operators::test_unicode_escape_emoji stdout ----

thread 'tests_operators::test_unicode_escape_emoji' (3309951) panicked at src/tests_operators.rs:1234:5:
called `Result::unwrap()` on an `Err` value: InvalidJson("at line 1 col 1: garbage char '\"' after top-level object")

---- tests_operators::test_unicode_escape_in_event stdout ----

thread 'tests_operators::test_unicode_escape_in_event' (3309952) panicked at src/tests_operators.rs:1223:5:
called `Result::unwrap()` on an `Err` value: InvalidJson("at line 1 col 1: garbage char '\"' after top-level object")

---- tests_operators::test_wb_digit_to_space stdout ----

thread 'tests_operators::test_wb_digit_to_space' (3309953) panicked at src/tests_operators.rs:1137:5:
called `Result::unwrap()` on an `Err` value: InvalidJson("at line 1 col 1: garbage char '\"' after top-level object")

---- tests_operators::test_three_level_nesting_miri_friendly stdout ----

thread 'tests_operators::test_three_level_nesting_miri_friendly' (3309950) panicked at src/tests_operators.rs:387:57:
called `Result::unwrap()` on an `Err` value: InvalidJson("at line 1 col 1: garbage char '\"' after top-level object")

---- tests_operators::test_wb_end_non_word_char stdout ----

thread 'tests_operators::test_wb_end_non_word_char' (3309954) panicked at src/tests_operators.rs:1032:5:
called `Result::unwrap()` on an `Err` value: InvalidJson("at line 1 col 1: garbage char '\"' after top-level object")

---- tests_operators::test_wb_end_word_char stdout ----

thread 'tests_operators::test_wb_end_word_char' (3309955) panicked at src/tests_operators.rs:1026:5:
called `Result::unwrap()` on an `Err` value: InvalidJson("at line 1 col 1: garbage char '\"' after top-level object")

---- tests_operators::test_three_level_nesting stdout ----

thread 'tests_operators::test_three_level_nesting' (3309949) panicked at src/tests_operators.rs:326:61:
called `Result::unwrap()` on an `Err` value: InvalidJson("at line 1 col 1: garbage char '\"' after top-level object")

---- tests_operators::test_wb_middle_nonword_to_word stdout ----

thread 'tests_operators::test_wb_middle_nonword_to_word' (3309956) panicked at src/tests_operators.rs:1044:5:
called `Result::unwrap()` on an `Err` value: InvalidJson("at line 1 col 1: garbage char '\"' after top-level object")

---- tests_operators::test_wb_middle_word_to_nonword stdout ----

thread 'tests_operators::test_wb_middle_word_to_nonword' (3309957) panicked at src/tests_operators.rs:1038:5:
called `Result::unwrap()` on an `Err` value: InvalidJson("at line 1 col 1: garbage char '\"' after top-level object")

---- tests_operators::test_wb_optional_quantifier stdout ----

thread 'tests_operators::test_wb_optional_quantifier' (3309959) panicked at src/tests_operators.rs:1167:5:
called `Result::unwrap()` on an `Err` value: InvalidJson("at line 1 col 1: garbage char '\"' after top-level object")

---- tests_operators::test_wb_plus_quantifier stdout ----

thread 'tests_operators::test_wb_plus_quantifier' (3309960) panicked at src/tests_operators.rs:1157:5:
called `Result::unwrap()` on an `Err` value: InvalidJson("at line 1 col 1: garbage char '\"' after top-level object")

---- tests_operators::test_wb_range_quantifier stdout ----

thread 'tests_operators::test_wb_range_quantifier' (3309961) panicked at src/tests_operators.rs:1175:5:
called `Result::unwrap()` on an `Err` value: InvalidJson("at line 1 col 1: garbage char '\"' after top-level object")

---- tests_operators::test_wb_start_non_word_char stdout ----

thread 'tests_operators::test_wb_start_non_word_char' (3309962) panicked at src/tests_operators.rs:1020:5:
called `Result::unwrap()` on an `Err` value: InvalidJson("at line 1 col 1: garbage char '\"' after top-level object")

---- tests_operators::test_wb_start_word_char stdout ----

thread 'tests_operators::test_wb_start_word_char' (3309963) panicked at src/tests_operators.rs:1013:5:
called `Result::unwrap()` on an `Err` value: InvalidJson("at line 1 col 1: garbage char '\"' after top-level object")

---- tests_operators::test_wb_utf8_multibyte stdout ----

thread 'tests_operators::test_wb_utf8_multibyte' (3309966) panicked at src/tests_operators.rs:1185:5:
called `Result::unwrap()` on an `Err` value: InvalidJson("at line 1 col 1: garbage char '\"' after top-level object")

---- tests_operators::test_wb_utf8_emoji_boundary stdout ----

thread 'tests_operators::test_wb_utf8_emoji_boundary' (3309965) panicked at src/tests_operators.rs:1193:5:
called `Result::unwrap()` on an `Err` value: InvalidJson("at line 1 col 1: garbage char '\"' after top-level object")

---- tests_operators::test_wb_utf8_nonword_to_word stdout ----

thread 'tests_operators::test_wb_utf8_nonword_to_word' (3309967) panicked at src/tests_operators.rs:1201:5:
called `Result::unwrap()` on an `Err` value: InvalidJson("at line 1 col 1: garbage char '\"' after top-level object")

---- tests_operators::test_wb_whole_word_at_end stdout ----

thread 'tests_operators::test_wb_whole_word_at_end' (3309968) panicked at src/tests_operators.rs:1108:5:
called `Result::unwrap()` on an `Err` value: InvalidJson("at line 1 col 1: garbage char '\"' after top-level object")

---- tests_operators::test_wb_with_char_class stdout ----

thread 'tests_operators::test_wb_with_char_class' (3309973) panicked at src/tests_operators.rs:1143:5:
called `Result::unwrap()` on an `Err` value: InvalidJson("at line 1 col 1: garbage char '\"' after top-level object")

---- tests_operators::test_wb_with_dot stdout ----

thread 'tests_operators::test_wb_with_dot' (3309974) panicked at src/tests_operators.rs:1149:5:
called `Result::unwrap()` on an `Err` value: InvalidJson("at line 1 col 1: garbage char '\"' after top-level object")

---- tests_operators::test_wildcard_comprehensive stdout ----

thread 'tests_operators::test_wildcard_comprehensive' (3309975) panicked at src/test_helpers.rs:137:61:
called `Result::unwrap()` on an `Err` value: InvalidJson("at line 1 col 1: garbage char '\"' after top-level object")

---- tests_operators::test_wb_whole_word_match stdout ----

thread 'tests_operators::test_wb_whole_word_match' (3309970) panicked at src/tests_operators.rs:1090:5:
called `Result::unwrap()` on an `Err` value: InvalidJson("at line 1 col 1: garbage char '\"' after top-level object")

---- tests_operators::test_wb_whole_word_at_start stdout ----

thread 'tests_operators::test_wb_whole_word_at_start' (3309969) panicked at src/tests_operators.rs:1102:5:
called `Result::unwrap()` on an `Err` value: InvalidJson("at line 1 col 1: garbage char '\"' after top-level object")

---- tests_operators::test_wb_whole_word_no_match stdout ----

thread 'tests_operators::test_wb_whole_word_no_match' (3309971) panicked at src/tests_operators.rs:1096:5:
called `Result::unwrap()` on an `Err` value: InvalidJson("at line 1 col 1: garbage char '\"' after top-level object")

---- tests_operators::test_wildcard_contains stdout ----

thread 'tests_operators::test_wildcard_contains' (3309976) panicked at src/tests_operators.rs:120:5:
called `Result::unwrap()` on an `Err` value: InvalidJson("at line 1 col 1: garbage char '\"' after top-level object")

---- tests_operators::test_wb_whole_word_only stdout ----

thread 'tests_operators::test_wb_whole_word_only' (3309972) panicked at src/tests_operators.rs:1114:5:
called `Result::unwrap()` on an `Err` value: InvalidJson("at line 1 col 1: garbage char '\"' after top-level object")

---- tests_operators::test_wildcard_escape_backslash_star stdout ----

thread 'tests_operators::test_wildcard_escape_backslash_star' (3309978) panicked at src/tests_operators.rs:2386:5:
called `Result::unwrap()` on an `Err` value: InvalidJson("at line 1 col 1: garbage char '\"' after top-level object")

---- tests_operators::test_wildcard_escape_backslash stdout ----

thread 'tests_operators::test_wildcard_escape_backslash' (3309977) panicked at src/tests_operators.rs:156:5:
called `Result::unwrap()` on an `Err` value: InvalidJson("at line 1 col 1: garbage char '\"' after top-level object")

---- tests_operators::test_wildcard_escape_backslash_wildcard stdout ----

thread 'tests_operators::test_wildcard_escape_backslash_wildcard' (3309979) panicked at src/tests_operators.rs:2416:9:
called `Result::unwrap()` on an `Err` value: InvalidJson("at line 1 col 1: garbage char '\"' after top-level object")

---- tests_operators::test_wildcard_escape_star stdout ----

thread 'tests_operators::test_wildcard_escape_star' (3309981) panicked at src/tests_operators.rs:144:5:
called `Result::unwrap()` on an `Err` value: InvalidJson("at line 1 col 1: garbage char '\"' after top-level object")

---- tests_operators::test_wildcard_escape_sequences_comprehensive stdout ----

thread 'tests_operators::test_wildcard_escape_sequences_comprehensive' (3309980) panicked at src/test_helpers.rs:137:61:
called `Result::unwrap()` on an `Err` value: InvalidJson("at line 1 col 1: garbage char '\"' after top-level object")

---- tests_operators::test_wildcard_matches_empty_string stdout ----

thread 'tests_operators::test_wildcard_matches_empty_string' (3309984) panicked at src/tests_operators.rs:132:5:
called `Result::unwrap()` on an `Err` value: InvalidJson("at line 1 col 1: garbage char '\"' after top-level object")

---- tests_operators::test_wildcard_multi_patterns_basic stdout ----

thread 'tests_operators::test_wildcard_multi_patterns_basic' (3309985) panicked at src/tests_operators.rs:39:65:
called `Result::unwrap()` on an `Err` value: InvalidJson("at line 1 col 1: garbage char '\"' after top-level object")

---- tests_operators::test_wildcard_multi_patterns_infix_exact stdout ----

thread 'tests_operators::test_wildcard_multi_patterns_infix_exact' (3309990) panicked at src/tests_operators.rs:39:65:
called `Result::unwrap()` on an `Err` value: InvalidJson("at line 1 col 1: garbage char '\"' after top-level object")

---- tests_operators::test_wildcard_multi_patterns_infix_exact2 stdout ----

thread 'tests_operators::test_wildcard_multi_patterns_infix_exact2' (3309991) panicked at src/tests_operators.rs:39:65:
called `Result::unwrap()` on an `Err` value: InvalidJson("at line 1 col 1: garbage char '\"' after top-level object")

---- tests_operators::test_wildcard_multi_patterns_double_exact stdout ----

thread 'tests_operators::test_wildcard_multi_patterns_double_exact' (3309988) panicked at src/tests_operators.rs:39:65:
called `Result::unwrap()` on an `Err` value: InvalidJson("at line 1 col 1: garbage char '\"' after top-level object")

---- tests_operators::test_wildcard_multi_patterns_double_exact2 stdout ----

thread 'tests_operators::test_wildcard_multi_patterns_double_exact2' (3309989) panicked at src/tests_operators.rs:39:65:
called `Result::unwrap()` on an `Err` value: InvalidJson("at line 1 col 1: garbage char '\"' after top-level object")

---- tests_operators::test_wildcard_multi_patterns_complex1 stdout ----

thread 'tests_operators::test_wildcard_multi_patterns_complex1' (3309986) panicked at src/tests_operators.rs:39:65:
called `Result::unwrap()` on an `Err` value: InvalidJson("at line 1 col 1: garbage char '\"' after top-level object")

---- tests_operators::test_wildcard_multi_patterns_infix_pair stdout ----

thread 'tests_operators::test_wildcard_multi_patterns_infix_pair' (3309992) panicked at src/tests_operators.rs:39:65:
called `Result::unwrap()` on an `Err` value: InvalidJson("at line 1 col 1: garbage char '\"' after top-level object")

---- tests_operators::test_wildcard_multi_patterns_prefix_exact stdout ----

thread 'tests_operators::test_wildcard_multi_patterns_prefix_exact' (3309995) panicked at src/tests_operators.rs:39:65:
called `Result::unwrap()` on an `Err` value: InvalidJson("at line 1 col 1: garbage char '\"' after top-level object")

---- tests_operators::test_wildcard_multi_patterns_overlap2 stdout ----

thread 'tests_operators::test_wildcard_multi_patterns_overlap2' (3309994) panicked at src/tests_operators.rs:39:65:
called `Result::unwrap()` on an `Err` value: InvalidJson("at line 1 col 1: garbage char '\"' after top-level object")

---- tests_operators::test_wildcard_multi_patterns_complex2 stdout ----

thread 'tests_operators::test_wildcard_multi_patterns_complex2' (3309987) panicked at src/tests_operators.rs:39:65:
called `Result::unwrap()` on an `Err` value: InvalidJson("at line 1 col 1: garbage char '\"' after top-level object")

---- tests_operators::test_wildcard_multi_patterns_prefix_suffix stdout ----

thread 'tests_operators::test_wildcard_multi_patterns_prefix_suffix' (3309997) panicked at src/tests_operators.rs:39:65:
called `Result::unwrap()` on an `Err` value: InvalidJson("at line 1 col 1: garbage char '\"' after top-level object")

---- tests_operators::test_wildcard_multi_patterns_prefix_pair stdout ----

thread 'tests_operators::test_wildcard_multi_patterns_prefix_pair' (3309996) panicked at src/tests_operators.rs:39:65:
called `Result::unwrap()` on an `Err` value: InvalidJson("at line 1 col 1: garbage char '\"' after top-level object")

---- tests_operators::test_wildcard_multi_patterns_suffix_double2 stdout ----

thread 'tests_operators::test_wildcard_multi_patterns_suffix_double2' (3310000) panicked at src/tests_operators.rs:39:65:
called `Result::unwrap()` on an `Err` value: InvalidJson("at line 1 col 1: garbage char '\"' after top-level object")

---- tests_operators::test_wildcard_multi_patterns_overlap1 stdout ----

thread 'tests_operators::test_wildcard_multi_patterns_overlap1' (3309993) panicked at src/tests_operators.rs:39:65:
called `Result::unwrap()` on an `Err` value: InvalidJson("at line 1 col 1: garbage char '\"' after top-level object")

---- tests_operators::test_wildcard_multi_patterns_suffix_exact stdout ----

thread 'tests_operators::test_wildcard_multi_patterns_suffix_exact' (3310001) panicked at src/tests_operators.rs:39:65:
called `Result::unwrap()` on an `Err` value: InvalidJson("at line 1 col 1: garbage char '\"' after top-level object")

---- tests_operators::test_wildcard_multi_patterns_suffix_exact2 stdout ----

thread 'tests_operators::test_wildcard_multi_patterns_suffix_exact2' (3310002) panicked at src/tests_operators.rs:39:65:
called `Result::unwrap()` on an `Err` value: InvalidJson("at line 1 col 1: garbage char '\"' after top-level object")

---- tests_operators::test_wildcard_multi_patterns_suffix_double stdout ----

thread 'tests_operators::test_wildcard_multi_patterns_suffix_double' (3309999) panicked at src/tests_operators.rs:39:65:
called `Result::unwrap()` on an `Err` value: InvalidJson("at line 1 col 1: garbage char '\"' after top-level object")

---- tests_operators::test_wildcard_multi_patterns_suffix_infix2 stdout ----

thread 'tests_operators::test_wildcard_multi_patterns_suffix_infix2' (3310004) panicked at src/tests_operators.rs:39:65:
called `Result::unwrap()` on an `Err` value: InvalidJson("at line 1 col 1: garbage char '\"' after top-level object")

---- tests_operators::test_wildcard_multi_patterns_suffix_infix stdout ----

thread 'tests_operators::test_wildcard_multi_patterns_suffix_infix' (3310003) panicked at src/tests_operators.rs:39:65:
called `Result::unwrap()` on an `Err` value: InvalidJson("at line 1 col 1: garbage char '\"' after top-level object")

---- tests_operators::test_wildcard_suffix stdout ----

thread 'tests_operators::test_wildcard_suffix' (3310008) panicked at src/tests_operators.rs:97:5:
called `Result::unwrap()` on an `Err` value: InvalidJson("at line 1 col 1: garbage char '\"' after top-level object")

---- tests_operators::test_wildcard_prefix stdout ----

thread 'tests_operators::test_wildcard_prefix' (3310007) panicked at src/tests_operators.rs:109:5:
called `Result::unwrap()` on an `Err` value: InvalidJson("at line 1 col 1: garbage char '\"' after top-level object")

---- tests_operators::test_wildcard_multi_patterns_prefix_suffix2 stdout ----

thread 'tests_operators::test_wildcard_multi_patterns_prefix_suffix2' (3309998) panicked at src/tests_operators.rs:39:65:
called `Result::unwrap()` on an `Err` value: InvalidJson("at line 1 col 1: garbage char '\"' after top-level object")

---- tests_operators::test_wildcard_multi_patterns_suffix_pair stdout ----

thread 'tests_operators::test_wildcard_multi_patterns_suffix_pair' (3310005) panicked at src/tests_operators.rs:39:65:
called `Result::unwrap()` on an `Err` value: InvalidJson("at line 1 col 1: garbage char '\"' after top-level object")

---- tests_operators::test_wildcard_unicode_strings stdout ----

thread 'tests_operators::test_wildcard_unicode_strings' (3310010) panicked at src/tests_operators.rs:2493:5:
called `Result::unwrap()` on an `Err` value: InvalidJson("at line 1 col 1: garbage char '\"' after top-level object")

---- tests_stress::test_arc_field_matcher_sharing stdout ----

thread 'tests_stress::test_arc_field_matcher_sharing' (3310015) panicked at src/tests_stress.rs:1082:61:
called `Result::unwrap()` on an `Err` value: InvalidJson("at line 1 col 1: garbage char '\"' after top-level object")

---- tests_stress::test_arc_concurrent_read_write stdout ----

thread '<unnamed>' (3310013) panicked at src/tests_stress.rs:233:22:
called `Result::unwrap()` on an `Err` value: InvalidJson("at line 1 col 1: garbage char '\"' after top-level object")

thread '<unnamed>' (3310012) panicked at src/tests_stress.rs:233:22:
called `Result::unwrap()` on an `Err` value: InvalidJson("at line 1 col 1: garbage char '\"' after top-level object")

thread '<unnamed>' (3310014) panicked at src/tests_stress.rs:233:22:
called `Result::unwrap()` on an `Err` value: InvalidJson("at line 1 col 1: garbage char '\"' after top-level object")

thread '<unnamed>' (3310016) panicked at src/tests_stress.rs:233:22:
called `Result::unwrap()` on an `Err` value: InvalidJson("at line 1 col 1: garbage char '\"' after top-level object")

thread 'tests_stress::test_arc_concurrent_read_write' (3310011) panicked at src/tests_stress.rs:242:23:
Thread panicked: Any { .. }

---- tests_stress::test_arc_snapshot_isolation stdout ----

thread 'tests_stress::test_arc_snapshot_isolation' (3310019) panicked at src/tests_stress.rs:173:10:
called `Result::unwrap()` on an `Err` value: InvalidJson("at line 1 col 1: garbage char '\"' after top-level object")

---- tests_operators::test_wildcard_multi_patterns_zero_expansion stdout ----

thread 'tests_operators::test_wildcard_multi_patterns_zero_expansion' (3310006) panicked at src/tests_operators.rs:39:65:
called `Result::unwrap()` on an `Err` value: InvalidJson("at line 1 col 1: garbage char '\"' after top-level object")

---- tests_stress::test_concurrent_miri_friendly stdout ----

thread 'tests_stress::test_concurrent_miri_friendly' (3310022) panicked at src/tests_stress.rs:208:65:
called `Result::unwrap()` on an `Err` value: InvalidJson("at line 1 col 1: garbage char '\"' after top-level object")

---- tests_stress::test_exercise_matching_comprehensive stdout ----

thread 'tests_stress::test_exercise_matching_comprehensive' (3310027) panicked at src/tests_stress.rs:866:9:
called `Result::unwrap()` on an `Err` value: InvalidJson("at line 2 col 9: garbage char '\"' after top-level object")

---- tests_stress::test_concurrent_citylots_stress stdout ----

thread '<unnamed>' (3310024) panicked at src/tests_stress.rs:519:75:
called `Result::unwrap()` on an `Err` value: InvalidJson("at line 1 col 1: garbage char '\"' after top-level object")

thread '<unnamed>' (3310025) panicked at src/tests_stress.rs:519:75:
called `Result::unwrap()` on an `Err` value: InvalidJson("at line 1 col 1: garbage char '\"' after top-level object")

thread '<unnamed>' (3310026) panicked at src/tests_stress.rs:519:75:
called `Result::unwrap()` on an `Err` value: InvalidJson("at line 1 col 1: garbage char '\"' after top-level object")

thread '<unnamed>' (3310028) panicked at src/tests_stress.rs:519:75:
called `Result::unwrap()` on an `Err` value: InvalidJson("at line 1 col 1: garbage char '\"' after top-level object")

thread 'tests_stress::test_concurrent_citylots_stress' (3310021) panicked at src/tests_stress.rs:527:23:
Thread panicked: Any { .. }

---- tests_stress::test_arc_pattern_lifecycle stdout ----

thread '<unnamed>' (3310029) panicked at src/tests_stress.rs:270:75:
called `Result::unwrap()` on an `Err` value: InvalidJson("at line 1 col 1: garbage char '\"' after top-level object")

thread '<unnamed>' (3310030) panicked at src/tests_stress.rs:270:75:
called `Result::unwrap()` on an `Err` value: InvalidJson("at line 1 col 1: garbage char '\"' after top-level object")

thread '<unnamed>' (3310031) panicked at src/tests_stress.rs:270:75:
called `Result::unwrap()` on an `Err` value: InvalidJson("at line 1 col 1: garbage char '\"' after top-level object")

thread '<unnamed>' (3310032) panicked at src/tests_stress.rs:270:75:
called `Result::unwrap()` on an `Err` value: InvalidJson("at line 1 col 1: garbage char '\"' after top-level object")

thread 'tests_stress::test_arc_pattern_lifecycle' (3310018) panicked at src/tests_stress.rs:278:23:
Thread panicked: Any { .. }

---- tests_stress::test_exercise_matching_miri_friendly stdout ----

thread 'tests_stress::test_exercise_matching_miri_friendly' (3310033) panicked at src/tests_stress.rs:933:9:
called `Result::unwrap()` on an `Err` value: InvalidJson("at line 2 col 9: garbage char '\"' after top-level object")

---- tests_stress::test_bulk_add_correctness stdout ----

thread 'tests_stress::test_bulk_add_correctness' (3310020) panicked at src/tests_stress.rs:548:9:
called `Result::unwrap()` on an `Err` value: InvalidJson("at line 1 col 1: garbage char '\"' after top-level object")

---- tests_stress::test_json_escape_all_eight stdout ----

thread 'tests_stress::test_json_escape_all_eight' (3310035) panicked at src/tests_stress.rs:308:5:
called `Result::unwrap()` on an `Err` value: InvalidJson("at line 1 col 1: garbage char '\"' after top-level object")

---- tests_stress::test_memory_cleanup_miri_friendly stdout ----

thread 'tests_stress::test_memory_cleanup_miri_friendly' (3310036) panicked at src/tests_stress.rs:433:5:
called `Result::unwrap()` on an `Err` value: InvalidJson("at line 1 col 1: garbage char '\"' after top-level object")

---- tests_stress::test_multiple_patterns_same_id_comprehensive stdout ----

thread 'tests_stress::test_multiple_patterns_same_id_comprehensive' (3310037) panicked at src/tests_stress.rs:586:5:
called `Result::unwrap()` on an `Err` value: InvalidJson("at line 1 col 1: garbage char '\"' after top-level object")

---- tests_stress::test_numbits_ordering_through_range stdout ----

thread 'tests_stress::test_numbits_ordering_through_range' (3310039) panicked at src/tests_stress.rs:395:5:
called `Result::unwrap()` on an `Err` value: InvalidJson("at line 1 col 1: garbage char '\"' after top-level object")

---- tests_stress::test_numbits_through_numeric_matching stdout ----

thread 'tests_stress::test_numbits_through_numeric_matching' (3310040) panicked at src/tests_stress.rs:384:9:
called `Result::unwrap()` on an `Err` value: InvalidJson("at line 1 col 1: garbage char '\"' after top-level object")

---- tests_stress::test_multiple_shellstyle_citylots_patterns stdout ----

thread 'tests_stress::test_multiple_shellstyle_citylots_patterns' (3310038) panicked at src/tests_stress.rs:725:17:
called `Result::unwrap()` on an `Err` value: InvalidJson("at line 1 col 1: garbage char '\"' after top-level object")

---- tests_stress::test_arc_memory_cleanup stdout ----

thread 'tests_stress::test_arc_memory_cleanup' (3310017) panicked at src/tests_stress.rs:477:14:
called `Result::unwrap()` on an `Err` value: InvalidJson("at line 1 col 1: garbage char '\"' after top-level object")

---- tests_stress::test_pathological_correctness_miri_friendly stdout ----

thread 'tests_stress::test_pathological_correctness_miri_friendly' (3310042) panicked at src/tests_stress.rs:1275:61:
called `Result::unwrap()` on an `Err` value: InvalidJson("at line 1 col 1: garbage char '\"' after top-level object")

---- tests_operators::test_cidr_ipv4_various_prefixes stdout ----

thread 'tests_operators::test_cidr_ipv4_various_prefixes' (3309869) panicked at src/tests_operators.rs:2941:5:
called `Result::unwrap()` on an `Err` value: InvalidJson("at line 1 col 1: garbage char '\"' after top-level object")

---- tests_stress::test_unicode_escape_mixed_codepoints stdout ----

thread 'tests_stress::test_unicode_escape_mixed_codepoints' (3310047) panicked at src/tests_stress.rs:650:5:
called `Result::unwrap()` on an `Err` value: InvalidJson("at line 1 col 1: garbage char '\"' after top-level object")

---- tests_stress::test_unicode_escape_multiple_emojis stdout ----

thread 'tests_stress::test_unicode_escape_multiple_emojis' (3310048) panicked at src/tests_stress.rs:632:5:
called `Result::unwrap()` on an `Err` value: InvalidJson("at line 1 col 1: garbage char '\"' after top-level object")

---- tests_stress::test_unicode_escape_standard_escapes stdout ----

thread 'tests_stress::test_unicode_escape_standard_escapes' (3310049) panicked at src/tests_stress.rs:667:5:
called `Result::unwrap()` on an `Err` value: InvalidJson("at line 1 col 1: garbage char '\"' after top-level object")

---- tests_stress::test_unicode_field_names stdout ----

thread 'tests_stress::test_unicode_field_names' (3310050) panicked at src/tests_stress.rs:363:5:
called `Result::unwrap()` on an `Err` value: InvalidJson("at line 1 col 1: garbage char '\"' after top-level object")

---- tests_stress::test_unicode_field_names_surrogate_pairs stdout ----

thread 'tests_stress::test_unicode_field_names_surrogate_pairs' (3310051) panicked at src/tests_stress.rs:739:5:
called `Result::unwrap()` on an `Err` value: InvalidJson("at line 1 col 1: garbage char '\"' after top-level object")

---- tests_stress::test_unicode_member_names stdout ----

thread 'tests_stress::test_unicode_member_names' (3310052) panicked at src/tests_stress.rs:353:5:
called `Result::unwrap()` on an `Err` value: InvalidJson("at line 1 col 1: garbage char '\"' after top-level object")

---- tests_stress::test_utf16_surrogate_pairs stdout ----

thread 'tests_stress::test_utf16_surrogate_pairs' (3310053) panicked at src/tests_stress.rs:293:5:
called `Result::unwrap()` on an `Err` value: InvalidJson("at line 1 col 1: garbage char '\"' after top-level object")

---- tests_stress::test_pathological_correctness stdout ----

thread 'tests_stress::test_pathological_correctness' (3310041) panicked at src/tests_stress.rs:1248:61:
called `Result::unwrap()` on an `Err` value: InvalidJson("at line 1 col 1: garbage char '\"' after top-level object")

---- tests_stress::test_pattern_insertion_scales_linearly stdout ----

thread 'tests_stress::test_pattern_insertion_scales_linearly' (3310043) panicked at src/tests_stress.rs:1149:14:
called `Result::unwrap()` on an `Err` value: InvalidJson("at line 1 col 1: garbage char '\"' after top-level object")

---- tests_stress::test_stress_fuzz_strings stdout ----

thread 'tests_stress::test_stress_fuzz_strings' (3310046) panicked at src/tests_stress.rs:57:9:
called `Result::unwrap()` on an `Err` value: InvalidJson("at line 1 col 1: garbage char '\"' after top-level object")

---- tests_stress::test_stress_fuzz_numbers stdout ----

thread 'tests_stress::test_stress_fuzz_numbers' (3310045) panicked at src/tests_stress.rs:109:9:
called `Result::unwrap()` on an `Err` value: InvalidJson("at line 1 col 1: garbage char '\"' after top-level object")

---- tests_stress::test_concurrent_update_during_matching stdout ----

thread 'tests_stress::test_concurrent_update_during_matching' (3310023) panicked at src/tests_stress.rs:1014:18:
matches_for_event failed: InvalidJson("at line 1 col 1: garbage char '\"' after top-level object")


failures:
    flatten_json::tests::test_array_simple
    flatten_json::tests::test_early_termination
    flatten_json::tests::test_empty_object
    flatten_json::tests::test_error_truncated_object
    flatten_json::tests::test_escape_sequences
    flatten_json::tests::test_nested_object
    flatten_json::tests::test_number_value
    flatten_json::tests::test_simple_object
    flatten_json::tests::test_skip_array
    flatten_json::tests::test_skip_nested_object
    flatten_json::tests::test_skips_unused_fields
    flatten_json::tests::test_state_reuse
    flatten_json::tests::test_unicode_escape
    tests_core::test_and_across_fields
    tests_core::test_arena_stats_workloads
    tests_core::test_array_cross_element_comprehensive
    tests_core::test_array_cross_element_matching
    tests_core::test_array_element_matching
    tests_core::test_auto_rebuild_disabled
    tests_core::test_auto_rebuild_disabled_miri_friendly
    tests_core::test_bad_event_error_handling
    tests_core::test_boolean_match
    tests_core::test_builder_combined_options
    tests_core::test_builder_generic_type
    tests_core::test_clone_for_snapshot
    tests_core::test_count_matches
    tests_core::test_deeply_nested
    tests_core::test_delete_multi_pattern_id_removes_all
    tests_core::test_delete_patterns
    tests_core::test_empty_matcher_returns_no_matches
    tests_core::test_exact_match
    tests_core::test_exists_false
    tests_core::test_exists_true
    tests_core::test_exists_with_empty_array
    tests_core::test_field_name_ordering_with_exists
    tests_core::test_flatten_only_returns_field_count
    tests_core::test_flatten_only_single_field
    tests_core::test_flatten_only_untracked_fields_ignored
    tests_core::test_has_matches
    tests_core::test_idempotent_add_and_delete
    tests_core::test_json_flattener_through_trait
    tests_core::test_matcher_correct_after_rejected_pattern
    tests_core::test_mixed_number_and_string_in_same_value_array
    tests_core::test_mixed_string_and_number_patterns_same_digits
    tests_core::test_multiple_patterns_same_id
    tests_core::test_nested_object_pattern
    tests_core::test_no_match
    tests_core::test_null_match
    tests_core::test_numeric_match
    tests_core::test_numeric_pattern_should_not_match_string_event
    tests_core::test_numeric_variant_matching
    tests_core::test_or_within_field
    tests_core::test_pruner_stats
    tests_core::test_rebuild_after_delete
    tests_core::test_rebuild_zero_filtered_denominator
    tests_core::test_same_pattern_id_multiple_value_types
    tests_core::test_should_rebuild_threshold
    tests_core::test_state_limit_default_allows_normal_patterns
    tests_core::test_string_number_type_distinction
    tests_operators::test_anything_but
    tests_operators::test_anything_but_numeric
    tests_operators::test_anything_but_numeric_array
    tests_operators::test_anything_but_numeric_float
    tests_operators::test_anything_but_numeric_single
    tests_operators::test_anything_but_prefix_relationship
    tests_operators::test_anything_but_single_string
    tests_operators::test_anything_but_with_exact_match
    tests_operators::test_anything_but_with_overlapping_exclusions
    tests_operators::test_anything_but_with_shellstyle
    tests_operators::test_anything_but_wordle_words
    tests_operators::test_cidr_ipv4_basic
    tests_operators::test_cidr_ipv4_prefix_mask_boundary
    tests_operators::test_cidr_ipv4_prefix_various_lengths
    tests_operators::test_cidr_ipv4_various_prefixes
    tests_operators::test_cidr_ipv6_basic
    tests_operators::test_cidr_ipv6_double_colon_variations
    tests_operators::test_cidr_ipv6_group_limit
    tests_operators::test_cidr_ipv6_shorthand
    tests_operators::test_cidr_miri_lightweight
    tests_operators::test_cidr_non_ip_values
    tests_operators::test_cidr_with_other_matchers
    tests_operators::test_empty_regex_matches_empty_string
    tests_operators::test_equals_ignore_case
    tests_operators::test_equals_ignore_case_length_boundaries
    tests_operators::test_equals_ignore_case_multiple_patterns
    tests_operators::test_equals_ignore_case_unicode
    tests_operators::test_equals_ignore_case_with_exact_match
    tests_operators::test_exact_added_before_lookahead_on_same_field
    tests_operators::test_exists_false_ordering
    tests_operators::test_json_all_escape_sequences
    tests_operators::test_json_escape_sequences
    tests_operators::test_lookahead_with_exact_on_same_field
    tests_operators::test_lookaround_buffer_reuse_no_stale_state
    tests_operators::test_lookaround_buffer_reuse_no_stale_state_miri_friendly
    tests_operators::test_lookaround_multiple_conditions_no_cross_contamination
    tests_operators::test_lookaround_multiple_conditions_no_cross_contamination_miri_friendly
    tests_operators::test_lookaround_primary_match
    tests_operators::test_lookaround_transformation
    tests_operators::test_lookbehind_match
    tests_operators::test_multiple_overlapping_shellstyle_patterns
    tests_operators::test_multiple_shellstyle_same_field
    tests_operators::test_negative_lookahead_match
    tests_operators::test_negative_lookbehind_match
    tests_operators::test_nested_transmap_safety
    tests_operators::test_nested_transmap_safety_miri_friendly
    tests_operators::test_numeric_equals
    tests_operators::test_numeric_greater_than
    tests_operators::test_numeric_range
    tests_operators::test_numeric_scientific_notation
    tests_operators::test_nwb_start_nonword
    tests_operators::test_nwb_underscore_is_word_char
    tests_operators::test_nwb_word_to_word
    tests_operators::test_overlapping_exact_match_patterns
    tests_operators::test_overlapping_shellstyle_nesting
    tests_operators::test_overlapping_shellstyle_nesting_miri_friendly
    tests_operators::test_positive_lookahead_match
    tests_operators::test_prefix_match
    tests_operators::test_regex_alternation
    tests_operators::test_regex_character_class
    tests_operators::test_regex_match
    tests_operators::test_regex_various_patterns
    tests_operators::test_regex_with_escape
    tests_operators::test_regexp_end2end
    tests_operators::test_regexp_simple_optional
    tests_operators::test_shellstyle_complex_wildcards
    tests_operators::test_shellstyle_contains
    tests_operators::test_shellstyle_contains_negative
    tests_operators::test_shellstyle_double_wildcard
    tests_operators::test_shellstyle_double_wildcard_variations
    tests_operators::test_shellstyle_duplicate_pattern
    tests_operators::test_shellstyle_infix
    tests_operators::test_shellstyle_long_case
    tests_operators::test_shellstyle_multiple_wildcards
    tests_operators::test_shellstyle_prefix
    tests_operators::test_shellstyle_prefix_negative
    tests_operators::test_shellstyle_repeated_sequences
    tests_operators::test_shellstyle_ruler_negative_cases
    tests_operators::test_shellstyle_subset_overlap_same_field
    tests_operators::test_shellstyle_suffix
    tests_operators::test_shellstyle_suffix_merged_bug
    tests_operators::test_shellstyle_suffix_negative
    tests_operators::test_shellstyle_suffix_with_space
    tests_operators::test_shellstyle_zero_length_prefix
    tests_operators::test_singleton_hit_and_multi_condition_hit_same_value
    tests_operators::test_suffix
    tests_operators::test_three_level_nesting
    tests_operators::test_three_level_nesting_miri_friendly
    tests_operators::test_unicode_escape_emoji
    tests_operators::test_unicode_escape_in_event
    tests_operators::test_wb_digit_to_space
    tests_operators::test_wb_end_non_word_char
    tests_operators::test_wb_end_word_char
    tests_operators::test_wb_middle_nonword_to_word
    tests_operators::test_wb_middle_word_to_nonword
    tests_operators::test_wb_optional_quantifier
    tests_operators::test_wb_plus_quantifier
    tests_operators::test_wb_range_quantifier
    tests_operators::test_wb_start_non_word_char
    tests_operators::test_wb_start_word_char
    tests_operators::test_wb_utf8_emoji_boundary
    tests_operators::test_wb_utf8_multibyte
    tests_operators::test_wb_utf8_nonword_to_word
    tests_operators::test_wb_whole_word_at_end
    tests_operators::test_wb_whole_word_at_start
    tests_operators::test_wb_whole_word_match
    tests_operators::test_wb_whole_word_no_match
    tests_operators::test_wb_whole_word_only
    tests_operators::test_wb_with_char_class
    tests_operators::test_wb_with_dot
    tests_operators::test_wildcard_comprehensive
    tests_operators::test_wildcard_contains
    tests_operators::test_wildcard_escape_backslash
    tests_operators::test_wildcard_escape_backslash_star
    tests_operators::test_wildcard_escape_backslash_wildcard
    tests_operators::test_wildcard_escape_sequences_comprehensive
    tests_operators::test_wildcard_escape_star
    tests_operators::test_wildcard_matches_empty_string
    tests_operators::test_wildcard_multi_patterns_basic
    tests_operators::test_wildcard_multi_patterns_complex1
    tests_operators::test_wildcard_multi_patterns_complex2
    tests_operators::test_wildcard_multi_patterns_double_exact
    tests_operators::test_wildcard_multi_patterns_double_exact2
    tests_operators::test_wildcard_multi_patterns_infix_exact
    tests_operators::test_wildcard_multi_patterns_infix_exact2
    tests_operators::test_wildcard_multi_patterns_infix_pair
    tests_operators::test_wildcard_multi_patterns_overlap1
    tests_operators::test_wildcard_multi_patterns_overlap2
    tests_operators::test_wildcard_multi_patterns_prefix_exact
    tests_operators::test_wildcard_multi_patterns_prefix_pair
    tests_operators::test_wildcard_multi_patterns_prefix_suffix
    tests_operators::test_wildcard_multi_patterns_prefix_suffix2
    tests_operators::test_wildcard_multi_patterns_suffix_double
    tests_operators::test_wildcard_multi_patterns_suffix_double2
    tests_operators::test_wildcard_multi_patterns_suffix_exact
    tests_operators::test_wildcard_multi_patterns_suffix_exact2
    tests_operators::test_wildcard_multi_patterns_suffix_infix
    tests_operators::test_wildcard_multi_patterns_suffix_infix2
    tests_operators::test_wildcard_multi_patterns_suffix_pair
    tests_operators::test_wildcard_multi_patterns_zero_expansion
    tests_operators::test_wildcard_prefix
    tests_operators::test_wildcard_suffix
    tests_operators::test_wildcard_unicode_strings
    tests_stress::test_arc_concurrent_read_write
    tests_stress::test_arc_field_matcher_sharing
    tests_stress::test_arc_memory_cleanup
    tests_stress::test_arc_pattern_lifecycle
    tests_stress::test_arc_snapshot_isolation
    tests_stress::test_bulk_add_correctness
    tests_stress::test_concurrent_citylots_stress
    tests_stress::test_concurrent_miri_friendly
    tests_stress::test_concurrent_update_during_matching
    tests_stress::test_exercise_matching_comprehensive
    tests_stress::test_exercise_matching_miri_friendly
    tests_stress::test_json_escape_all_eight
    tests_stress::test_memory_cleanup_miri_friendly
    tests_stress::test_multiple_patterns_same_id_comprehensive
    tests_stress::test_multiple_shellstyle_citylots_patterns
    tests_stress::test_numbits_ordering_through_range
    tests_stress::test_numbits_through_numeric_matching
    tests_stress::test_pathological_correctness
    tests_stress::test_pathological_correctness_miri_friendly
    tests_stress::test_pattern_insertion_scales_linearly
    tests_stress::test_stress_fuzz_numbers
    tests_stress::test_stress_fuzz_strings
    tests_stress::test_unicode_escape_mixed_codepoints
    tests_stress::test_unicode_escape_multiple_emojis
    tests_stress::test_unicode_escape_standard_escapes
    tests_stress::test_unicode_field_names
    tests_stress::test_unicode_field_names_surrogate_pairs
    tests_stress::test_unicode_member_names
    tests_stress::test_utf16_surrogate_pairs

test result: FAILED. 419 passed; 231 failed; 1 ignored; 0 measured; 0 filtered out; finished in 6.64s

error: test failed, to rerun pass `-p quamina --lib`

*** result: Failure(101)
